date,open,high,low,close,volume,ticker,ingested_at
2024-01-02,183.7313232421875,186.50253778362813,181.99931604152513,185.22579259007347,82488700,AAPL,2026-04-10 21:05:35.275291
2024-01-03,182.35560607910156,183.96885182302105,181.5440297827802,182.32591573673892,58414500,AAPL,2026-04-10 21:05:35.275291
2024-01-04,180.0396728515625,181.2075332827541,179.02026413555495,180.277195595857,71983600,AAPL,2026-04-10 21:05:35.275291
2024-01-05,179.317138671875,180.8808952614232,178.31752871293088,180.1188231104021,62379700,AAPL,2026-04-10 21:05:35.275291
2024-01-08,183.65213012695312,183.6917273170526,179.63387614033877,180.21780632812883,59144500,AAPL,2026-04-10 21:05:35.275291
2024-01-09,183.23643493652344,183.24632668227045,180.8512103460259,182.0289774717032,42841800,AAPL,2026-04-10 21:05:35.275291
2024-01-10,184.27565002441406,184.48348240733844,182.02898528742006,182.45457200324566,46792900,AAPL,2026-04-10 21:05:35.275291
2024-01-11,183.68179321289062,185.12678839904137,181.7320471921432,184.62202246254375,49128400,AAPL,2026-04-10 21:05:35.275291
2024-01-12,184.00843811035156,184.82001442518902,183.28594792653803,184.14699807850627,40477800,AAPL,2026-04-10 21:05:35.275291
2024-01-16,181.7419891357422,182.3655014396163,179.06973745492456,180.28710192352952,65603000,AAPL,2026-04-10 21:05:35.275291
2024-01-17,180.80174255371094,181.04917214343425,178.44622312883942,179.40625114511818,47317400,AAPL,2026-04-10 21:05:35.275291
2024-01-18,186.6905517578125,187.19530261085842,183.91933773499053,184.17665903424702,78005800,AAPL,2026-04-10 21:05:35.275291
2024-01-19,189.59042358398438,189.97641309339812,186.87860527237555,187.3833561379468,68903000,AAPL,2026-04-10 21:05:35.275291
2024-01-22,191.89646911621094,193.3216657993532,190.28322355100102,190.32282073770045,60133900,AAPL,2026-04-10 21:05:35.275291
2024-01-23,193.1732177734375,193.73736447446063,191.83710707958323,193.01487431695855,42355600,AAPL,2026-04-10 21:05:35.275291
2024-01-24,192.50021362304688,194.36088890095834,192.34185506707502,193.41075266703035,53631300,AAPL,2026-04-10 21:05:35.275291
2024-01-25,192.173583984375,194.251998276528,191.12448509283354,193.2127911304515,54822100,AAPL,2026-04-10 21:05:35.275291
2024-01-26,190.4416046142578,192.75754194727924,189.9665440310004,192.2725896171282,44594000,AAPL,2026-04-10 21:05:35.275291
2024-01-29,189.75868225097656,190.22385105233468,187.63079398239137,190.03580216218106,47145600,AAPL,2026-04-10 21:05:35.275291
2024-01-30,186.1066131591797,189.82796344587697,185.54248160944437,188.9768051464624,55859400,AAPL,2026-04-10 21:05:35.275291
2024-01-31,182.50404357910156,185.17629499887522,182.45456974695213,185.11689921687164,55467800,AAPL,2026-04-10 21:05:35.275291
2024-02-01,184.9387664794922,185.02783750412453,181.93002942176474,182.0982797244824,64885400,AAPL,2026-04-10 21:05:35.275291
2024-02-02,183.93917846679688,185.4039575322669,177.40703070953327,178.01075956316492,102551700,AAPL,2026-04-10 21:05:35.275291
2024-02-05,185.7503204345703,187.30418539055444,183.9292424150712,186.21548923655902,69668800,AAPL,2026-04-10 21:05:35.275291
2024-02-06,187.35366821289062,187.36355995873058,184.8496822422945,184.93875326056028,43490800,AAPL,2026-04-10 21:05:35.275291
2024-02-07,187.46255493164062,189.0856924097343,186.67077723703076,188.67990426473503,53439000,AAPL,2026-04-10 21:05:35.275291
2024-02-08,186.3837432861328,187.5911856262693,185.42371540021887,187.44273393335544,40962000,AAPL,2026-04-10 21:05:35.275291
2024-02-09,187.14682006835938,188.27653811843788,186.30447993507684,186.9486117161699,45155200,AAPL,2026-04-10 21:05:35.275291
2024-02-12,185.4621124267578,186.96840797825126,185.10535861511914,186.72066269575697,41781900,AAPL,2026-04-10 21:05:35.275291
2024-02-13,183.37115478515625,184.53061609699293,181.85495475727518,184.0945819491523,56529500,AAPL,2026-04-10 21:05:35.275291
2024-02-14,182.48919677734375,183.85675578337245,180.79462725534452,183.64865818230027,54630500,AAPL,2026-04-10 21:05:35.275291
2024-02-15,182.20181274414062,182.82613576875198,179.71445525689393,181.8946109768474,65434500,AAPL,2026-04-10 21:05:35.275291
2024-02-16,180.66578674316406,183.18288755084293,180.03155935687485,181.76577652013776,49752500,AAPL,2026-04-10 21:05:35.275291
2024-02-20,179.92257690429688,180.7847258659811,178.37664837113516,180.15049838773075,53665600,AAPL,2026-04-10 21:05:35.275291
2024-02-21,180.67568969726562,181.24054108716462,179.03065736673128,180.29911202321813,41371400,AAPL,2026-04-10 21:05:35.275291
2024-02-22,182.7071990966797,183.29188949706392,180.8144364958238,181.82522643308513,52292200,AAPL,2026-04-10 21:05:35.275291
2024-02-23,180.8739013671875,183.3711632214272,180.58650833781007,183.34143499372246,45119700,AAPL,2026-04-10 21:05:35.275291
2024-02-26,179.5261688232422,181.11172976770854,179.02075870271764,180.59643039937333,40867400,AAPL,2026-04-10 21:05:35.275291
2024-02-27,180.98291015625,182.26126931281985,177.94059046680667,179.46671005654383,54318900,AAPL,2026-04-10 21:05:35.275291
2024-02-28,179.7838134765625,181.46847854843006,178.50545433930714,180.8639793914523,48953900,AAPL,2026-04-10 21:05:35.275291
2024-02-29,179.11985778808594,180.92345088953732,177.9108594746495,179.63517226295397,136682600,AAPL,2026-04-10 21:05:35.275291
2024-03-01,178.03968811035156,178.90183692569335,175.78025215753124,177.93067957222544,73563100,AAPL,2026-04-10 21:05:35.275291
2024-03-04,173.5207977294922,175.3045516235648,172.22259977869518,174.56131579397731,81510100,AAPL,2026-04-10 21:05:35.275291
2024-03-05,168.58572387695312,170.48840604509627,168.0902332564625,169.21995126633416,95132400,AAPL,2026-04-10 21:05:35.275291
2024-03-06,167.59474182128906,169.69563232435493,167.15870765798908,169.5172478388351,68587700,AAPL,2026-04-10 21:05:35.275291
2024-03-07,167.475830078125,169.1902233947002,166.97043508778398,167.62447121611535,71765100,AAPL,2026-04-10 21:05:35.275291
2024-03-08,169.19021606445312,172.13343143853632,167.41636636953461,167.4758228221548,76267000,AAPL,2026-04-10 21:05:35.275291
2024-03-11,171.19200134277344,172.8073055285168,170.49831753088682,171.3802901891083,60139500,AAPL,2026-04-10 21:05:35.275291
2024-03-12,171.6676788330078,172.4604668624585,169.4676992338398,171.58839851794536,59825400,AAPL,2026-04-10 21:05:35.275291
2024-03-13,169.58663940429688,171.62805851944387,169.2199660307435,171.21184817645832,52488700,AAPL,2026-04-10 21:05:35.275291
2024-03-14,171.43975830078125,172.73794133442243,170.49832912625453,171.35057361629615,72913500,AAPL,2026-04-10 21:05:35.275291
2024-03-15,171.0631866455078,171.0631866455078,168.75419840900892,169.6262667891251,121752700,AAPL,2026-04-10 21:05:35.275291
2024-03-18,172.15325927734375,176.107279800922,171.95506605696912,173.98658058844927,75604200,AAPL,2026-04-10 21:05:35.275291
2024-03-19,174.4919891357422,175.0172080151,171.46949314620932,172.76767622994936,55215200,AAPL,2026-04-10 21:05:35.275291
2024-03-20,177.05860900878906,177.05860900878906,173.51089450186836,174.1352174960067,53423100,AAPL,2026-04-10 21:05:35.275291
2024-03-21,169.824462890625,175.88927881289044,169.29924400405602,175.45324461547284,106181300,AAPL,2026-04-10 21:05:35.275291
2024-03-22,170.72622680664062,171.48928650593083,168.52624750200687,170.21091238831212,71160100,AAPL,2026-04-10 21:05:35.275291
2024-03-25,169.3091583251953,170.38932429506946,167.92177545566648,169.0316847755244,54288300,AAPL,2026-04-10 21:05:35.275291
2024-03-26,168.179443359375,169.8740129173693,168.05061095138228,168.46682128354186,57388400,AAPL,2026-04-10 21:05:35.275291
2024-03-27,171.7469482421875,172.0343412561863,168.575811446925,168.87310882923745,60273300,AAPL,2026-04-10 21:05:35.275291
2024-03-28,169.93345642089844,170.67669234048742,168.97220342186947,170.20102558587905,65672700,AAPL,2026-04-10 21:05:35.275291
2024-04-01,168.49652099609375,169.70551918920845,167.95147834818596,169.64606274055888,46240500,AAPL,2026-04-10 21:05:35.275291
2024-04-02,167.3172607421875,167.81275133793278,166.71276161053132,167.55510167176752,49329500,AAPL,2026-04-10 21:05:35.275291
2024-04-03,168.1199493408203,169.14065873561202,167.05960735256843,167.26770493028647,47691700,AAPL,2026-04-10 21:05:35.275291
2024-04-04,167.29747009277344,170.3695030458197,167.29747009277344,168.75419869027797,53704400,AAPL,2026-04-10 21:05:35.275291
2024-04-05,168.05059814453125,168.85329051832247,167.42627513328318,168.06050251317026,42104800,AAPL,2026-04-10 21:05:35.275291
2024-04-08,166.9307861328125,167.67402205960258,166.72268854116854,167.50555706407098,37425500,AAPL,2026-04-10 21:05:35.275291
2024-04-09,168.13978576660156,168.5460917055098,166.83169838821917,167.17853275073267,42373800,AAPL,2026-04-10 21:05:35.275291
2024-04-10,166.26683044433594,167.5650134431552,165.60287483124418,167.27763553824258,49709300,AAPL,2026-04-10 21:05:35.275291
2024-04-11,173.46136474609375,173.877590209879,166.64342350182488,166.82179288243998,91070300,AAPL,2026-04-10 21:05:35.275291
2024-04-12,174.95774841308594,176.7514221146486,172.63885584160187,172.68839280877705,101670900,AAPL,2026-04-10 21:05:35.275291
2024-04-15,171.13255310058594,175.0370216134587,170.94426424521788,173.77847120218846,73531800,AAPL,2026-04-10 21:05:35.275291
2024-04-16,167.85240173339844,172.19288913903023,166.7524119884344,170.20102235595408,73711200,AAPL,2026-04-10 21:05:35.275291
2024-04-17,166.48483276367188,169.1109267558204,166.48483276367188,168.08031301583728,50901200,AAPL,2026-04-10 21:05:35.275291
2024-04-18,165.5334930419922,167.11906901091456,165.0479219314042,166.51456987389489,43122900,AAPL,2026-04-10 21:05:35.275291
2024-04-19,163.51190185546875,164.89926951971245,162.6002009445124,164.7109957890585,68149400,AAPL,2026-04-10 21:05:35.275291
2024-04-22,164.34432983398438,165.75152141981465,163.28398774037723,164.0272236912775,48116400,AAPL,2026-04-10 21:05:35.275291
2024-04-23,165.39479064941406,165.5434469330526,163.43265169903057,163.85878156671623,49537800,AAPL,2026-04-10 21:05:35.275291
2024-04-24,167.4956512451172,167.77312477902248,164.71099641624178,165.03800691456527,48251800,AAPL,2026-04-10 21:05:35.275291
2024-04-25,168.35781860351562,169.07132637527934,166.63350563489078,168.00106471763377,50558300,AAPL,2026-04-10 21:05:35.275291
2024-04-26,167.7731170654297,169.79471202253325,167.6541890412428,168.3478879652858,44838400,AAPL,2026-04-10 21:05:35.275291
2024-04-29,171.93524169921875,174.44242297655094,171.53885525962073,171.80640930182136,68169400,AAPL,2026-04-10 21:05:35.275291
2024-04-30,168.79383850097656,173.41181476528868,168.46681287321124,171.76678225756265,65934800,AAPL,2026-04-10 21:05:35.275291
2024-05-01,167.7731170654297,171.15236652369296,167.58482822154218,168.05059058657778,50383100,AAPL,2026-04-10 21:05:35.275291
2024-05-02,171.469482421875,171.8559644998941,169.34878317714927,170.95416794412498,94214900,AAPL,2026-04-10 21:05:35.275291
2024-05-03,181.7261505126953,185.313497878847,181.01264278710423,184.9666483851495,163224100,AAPL,2026-04-10 21:05:35.275291
2024-05-06,180.0712127685547,182.53874644704828,178.79283846563771,180.70544017490002,78569700,AAPL,2026-04-10 21:05:35.275291
2024-05-07,180.75497436523438,183.23242749590466,179.68472791941784,181.79550770435065,77305800,AAPL,2026-04-10 21:05:35.275291
2024-05-08,181.09190368652344,181.41892928578648,179.81352951475225,181.20091221961113,45057100,AAPL,2026-04-10 21:05:35.275291
2024-05-09,182.90541076660156,182.99459544718977,180.4675903156434,180.91352883975787,48983000,AAPL,2026-04-10 21:05:35.275291
2024-05-10,181.64515686035156,183.66949389545601,180.7322193628195,183.48094965782863,50759500,AAPL,2026-04-10 21:05:35.275291
2024-05-13,184.85037231445312,185.6640864017181,183.20310853414878,184.01682262141375,72044800,AAPL,2026-04-10 21:05:35.275291
2024-05-14,185.9915313720703,186.8548647149755,184.8602810891409,186.07091921634225,52393600,AAPL,2026-04-10 21:05:35.275291
2024-05-15,188.26397705078125,189.18683240943687,185.9320062923224,186.46787049037354,70400000,AAPL,2026-04-10 21:05:35.275291
2024-05-16,188.38304138183594,189.6333810173086,188.2044300863017,189.00821119957226,52845200,AAPL,2026-04-10 21:05:35.275291
2024-05-17,188.41281127929688,189.34559954047234,187.72810435814964,188.0555735439889,41282900,AAPL,2026-04-10 21:05:35.275291
2024-05-20,189.57382202148438,190.44707314635468,187.5594028379898,187.87695420764547,44361300,AAPL,2026-04-10 21:05:35.275291
2024-05-21,190.873779296875,191.25085261805762,189.4547462309282,189.62343971650407,42309400,AAPL,2026-04-10 21:05:35.275291
2024-05-22,189.43490600585938,191.3401840301744,188.8097513226368,190.79440205142186,34648500,AAPL,2026-04-10 21:05:35.275291
2024-05-23,185.4457550048828,189.5341303535584,185.1976736824305,189.5142796080912,51005900,AAPL,2026-04-10 21:05:35.275291
2024-05-24,188.52197265625,189.11737394472448,186.59685898409072,187.37088671578107,36327000,AAPL,2026-04-10 21:05:35.275291
2024-05-28,188.53187561035156,191.51876909707792,187.6487067626696,190.04019905563405,52280100,AAPL,2026-04-10 21:05:35.275291
2024-05-29,188.82958984375,190.7745542503335,188.05557725890648,188.15481585355153,53068000,AAPL,2026-04-10 21:05:35.275291
2024-05-30,189.8218994140625,190.70506832278696,189.16697622567534,189.29596821795033,49889100,AAPL,2026-04-10 21:05:35.275291
2024-05-31,190.77456665039062,191.09211806054816,188.45252874493116,189.9707854632458,75158300,AAPL,2026-04-10 21:05:35.275291
2024-06-03,192.54087829589844,193.49351725389894,191.04247253185534,191.41954585254337,50080500,AAPL,2026-04-10 21:05:35.275291
2024-06-04,192.85842895507812,193.82098571162214,191.54855228534223,193.14619663099631,47471400,AAPL,2026-04-10 21:05:35.275291
2024-06-05,194.3667755126953,195.38886948576234,193.37445009094603,193.9003813531384,54156800,AAPL,2026-04-10 21:05:35.275291
2024-06-06,192.98744201660156,194.99194358986873,192.679823561343,194.1881624282746,41181800,AAPL,2026-04-10 21:05:35.275291
2024-06-07,195.37892150878906,195.42854080055034,192.65002702042116,193.15610745634936,53103900,AAPL,2026-04-10 21:05:35.275291
2024-06-10,191.63784790039062,195.7857753291456,190.67529119421684,195.38883614317194,97010200,AAPL,2026-04-10 21:05:35.275291
2024-06-11,205.56019592285156,205.57012886730556,192.14396771907968,192.1638033246204,172373300,AAPL,2026-04-10 21:05:35.275291
2024-06-12,211.43475341796875,218.51002232587345,205.3120931521647,205.7784872423207,198134300,AAPL,2026-04-10 21:05:35.275291
2024-06-13,212.5957794189453,215.08651049080893,209.97604121171418,213.09194207290335,97862700,AAPL,2026-04-10 21:05:35.275291
2024-06-14,210.85922241210938,213.5186471242216,209.67835280423736,212.20878551515116,70122700,AAPL,2026-04-10 21:05:35.275291
2024-06-17,215.0071563720703,217.26965721764734,211.0874738193539,211.7324793139925,93728300,AAPL,2026-04-10 21:05:35.275291
2024-06-18,212.6453857421875,216.95208913019513,211.36529274424583,215.9200623200828,79943300,AAPL,2026-04-10 21:05:35.275291
2024-06-20,208.0707550048828,212.59577094768608,207.2471383568116,212.28813739547695,86172500,AAPL,2026-04-10 21:05:35.275291
2024-06-21,205.8975830078125,210.26380829361358,205.52049454653314,208.77532033595196,241805100,AAPL,2026-04-10 21:05:35.275291
2024-06-24,206.54258728027344,211.0675882243761,205.00448003735443,206.12581247138846,80727000,AAPL,2026-04-10 21:05:35.275291
2024-06-25,207.46546936035156,209.75773850908567,207.0089930344414,207.54484206411715,55549700,AAPL,2026-04-10 21:05:35.275291
2024-06-26,211.61337280273438,213.21101716086312,209.02340313251779,209.87680350658064,66213200,AAPL,2026-04-10 21:05:35.275291
2024-06-27,212.4568634033203,214.0842763709762,210.7202940415425,213.04233172557286,49772700,AAPL,2026-04-10 21:05:35.275291
2024-06-28,209.00357055664062,214.41175609103416,208.686034302842,214.1140554431902,82542700,AAPL,2026-04-10 21:05:35.275291
2024-07-01,215.08653259277344,215.84069445328046,210.29359904602236,210.46229254870087,60402900,AAPL,2026-04-10 21:05:35.275291
2024-07-02,218.57949829101562,218.68865467979296,213.4491783018458,214.49110775455017,58046200,AAPL,2026-04-10 21:05:35.275291
2024-07-03,219.8496856689453,219.8496856689453,217.34902153194005,218.31157833867707,37369800,AAPL,2026-04-10 21:05:35.275291
2024-07-05,224.60292053222656,224.71207692855523,219.94891212590596,219.94891212590596,60412400,AAPL,2026-04-10 21:05:35.275291
2024-07-08,226.07154846191406,226.1013170084402,221.53661474646515,225.3471401186269,59085900,AAPL,2026-04-10 21:05:35.275291
2024-07-09,226.92495727539062,227.63943274976205,224.63268810415036,226.180713251394,48076100,AAPL,2026-04-10 21:05:35.275291
2024-07-10,231.1919403076172,231.29117889263895,227.49057123987387,227.54019053238477,62627700,AAPL,2026-04-10 21:05:35.275291
2024-07-11,225.823486328125,230.60648662367137,224.03729767642758,229.61416127735984,64710600,AAPL,2026-04-10 21:05:35.275291
2024-07-12,228.77069091796875,230.8545803134063,226.92496506939614,227.1631286162611,53046500,AAPL,2026-04-10 21:05:35.275291
2024-07-15,232.60105895996094,235.409341553401,231.30111515749465,234.66509753137677,62631300,AAPL,2026-04-10 21:05:35.275291
2024-07-16,233.01785278320312,234.4567215545301,230.54695713829173,233.19646408342908,43234300,AAPL,2026-04-10 21:05:35.275291
2024-07-17,227.12344360351562,229.6836449661141,224.9006292447048,227.6890612108438,57345900,AAPL,2026-04-10 21:05:35.275291
2024-07-18,222.45948791503906,228.67145424701283,220.56415801938329,228.51267855827928,66034600,AAPL,2026-04-10 21:05:35.275291
2024-07-19,222.58851623535156,225.05941202320642,221.56642224710646,223.09461189863717,49151500,AAPL,2026-04-10 21:05:35.275291
2024-07-22,222.24119567871094,226.03187070395737,221.3778623137636,225.26777593230437,48201800,AAPL,2026-04-10 21:05:35.275291
2024-07-23,223.2831268310547,225.19832267550643,220.97100689389265,222.64803919770813,39960300,AAPL,2026-04-10 21:05:35.275291
2024-07-24,216.86277770996094,223.0747441599071,215.46361045876344,222.280880842846,61777600,AAPL,2026-04-10 21:05:35.275291
2024-07-25,215.8208465576172,219.15506035064124,212.97286249707204,217.24978234747041,51391200,AAPL,2026-04-10 21:05:35.275291
2024-07-26,216.2872314453125,217.80548795978973,214.35218497553956,217.02154248476683,41601300,AAPL,2026-04-10 21:05:35.275291
2024-07-29,216.5650634765625,217.61692579686954,214.09416820479274,215.29488839449198,36311800,AAPL,2026-04-10 21:05:35.275291
2024-07-30,217.12078857421875,218.63904514115285,214.46134877521007,217.50779485320817,41643800,AAPL,2026-04-10 21:05:35.275291
2024-07-31,220.3756103515625,222.10226187087767,218.93674165630796,219.7405227481965,50036300,AAPL,2026-04-10 21:05:35.275291
2024-08-01,216.68417358398438,222.7572001483694,215.35446119036925,222.64804374939,62501000,AAPL,2026-04-10 21:05:35.275291
2024-08-02,218.17263793945312,223.86859053089324,216.03914463167754,217.46808032420208,105568600,AAPL,2026-04-10 21:05:35.275291
2024-08-05,207.66392517089844,211.8614570593827,194.49576385779395,197.56204548052773,119548600,AAPL,2026-04-10 21:05:35.275291
2024-08-06,205.6395721435547,208.3783997216886,199.52685967053256,203.72439154098564,69660500,AAPL,2026-04-10 21:05:35.275291
2024-08-07,208.209716796875,212.00039184379946,204.80603289763474,205.31211338628992,63516400,AAPL,2026-04-10 21:05:35.275291
2024-08-08,211.6728973388672,212.55606620855394,207.22728444417172,211.47443531656216,47161100,AAPL,2026-04-10 21:05:35.275291
2024-08-09,214.58045959472656,215.11630867247783,210.34322570654538,210.47223285968454,42201600,AAPL,2026-04-10 21:05:35.275291
2024-08-12,216.11038208007812,218.07745621052726,214.19298467780987,214.65991863613397,38028100,AAPL,2026-04-10 21:05:35.275291
2024-08-13,219.82598876953125,220.44193777769505,217.58072790378117,217.58072790378117,44155300,AAPL,2026-04-10 21:05:35.275291
2024-08-14,220.27305603027344,221.57450454206742,218.2662343099079,219.13056699635618,41960600,AAPL,2026-04-10 21:05:35.275291
2024-08-15,223.2534637451172,223.87935717471936,221.30624816369337,223.13425172393934,46414000,AAPL,2026-04-10 21:05:35.275291
2024-08-16,224.57479858398438,225.34970708383625,222.19045191126241,222.45869413327577,44340200,AAPL,2026-04-10 21:05:35.275291
2024-08-19,224.41583251953125,224.51518597934856,221.58442566604344,224.2469437652095,40687800,AAPL,2026-04-10 21:05:35.275291
2024-08-20,225.0317840576172,225.68748051768907,223.97870407222223,224.29662301984854,30299000,AAPL,2026-04-10 21:05:35.275291
2024-08-21,224.9224853515625,226.4921759358446,223.58130467937312,225.04171252806572,34765500,AAPL,2026-04-10 21:05:35.275291
2024-08-22,223.06471252441406,226.84984597984075,222.43881906323927,226.30343225653021,43695300,AAPL,2026-04-10 21:05:35.275291
2024-08-23,225.35964965820312,226.73064869689995,222.8660352522939,224.18735755669383,38677300,AAPL,2026-04-10 21:05:35.275291
2024-08-26,225.69740295410156,225.79675641202357,222.4288803537143,225.28014571740593,30602200,AAPL,2026-04-10 21:05:35.275291
2024-08-27,226.5418701171875,227.35652605602343,223.4223624308928,224.52511915345738,35934600,AAPL,2026-04-10 21:05:35.275291
2024-08-28,225.01193237304688,228.35993491185639,224.20720569696516,226.43259292076607,38052200,AAPL,2026-04-10 21:05:35.275291
2024-08-29,228.29037475585938,231.39995310375193,227.3863249726349,228.59836441740794,51906300,AAPL,2026-04-10 21:05:35.275291
2024-08-30,227.50555419921875,228.8964117856607,225.99546942021698,228.68779072729976,52990800,AAPL,2026-04-10 21:05:35.275291
2024-09-03,221.31619262695312,227.50553099413642,219.7266282681139,227.05847075546578,50190600,AAPL,2026-04-10 21:05:35.275291
2024-09-04,219.40872192382812,220.33264539565292,216.06070449558098,220.2134333758585,43840200,AAPL,2026-04-10 21:05:35.275291
2024-09-05,220.92874145507812,224.00850159902006,220.07435325324454,220.1836359939166,36615400,AAPL,2026-04-10 21:05:35.275291
2024-09-06,219.37890625,223.77005891628232,218.3357556594125,222.48846914066658,48423000,AAPL,2026-04-10 21:05:35.275291
2024-09-09,219.4683380126953,219.82598924771256,215.2957503769675,219.37892899374344,67180000,AAPL,2026-04-10 21:05:35.275291
2024-09-10,218.6735382080078,220.0345925843304,215.31559161387113,217.49130185519834,51591000,AAPL,2026-04-10 21:05:35.275291
2024-09-11,221.2069091796875,221.63409569372266,216.46803428284608,220.01474349397893,44587100,AAPL,2026-04-10 21:05:35.275291
2024-09-12,221.31619262695312,222.09110108310472,218.38544755210194,221.04795042006705,37455600,AAPL,2026-04-10 21:05:35.275291
2024-09-13,221.04794311523438,222.57788625371046,220.461797151476,222.12089674811224,36766600,AAPL,2026-04-10 21:05:35.275291
2024-09-16,214.90830993652344,215.80243050187988,212.52396316355507,215.12686027714844,59357400,AAPL,2026-04-10 21:05:35.275291
2024-09-17,215.37521362304688,215.48449636527135,213.10016491936787,214.34200737227792,45519300,AAPL,2026-04-10 21:05:35.275291
2024-09-18,219.24977111816406,221.25659276615585,216.12031904206836,216.13026348358338,59894900,AAPL,2026-04-10 21:05:35.275291
2024-09-19,227.37637329101562,228.32018565098164,223.16405353373213,223.52170475455895,66781300,AAPL,2026-04-10 21:05:35.275291
2024-09-20,226.7107391357422,231.56882586153637,226.13452245924367,228.46919216926284,318679900,AAPL,2026-04-10 21:05:35.275291
2024-09-23,224.99203491210938,227.95258288382507,224.336338501163,225.8563523524968,54146000,AAPL,2026-04-10 21:05:35.275291
2024-09-24,225.8861846923828,227.8532741806864,224.2568878942957,227.15783023434298,43556100,AAPL,2026-04-10 21:05:35.275291
2024-09-25,224.89268493652344,225.80667911779153,222.5580303354434,223.46208007568333,42308700,AAPL,2026-04-10 21:05:35.275291
2024-09-26,226.0352020263672,227.00880227293717,223.9389713421174,225.81663654010723,36636700,AAPL,2026-04-10 21:05:35.275291
2024-09-27,226.3034210205078,228.02214184296878,225.8166284941723,226.9690618971705,34026000,AAPL,2026-04-10 21:05:35.275291
2024-09-30,231.4794464111328,231.4794464111328,228.15130238402674,228.53875664504176,54541900,AAPL,2026-04-10 21:05:35.275291
2024-10-01,224.73374938964844,228.15128705136544,222.2798675150603,228.02214574584622,63285000,AAPL,2026-04-10 21:05:35.275291
2024-10-02,225.30001831054688,225.8861642954019,221.56456176324298,224.41582711263038,32880600,AAPL,2026-04-10 21:05:35.275291
2024-10-03,224.19725036621094,225.3298099915582,221.86259582618194,223.6707104185886,34044200,AAPL,2026-04-10 21:05:35.275291
2024-10-04,225.3199005126953,226.5120662505933,222.66732681912907,226.41271278943105,37245100,AAPL,2026-04-10 21:05:35.275291
2024-10-07,220.24325561523438,224.2171516536621,219.8856043654075,223.0349151567562,39505400,AAPL,2026-04-10 21:05:35.275291
2024-10-08,224.296630859375,224.50525191173782,221.79307211654884,222.83622285599392,31855700,AAPL,2026-04-10 21:05:35.275291
2024-10-09,228.0419921875,228.25062837641602,223.3627386107029,223.76012210676075,33591100,AAPL,2026-04-10 21:05:35.275291
2024-10-10,227.54527282714844,228.00227752622936,225.68748134269669,226.29350107451606,28183500,AAPL,2026-04-10 21:05:35.275291
2024-10-11,226.06500244140625,227.91286461183438,225.85636623992795,227.80358186995707,31759200,AAPL,2026-04-10 21:05:35.275291
2024-10-14,229.79051208496094,230.21769857807328,227.10813563369229,227.20747392643057,39882100,AAPL,2026-04-10 21:05:35.275291
2024-10-15,232.3238983154297,235.9401430278398,230.85354589755886,232.08545910083197,64751400,AAPL,2026-04-10 21:05:35.275291
2024-10-16,230.26739501953125,230.60517253033711,228.34005309673006,230.0885769817669,34082200,AAPL,2026-04-10 21:05:35.275291
2024-10-17,230.6349639892578,232.3238817771462,229.01561181125544,231.90660939150177,32993800,AAPL,2026-04-10 21:05:35.275291
2024-10-18,233.46636962890625,234.6386615701971,232.4828249974097,234.6386615701971,46431500,AAPL,2026-04-10 21:05:35.275291
2024-10-21,234.93670654296875,235.3043021987925,232.91995571367772,232.91995571367772,36254500,AAPL,2026-04-10 21:05:35.275291
2024-10-22,234.32078552246094,234.67843677993508,231.0820656392084,232.36364046895116,38846600,AAPL,2026-04-10 21:05:35.275291
2024-10-23,229.2540283203125,233.6054487889833,226.2736066643371,232.552368896012,52287000,AAPL,2026-04-10 21:05:35.275291
2024-10-24,229.06529235839844,229.31366084202813,226.91938502162782,228.4791312160334,31109500,AAPL,2026-04-10 21:05:35.275291
2024-10-25,229.89979553222656,231.6979808399029,228.07180722071536,228.24069596218243,38802300,AAPL,2026-04-10 21:05:35.275291
2024-10-28,231.87681579589844,233.19813797949908,231.032372026897,231.7973512193415,36087100,AAPL,2026-04-10 21:05:35.275291
2024-10-29,232.1450653076172,232.80076177889833,230.80388451731673,231.5787930163908,35417200,AAPL,2026-04-10 21:05:35.275291
2024-10-30,228.59835815429688,231.94636045913163,228.05194445904854,231.09197226998216,47070900,AAPL,2026-04-10 21:05:35.275291
2024-10-31,224.4357147216797,228.33013097812315,223.89923027313517,227.84332326136388,64370100,AAPL,2026-04-10 21:05:35.275291
2024-11-01,221.4552764892578,223.87935529424118,218.83250593091054,219.5279346472888,65276700,AAPL,2026-04-10 21:05:35.275291
2024-11-04,220.56112670898438,221.33603510883145,218.27614895309117,219.54779428408165,44944500,AAPL,2026-04-10 21:05:35.275291
2024-11-05,221.9917449951172,222.4884819564664,219.6968226591573,220.35251908634842,28111300,AAPL,2026-04-10 21:05:35.275291
2024-11-06,221.26651000976562,224.59465366535846,219.7464961432124,221.15722727351368,54561100,AAPL,2026-04-10 21:05:35.275291
2024-11-07,225.99545288085938,226.39285156162418,223.10445516924474,223.16406118155706,42137700,AAPL,2026-04-10 21:05:35.275291
2024-11-08,225.7269287109375,227.4176895436531,225.17991383614745,225.9357792784742,38328800,AAPL,2026-04-10 21:05:35.275291
2024-11-11,223.01174926757812,224.47376393957063,220.29658566640109,223.77757009002366,42005600,AAPL,2026-04-10 21:05:35.275291
2024-11-12,223.01174926757812,224.36436096493557,222.14648085284745,223.33001798502116,40398300,AAPL,2026-04-10 21:05:35.275291
2024-11-13,223.89691162109375,225.4185978724207,221.54973296285615,222.79294167641658,48566200,AAPL,2026-04-10 21:05:35.275291
2024-11-14,226.98008728027344,227.62654977508777,223.77758025105393,223.79747584076947,44923900,AAPL,2026-04-10 21:05:35.275291
2024-11-15,223.777587890625,225.68715481951833,223.05155818805096,225.16997570047775,47923700,AAPL,2026-04-10 21:05:35.275291
2024-11-18,226.7811737060547,228.49183017609323,223.94665165924164,224.0262188410909,44633700,AAPL,2026-04-10 21:05:35.275291
2024-11-19,227.0397186279297,228.90950915664592,225.4285251920104,225.7467786916022,36211800,AAPL,2026-04-10 21:05:35.275291
2024-11-20,227.75584411621094,228.68078414631773,224.6627401240164,226.82094870348703,35169600,AAPL,2026-04-10 21:05:35.275291
2024-11-21,227.27845764160156,228.90954693288327,224.48372676835862,227.63650237265796,42108300,AAPL,2026-04-10 21:05:35.275291
2024-11-22,228.62112426757812,229.46651233539,226.82096032466632,226.82096032466632,38168300,AAPL,2026-04-10 21:05:35.275291
2024-11-25,231.6048126220703,231.98275293866183,228.49182822914253,230.20248468460477,90152800,AAPL,2026-04-10 21:05:35.275291
2024-11-26,233.7829132080078,234.29015208323423,232.06231657216094,232.06231657216094,45986200,AAPL,2026-04-10 21:05:35.275291
2024-11-27,233.65362548828125,234.4095061449918,232.53971526898803,233.19613315216662,33498400,AAPL,2026-04-10 21:05:35.275291
2024-11-29,236.04058837890625,236.51797629056327,232.698842645531,233.5342752849028,28481400,AAPL,2026-04-10 21:05:35.275291
2024-12-02,238.28829956054688,239.4817769036961,235.8715090788613,235.9809120539101,48137100,AAPL,2026-04-10 21:05:35.275291
2024-12-03,241.3316650390625,241.44106801091166,237.60203896586935,238.5070985351772,38861000,AAPL,2026-04-10 21:05:35.275291
2024-12-04,241.68972778320312,242.78375758332757,239.9392952788925,241.55048900644988,44383900,AAPL,2026-04-10 21:05:35.275291
2024-12-05,241.7195587158203,243.21140922639395,240.81451427308068,242.6644095132275,40033900,AAPL,2026-04-10 21:05:35.275291
2024-12-06,241.5206298828125,243.30091318780651,240.76476447856876,241.59025685240857,36870600,AAPL,2026-04-10 21:05:35.275291
2024-12-09,245.40940856933594,245.89675186527563,240.43657354260168,240.516140724136,44649200,AAPL,2026-04-10 21:05:35.275291
2024-12-10,246.42385864257812,246.86147053083658,244.00705305092782,245.54863486606115,36914800,AAPL,2026-04-10 21:05:35.275291
2024-12-11,245.15081787109375,249.43739908317045,244.92205654138039,246.61283253090062,45205800,AAPL,2026-04-10 21:05:35.275291
2024-12-12,246.6128387451172,247.3885997871069,244.34521203481492,245.54864477609476,32777500,AAPL,2026-04-10 21:05:35.275291
2024-12-13,246.7819061279297,247.9355922748061,244.90217516923994,246.47359279661413,33155300,AAPL,2026-04-10 21:05:35.275291
2024-12-16,249.67608642578125,250.01425073054844,246.3045049916291,246.6426692963963,51694800,AAPL,2026-04-10 21:05:35.275291
2024-12-17,252.1028289794922,252.45093348613432,248.42293425963442,248.72130738305802,51356400,AAPL,2026-04-10 21:05:35.275291
2024-12-18,246.7023468017578,252.89849494785605,246.39403346062903,250.7900177691265,56774100,AAPL,2026-04-10 21:05:35.275291
2024-12-19,248.43287658691406,250.6308762664829,245.7475488049507,246.15532490458142,60882300,AAPL,2026-04-10 21:05:35.275291
2024-12-20,253.10736083984375,253.6145845456153,244.35516822034685,246.69239156062656,147495300,AAPL,2026-04-10 21:05:35.275291
2024-12-23,253.88311767578125,254.26104280923545,252.07299848460428,253.38583418491564,40858800,AAPL,2026-04-10 21:05:35.275291
2024-12-24,256.7972106933594,256.80713572411884,253.90300191480816,254.10192745486222,23234700,AAPL,2026-04-10 21:05:35.275291
2024-12-26,257.61273193359375,258.6868812844183,256.23029959445824,256.78725468311694,27237100,AAPL,2026-04-10 21:05:35.275291
2024-12-27,254.2013702392578,257.29448932345014,251.68511699924173,256.42919055718573,42355300,AAPL,2026-04-10 21:05:35.275291
2024-12-30,250.82977294921875,252.1227129740064,249.3876539575231,250.85960874260036,35557500,AAPL,2026-04-10 21:05:35.275291
2024-12-31,249.05946350097656,251.90392569582917,248.07483671879714,251.0684930674946,39480700,AAPL,2026-04-10 21:05:35.275291
2025-01-02,242.525146484375,247.74662274918373,240.50617687605325,247.57753302011443,55740700,AAPL,2026-04-10 21:05:35.275291
2025-01-03,242.03781127929688,242.853348279154,240.57579666249651,242.03781127929688,40244100,AAPL,2026-04-10 21:05:35.275291
2025-01-06,243.66891479492188,245.98625772407811,241.87869116125097,242.98266113735735,45045600,AAPL,2026-04-10 21:05:35.275291
2025-01-07,240.89407348632812,244.215923537777,240.0387452815234,241.6598791297847,40856000,AAPL,2026-04-10 21:05:35.275291
2025-01-08,241.38140869140625,242.38593107741448,238.74581220273618,240.6056476428208,37628900,AAPL,2026-04-10 21:05:35.275291
2025-01-10,235.5631866455078,238.85520080045117,231.73409784256125,238.70600665338932,61710900,AAPL,2026-04-10 21:05:35.275291
2025-01-13,233.12649536132812,233.39503269669683,228.47192915300568,232.2612269401141,49630700,AAPL,2026-04-10 21:05:35.275291
2025-01-14,232.01258850097656,234.8371551382162,231.20699165927476,233.47460320476435,39435300,AAPL,2026-04-10 21:05:35.275291
2025-01-15,236.57765197753906,237.66174156203553,233.15633900368562,233.36520475508792,39832000,AAPL,2026-04-10 21:05:35.275291
2025-01-16,227.01986694335938,236.71689557722044,226.79112077355302,236.06049286491137,71759100,AAPL,2026-04-10 21:05:35.275291
2025-01-17,228.7305145263672,231.0279618693864,227.2386640256131,230.85888730040747,68488300,AAPL,2026-04-10 21:05:35.275291
2025-01-21,221.43040466308594,223.20073277609362,218.18812158355374,222.78301644137267,98070400,AAPL,2026-04-10 21:05:35.275291
2025-01-22,222.61392211914062,222.90233985709415,218.59586314481808,218.59586314481808,64126500,AAPL,2026-04-10 21:05:35.275291
2025-01-23,222.44485473632812,225.7965406078772,221.09224303438072,223.51898889751178,60234800,AAPL,2026-04-10 21:05:35.275291
2025-01-24,221.5696258544922,224.4041477572621,220.2070739772995,223.55875977197638,54697900,AAPL,2026-04-10 21:05:35.275291
2025-01-27,228.61114501953125,230.88869651104676,222.76308687365625,222.80287804759197,94863400,AAPL,2026-04-10 21:05:35.275291
2025-01-28,236.9655303955078,238.88505261672515,229.5560092044273,229.59580038333414,75707600,AAPL,2026-04-10 21:05:35.275291
2025-01-29,238.0595245361328,238.55680796680022,232.73858575763728,232.84798871941953,45486100,AAPL,2026-04-10 21:05:35.275291
2025-01-30,236.2991485595703,239.48175963713217,235.92122345328548,237.3732826437262,55658300,AAPL,2026-04-10 21:05:35.275291
2025-01-31,234.71778869628906,245.84699474947953,232.1716998572169,245.84699474947953,100959800,AAPL,2026-04-10 21:05:35.275291
2025-02-03,226.77120971679688,230.5704628324937,224.47376244068877,228.7404632470789,73063300,AAPL,2026-04-10 21:05:35.275291
2025-02-04,231.53518676757812,231.8633956790269,225.4185909783935,226.01533721300711,45067300,AAPL,2026-04-10 21:05:35.275291
2025-02-05,231.2069854736328,231.4058958330951,227.0298072213747,227.2883891710869,39620300,AAPL,2026-04-10 21:05:35.275291
2025-02-06,231.95291137695312,232.5297620441898,229.17806101517482,230.03338922164468,29925300,AAPL,2026-04-10 21:05:35.275291
2025-02-07,226.39328002929688,232.72866665415378,226.0252799376335,231.33627899238985,39707200,AAPL,2026-04-10 21:05:35.275291
2025-02-10,226.66209411621094,229.58933825388894,226.21404995469493,228.57377553913867,33115600,AAPL,2026-04-10 21:05:35.275291
2025-02-11,231.61053466796875,234.2092091135714,227.1400288616486,227.20971719471092,53718400,AAPL,2026-04-10 21:05:35.275291
2025-02-12,235.84210205078125,235.93172304376256,229.67896101319025,230.19670873650108,45243300,AAPL,2026-04-10 21:05:35.275291
2025-02-13,240.48187255859375,241.28835511000761,234.54774465400956,235.8819260401158,53614100,AAPL,2026-04-10 21:05:35.275291
2025-02-14,243.53855895996094,244.484433375407,239.94422402720738,240.2030902821229,40896200,AAPL,2026-04-10 21:05:35.275291
2025-02-18,243.4091033935547,244.11601378188342,240.79051163485408,243.0904847676353,48822500,AAPL,2026-04-10 21:05:35.275291
2025-02-19,243.80738830566406,244.94244069837237,242.10481731288857,243.59830810290342,32204200,AAPL,2026-04-10 21:05:35.275291
2025-02-20,244.7632293701172,245.7091038330044,243.2299036494767,243.87709210808563,32316900,AAPL,2026-04-10 21:05:35.275291
2025-02-21,244.48443603515625,247.61080936192474,244.15586625078134,244.88269415360097,53197400,AAPL,2026-04-10 21:05:35.275291
2025-02-24,246.0277099609375,247.7800669312537,243.3593319822528,243.86711335623195,51326400,AAPL,2026-04-10 21:05:35.275291
2025-02-25,245.9679718017578,248.91513366913293,243.84722519384715,246.92381259977986,48013300,AAPL,2026-04-10 21:05:35.275291
2025-02-26,239.31695556640625,243.91690216055417,238.0922974197643,243.26972892021308,44433600,AAPL,2026-04-10 21:05:35.275291
2025-02-27,236.27024841308594,241.40786042901627,236.0312844149354,238.37109275336516,41153600,AAPL,2026-04-10 21:05:35.275291
2025-02-28,240.79054260253906,241.03945773883657,229.20105446423008,235.9217631442628,56833400,AAPL,2026-04-10 21:05:35.275291
2025-03-03,236.9970703125,242.97103338088397,235.08540395372597,240.7407483660274,47184000,AAPL,2026-04-10 21:05:35.275291
2025-03-04,234.9061737060547,239.02822274747484,233.6615980851158,236.6784633674393,53798100,AAPL,2026-04-10 21:05:35.275291
2025-03-05,234.7169952392578,235.5234777567522,228.23523611666363,234.3983766092207,47227600,AAPL,2026-04-10 21:05:35.275291
2025-03-06,234.30877685546875,236.82779659290307,232.14819548977783,233.42263965762712,45170400,AAPL,2026-04-10 21:05:35.275291
2025-03-07,238.03256225585938,240.32256924437755,233.74125275300776,234.08974000390756,46273600,AAPL,2026-04-10 21:05:35.275291
2025-03-10,226.4928436279297,235.13518456664028,223.24699590534985,234.5178647329352,72071200,AAPL,2026-04-10 21:05:35.275291
2025-03-11,219.88165283203125,224.8599551431671,216.50636447278404,222.8387656202518,76137400,AAPL,2026-04-10 21:05:35.275291
2025-03-12,216.0384063720703,220.78771110845915,213.9773970817033,219.18469713036333,62547500,AAPL,2026-04-10 21:05:35.275291
2025-03-13,208.77008056640625,215.899013195213,207.51555384047248,215.01287598245443,61368300,AAPL,2026-04-10 21:05:35.275291
2025-03-14,212.56356811523438,213.0215634427817,208.67053186821337,210.33328309966757,60107600,AAPL,2026-04-10 21:05:35.275291
2025-03-17,213.07135009765625,214.28605714072168,209.0588394397278,212.3843419118567,48073400,AAPL,2026-04-10 21:05:35.275291
2025-03-18,211.7670135498047,214.21632963340127,210.57222410469132,213.23063555765447,42432400,AAPL,2026-04-10 21:05:35.275291
2025-03-19,214.30596923828125,217.8106832228152,212.8224296395377,213.29039128502816,54385400,AAPL,2026-04-10 21:05:35.275291
2025-03-20,213.17091369628906,216.5462020975973,211.29906714235267,213.0613904363763,48862900,AAPL,2026-04-10 21:05:35.275291
2025-03-21,217.32281494140625,217.89033350890864,210.36314278996363,210.64192650603025,94127800,AAPL,2026-04-10 21:05:35.275291
2025-03-24,219.7721405029297,220.5188858867363,217.63147647971348,220.04097309502072,44299500,AAPL,2026-04-10 21:05:35.275291
2025-03-25,222.77903747558594,223.12752472855482,219.1249652538438,219.81197343150768,34493600,AAPL,2026-04-10 21:05:35.275291
2025-03-26,220.56866455078125,224.04352508950674,219.51326687455483,222.5400680439697,34466100,AAPL,2026-04-10 21:05:35.275291
2025-03-27,222.87860107421875,224.0136533961419,219.6028696378956,220.4292696466093,37094800,AAPL,2026-04-10 21:05:35.275291
2025-03-28,216.9544219970703,222.8387793372666,216.73537546649092,220.7080664246457,39818600,AAPL,2026-04-10 21:05:35.275291
2025-03-31,221.1660614013672,224.6409066608951,215.29165561007284,216.0682695484103,65299300,AAPL,2026-04-10 21:05:35.275291
2025-04-01,222.22146606445312,222.70932997882656,217.95007407622174,218.85612876373423,36412700,AAPL,2026-04-10 21:05:35.275291
2025-04-02,222.91842651367188,224.21278818927524,220.06088576879955,220.3595869543347,35905900,AAPL,2026-04-10 21:05:35.275291
2025-04-03,202.30824279785156,206.58958563447752,200.37665915579902,204.64803566499702,103419000,AAPL,2026-04-10 21:05:35.275291
2025-04-04,187.56253051757812,199.01262630823254,186.52703508606032,193.0486144227304,125910900,AAPL,2026-04-10 21:05:35.275291
2025-04-07,180.6725616455078,193.30748067285785,173.86223225537526,176.43103817745248,160466300,AAPL,2026-04-10 21:05:35.275291
2025-04-08,171.67178344726562,189.5140179775097,168.47572171547168,185.88981432593783,120859500,AAPL,2026-04-10 21:05:35.275291
2025-04-09,197.98709106445312,199.7394480269994,171.14407803694525,171.20381523449285,184395900,AAPL,2026-04-10 21:05:35.275291
2025-04-10,189.5936737060547,193.93475416517637,182.20587449762067,188.24954112448538,121880000,AAPL,2026-04-10 21:05:35.275291
2025-04-11,197.2901153564453,198.67408279715283,185.2525839628914,185.2924188893916,87435900,AAPL,2026-04-10 21:05:35.275291
2025-04-14,201.6411590576172,212.01593914767514,200.28706023476008,210.52244846919626,101352900,AAPL,2026-04-10 21:05:35.275291
2025-04-15,201.2628173828125,202.62686743682656,198.93297540670014,200.98403365195668,51343900,AAPL,2026-04-10 21:05:35.275291
2025-04-16,193.42697143554688,199.82906121923162,191.5352073519423,197.49921927320653,59732400,AAPL,2026-04-10 21:05:35.275291
2025-04-17,196.1251983642578,197.9671763411939,193.5763099497932,196.34424488667963,52164700,AAPL,2026-04-10 21:05:35.275291
2025-04-21,192.32179260253906,192.9590147372882,188.98632373298676,192.43131586910098,46742500,AAPL,2026-04-10 21:05:35.275291
2025-04-22,198.8732452392578,200.715208155226,195.1196006832811,195.26894368988752,52976400,AAPL,2026-04-10 21:05:35.275291
2025-04-23,203.71214294433594,207.09738254349836,201.9199510184256,205.10606155750318,52929200,AAPL,2026-04-10 21:05:35.275291
2025-04-24,207.4657745361328,207.92378505310097,202.0593452871763,204.00088023313933,47311000,AAPL,2026-04-10 21:05:35.275291
2025-04-25,208.371826171875,208.8397878176709,205.30519003897632,205.47445049920006,38222300,AAPL,2026-04-10 21:05:35.275291
2025-04-28,209.2281036376953,210.5822025692478,206.55974070372147,209.08871177088434,38743100,AAPL,2026-04-10 21:05:35.275291
2025-04-29,210.29345703125,211.31898611202763,207.46576971677675,207.78438836336602,36827600,AAPL,2026-04-10 21:05:35.275291
2025-04-30,211.57785034179688,212.65316547487808,205.7731479657814,208.39173986928208,52286500,AAPL,2026-04-10 21:05:35.275291
2025-05-01,212.39430236816406,213.62891164873253,207.99346964638974,208.1726964341785,57365700,AAPL,2026-04-10 21:05:35.275291
2025-05-02,204.45889282226562,206.0917754590827,201.2827333487594,205.19567188008233,101010600,AAPL,2026-04-10 21:05:35.275291
2025-05-05,198.02691650390625,203.21431440062256,197.34987465543003,202.21865389928206,69018500,AAPL,2026-04-10 21:05:35.275291
2025-05-06,197.64854431152344,199.77925700053618,196.165020010421,197.3498583398735,51216500,AAPL,2026-04-10 21:05:35.275291
2025-05-07,195.39837646484375,198.574535944944,192.41139491378883,198.30570335142838,68536700,AAPL,2026-04-10 21:05:35.275291
2025-05-08,196.6330108642578,199.18189948520052,193.8351919089676,196.86200854076802,50478900,AAPL,2026-04-10 21:05:35.275291
2025-05-09,197.66847229003906,199.6697443694255,196.6827629534363,198.1364339272832,36453900,AAPL,2026-04-10 21:05:35.275291
2025-05-12,210.15048217773438,210.62903686932515,206.12274573806786,210.32994399020487,63775800,AAPL,2026-04-10 21:05:35.275291
2025-05-13,212.2840118408203,212.7525871854542,208.36594186281494,209.7915962682986,51909300,AAPL,2026-04-10 21:05:35.275291
2025-05-14,211.68582153320312,213.29093762104833,209.94113079478424,211.78550901932945,49325800,AAPL,2026-04-10 21:05:35.275291
2025-05-15,210.8084716796875,212.31390017581901,208.90426284202815,210.3099886465303,45029500,AAPL,2026-04-10 21:05:35.275291
2025-05-16,210.6190643310547,211.92510277199543,209.1335944967917,211.71573318604425,54737900,AAPL,2026-04-10 21:05:35.275291
2025-05-19,208.14659118652344,208.84446444770495,203.64029993754312,207.27923550566183,46140500,AAPL,2026-04-10 21:05:35.275291
2025-05-20,206.232421875,207.83753801206538,204.40797196423648,207.03996203611737,42496600,AAPL,2026-04-10 21:05:35.275291
2025-05-21,201.4768829345703,206.41186226922272,200.10108001028593,204.5475404614086,59211800,AAPL,2026-04-10 21:05:35.275291
2025-05-22,200.7490997314453,202.1348820380274,199.09413231135568,200.1010778345708,46742400,AAPL,2026-04-10 21:05:35.275291
2025-05-23,194.67758178710938,197.10020219746903,192.8730755135501,193.0824298832746,78432900,AAPL,2026-04-10 21:05:35.275291
2025-05-27,199.60260009765625,200.1309909415137,196.83102019804124,197.6983910952664,56288500,AAPL,2026-04-10 21:05:35.275291
2025-05-28,199.81195068359375,202.11494001836002,199.2935240345892,199.98143310081724,45339700,AAPL,2026-04-10 21:05:35.275291
2025-05-29,199.3433837890625,203.19167383577107,197.90775006205254,202.9623758748587,51396800,AAPL,2026-04-10 21:05:35.275291
2025-05-30,200.24066162109375,201.3472946799051,196.18300200128658,198.7651407343476,70819900,AAPL,2026-04-10 21:05:35.275291
2025-06-02,201.08807373046875,201.51677709467234,199.51286535414474,199.67238359256916,35423300,AAPL,2026-04-10 21:05:35.275291
2025-06-03,202.6533203125,203.1518034040851,200.35033086337637,200.73914706631285,46381600,AAPL,2026-04-10 21:05:35.275291
2025-06-04,202.20468139648438,205.6143037964219,201.48686455307688,202.29440469878628,43604000,AAPL,2026-04-10 21:05:35.275291
2025-06-05,200.02133178710938,204.12882762641604,199.54277706238673,202.88261988754903,55126100,AAPL,2026-04-10 21:05:35.275291
2025-06-06,203.30133056640625,205.07592905349443,201.4370087789868,202.3841235560851,46607700,AAPL,2026-04-10 21:05:35.275291
2025-06-09,200.83883666992188,205.37503589356555,199.4131823149893,203.76991971327615,72862600,AAPL,2026-04-10 21:05:35.275291
2025-06-10,202.05511474609375,203.73002568042446,199.96149509379936,199.9914028593682,54672600,AAPL,2026-04-10 21:05:35.275291
2025-06-11,198.17694091796875,203.8795888248368,197.8080682902945,202.88262262031438,60989900,AAPL,2026-04-10 21:05:35.275291
2025-06-12,198.5956573486328,199.07419684911244,196.7612432530472,198.47602627663701,43904600,AAPL,2026-04-10 21:05:35.275291
2025-06-13,195.85398864746094,199.76209396079906,195.1062640673262,199.12403626091725,51447300,AAPL,2026-04-10 21:05:35.275291
2025-06-16,197.8180389404297,198.08722408394675,195.96368113091867,196.7014416228738,43020700,AAPL,2026-04-10 21:05:35.275291
2025-06-17,195.0464630126953,197.7881200100286,194.61777485692886,196.60172782081946,38856200,AAPL,2026-04-10 21:05:35.275291
2025-06-18,195.9835968017578,196.97059871241268,194.4781834746436,195.34553910938874,45394700,AAPL,2026-04-10 21:05:35.275291
2025-06-20,200.39019775390625,201.08807102199273,196.2627584683704,197.63857663438114,96813500,AAPL,2026-04-10 21:05:35.275291
2025-06-23,200.888671875,201.686247808318,198.3563846401482,201.01828233775666,55814300,AAPL,2026-04-10 21:05:35.275291
2025-06-24,199.6923065185547,202.82277936444737,199.59260382672892,201.9753521214132,54064000,AAPL,2026-04-10 21:05:35.275291
2025-06-25,200.94850158691406,203.05210084338043,200.01135094007643,200.83883469818846,39525700,AAPL,2026-04-10 21:05:35.275291
2025-06-26,200.39019775390625,202.025221644493,198.85487656411598,200.81888589983927,50799100,AAPL,2026-04-10 21:05:35.275291
2025-06-27,200.46995544433594,202.60346239871808,199.39323017588663,201.2774955925489,73188600,AAPL,2026-04-10 21:05:35.275291
2025-06-30,204.54754638671875,206.7608124915243,198.6554726965608,201.39712965217615,91912800,AAPL,2026-04-10 21:05:35.275291
2025-07-01,207.18951416015625,209.55231908550664,205.51460310500556,206.04299395149746,78788900,AAPL,2026-04-10 21:05:35.275291
2025-07-02,211.79550170898438,212.6927652029137,207.50854401160626,208.27621224418834,67941800,AAPL,2026-04-10 21:05:35.275291
2025-07-03,212.90213012695312,213.9987837940836,211.16740350258758,211.5063683517463,34955800,AAPL,2026-04-10 21:05:35.275291
2025-07-07,209.3130340576172,215.57398008038285,208.16652910348648,212.03474730839852,50229000,AAPL,2026-04-10 21:05:35.275291
2025-07-08,209.3728485107422,210.78853856973336,207.81758380403343,209.46258702266434,42848900,AAPL,2026-04-10 21:05:35.275291
2025-07-09,210.49942016601562,210.68884615759353,206.5913149088396,208.89430414855983,48749400,AAPL,2026-04-10 21:05:35.275291
2025-07-10,211.7655792236328,212.83232507172787,209.39279496736208,209.87133445003573,44443600,AAPL,2026-04-10 21:05:35.275291
2025-07-11,210.51937866210938,211.48643705736623,209.2233196075129,209.931172276849,39765800,AAPL,2026-04-10 21:05:35.275291
2025-07-14,207.98707580566406,210.27013683517245,206.91035052542594,209.29309904361602,38840100,AAPL,2026-04-10 21:05:35.275291
2025-07-15,208.4755859375,211.24715053377864,208.28615994072268,208.5852528191871,42296300,AAPL,2026-04-10 21:05:35.275291
2025-07-16,209.52239990234375,211.75559423754484,208.00700716596054,209.6619745482938,47490500,AAPL,2026-04-10 21:05:35.275291
2025-07-17,209.38284301757812,211.1574416148312,208.95413964633332,209.93117746335784,48068100,AAPL,2026-04-10 21:05:35.275291
2025-07-18,210.53929138183594,211.1474413046512,209.06378582955284,210.23023432823226,48974600,AAPL,2026-04-10 21:05:35.275291
2025-07-21,211.83535766601562,215.12534891613055,210.98794558852114,211.45652088357517,51377400,AAPL,2026-04-10 21:05:35.275291
2025-07-22,213.74952697753906,214.29786137817433,211.58611235366487,212.49335516085276,46404100,AAPL,2026-04-10 21:05:35.275291
2025-07-23,213.5002899169922,214.4972560435483,211.76557859278188,214.3477172095632,46989300,AAPL,2026-04-10 21:05:35.275291
2025-07-24,213.11148071289062,215.03563331063384,212.8821827557749,213.25105536667797,46022600,AAPL,2026-04-10 21:05:35.275291
2025-07-25,213.2311248779297,214.58699944946258,212.7525701732737,214.04862920984866,40268800,AAPL,2026-04-10 21:05:35.275291
2025-07-28,213.40060424804688,214.19818019857897,212.41360229785764,213.3806606658472,37858000,AAPL,2026-04-10 21:05:35.275291
2025-07-29,210.62904357910156,214.1582970701604,210.18041185237743,213.53020352524888,51411700,AAPL,2026-04-10 21:05:35.275291
2025-07-30,208.415771484375,211.74563469104578,207.0898047125579,211.25711581327238,45512500,AAPL,2026-04-10 21:05:35.275291
2025-07-31,206.9402618408203,209.2033639475293,206.5315020865265,207.85746883247032,80698400,AAPL,2026-04-10 21:05:35.275291
2025-08-01,201.76602172851562,212.93203997684435,200.88868661623732,210.23025491744008,104434500,AAPL,2026-04-10 21:05:35.275291
2025-08-04,202.7330780029297,207.24933356384108,201.06813110178,203.8895472057539,75109300,AAPL,2026-04-10 21:05:35.275291
2025-08-05,202.30438232421875,204.71703873665678,201.5466934780596,202.78292184745098,44155100,AAPL,2026-04-10 21:05:35.275291
2025-08-06,212.60302734375,214.72657006985978,204.96626313259566,205.00615029681612,108483100,AAPL,2026-04-10 21:05:35.275291
2025-08-07,219.3624725341797,220.1799921230299,215.92294217468134,218.21596748517925,90224800,AAPL,2026-04-10 21:05:35.275291
2025-08-08,228.65420532226562,230.29919347638386,218.58484056145957,220.16004899168945,113854000,AAPL,2026-04-10 21:05:35.275291
2025-08-11,226.74781799316406,229.12329528601256,224.3324234952035,227.4864157407103,61806100,AAPL,2026-04-10 21:05:35.275291
2025-08-12,229.21310424804688,230.36092560837628,226.63802588155738,227.57622481823222,55626200,AAPL,2026-04-10 21:05:35.275291
2025-08-13,232.88612365722656,234.55294488479396,229.99163136972763,230.6304284784954,69878500,AAPL,2026-04-10 21:05:35.275291
2025-08-14,232.33717346191406,234.67271834509882,230.41085227691244,233.61473725595164,51916300,AAPL,2026-04-10 21:05:35.275291
2025-08-15,231.1494140625,233.834298979768,228.9036945156081,233.5548328767578,56038700,AAPL,2026-04-10 21:05:35.275291
2025-08-18,230.45074462890625,232.67649791960375,229.6722297518056,231.2592012143754,37476200,AAPL,2026-04-10 21:05:35.275291
2025-08-19,230.1213836669922,232.42698672077375,228.9136940815642,230.84001516813981,39402600,AAPL,2026-04-10 21:05:35.275291
2025-08-20,225.5800323486328,230.0315543310328,225.3404986724704,229.54248102593337,42263900,AAPL,2026-04-10 21:05:35.275291
2025-08-21,224.47213745117188,226.08906587116957,223.3542730460458,225.8395414786139,30621200,AAPL,2026-04-10 21:05:35.275291
2025-08-22,227.3267059326172,228.65417758009713,224.98118568943215,225.73973438952316,42477800,AAPL,2026-04-10 21:05:35.275291
2025-08-25,226.7278594970703,228.86378779922748,225.79962078901826,226.0491451945495,30983100,AAPL,2026-04-10 21:05:35.275291
2025-08-26,228.87376403808594,229.0534295301293,224.26255788237486,226.43840339540802,54575100,AAPL,2026-04-10 21:05:35.275291
2025-08-27,230.05152893066406,230.46073738560713,227.82576024347395,228.17510050695543,31259500,AAPL,2026-04-10 21:05:35.275291
2025-08-28,232.11758422851562,232.9659733126178,228.90370861616245,230.3809040856524,38074700,AAPL,2026-04-10 21:05:35.275291
2025-08-29,231.69837951660156,232.9360260407387,230.92984008944924,232.0676707602769,39418400,AAPL,2026-04-10 21:05:35.275291
2025-09-02,229.28298950195312,230.4108447009183,226.53822101083426,228.81388239599917,44075600,AAPL,2026-04-10 21:05:35.275291
2025-09-03,238.01634216308594,238.395624134605,233.9141603097862,236.75874463665696,66427800,AAPL,2026-04-10 21:05:35.275291
2025-09-04,239.3238525390625,239.4436193831587,236.28964239378743,237.9963808412042,47549400,AAPL,2026-04-10 21:05:35.275291
2025-09-05,239.2340087890625,240.86091270031892,238.03629475202086,239.54341659874092,54870400,AAPL,2026-04-10 21:05:35.275291
2025-09-08,237.42745971679688,239.69313028194867,235.89038089866295,238.84475646782593,48999500,AAPL,2026-04-10 21:05:35.275291
2025-09-09,233.9041748046875,238.3257397896772,232.9160527142261,236.54912730927947,66313900,AAPL,2026-04-10 21:05:35.275291
2025-09-10,226.35855102539062,231.97784546194652,225.52015268533836,231.7482872752143,83440800,AAPL,2026-04-10 21:05:35.275291
2025-09-11,229.59239196777344,230.01159113632517,226.21881717306923,226.44839058875493,50208600,AAPL,2026-04-10 21:05:35.275291
2025-09-12,233.62472534179688,234.0638755168574,228.58432913969838,228.78394562468256,55824200,AAPL,2026-04-10 21:05:35.275291
2025-09-15,236.24969482421875,237.7368657054393,234.58287368836292,236.54912714503797,42699500,AAPL,2026-04-10 21:05:35.275291
2025-09-16,237.6969451904297,240.76111223381088,235.87043992435724,236.72878926810645,63421100,AAPL,2026-04-10 21:05:35.275291
2025-09-17,238.5353546142578,239.6432435766681,237.27774187166392,238.5153883976145,46508000,AAPL,2026-04-10 21:05:35.275291
2025-09-18,237.42745971679688,240.74113579799257,236.199788714976,239.5134800259323,44249600,AAPL,2026-04-10 21:05:35.275291
2025-09-19,245.032958984375,245.83144010441063,239.7530294205925,240.77107799962133,163741300,AAPL,2026-04-10 21:05:35.275291
2025-09-22,255.5928192138672,256.15178189089505,247.64797087114997,247.82763635806887,105517400,AAPL,2026-04-10 21:05:35.275291
2025-09-23,253.9459686279297,256.8504363399061,253.0975947938589,255.39322235208516,60275200,AAPL,2026-04-10 21:05:35.275291
2025-09-24,251.8300018310547,255.2534845023776,250.56241362070242,254.73446948849343,42303700,AAPL,2026-04-10 21:05:35.275291
2025-09-25,256.3813171386719,256.6807646844572,251.2311452680336,252.72829161839874,55202100,AAPL,2026-04-10 21:05:35.275291
2025-09-26,254.97401428222656,257.10994249251326,253.2972024297037,253.61660096533106,46076300,AAPL,2026-04-10 21:05:35.275291
2025-09-29,253.9459686279297,254.5148915782133,252.52867184357527,254.0757261912774,40127700,AAPL,2026-04-10 21:05:35.275291
2025-09-30,254.14559936523438,255.4331385813304,252.6284867333586,254.37515755125318,37704300,AAPL,2026-04-10 21:05:35.275291
2025-10-01,254.9640350341797,258.29769267334166,254.44502000530687,254.55481135314994,48713900,AAPL,2026-04-10 21:05:35.275291
2025-10-02,256.6408386230469,257.68882891050583,253.66649683440303,256.09186667190835,42630200,AAPL,2026-04-10 21:05:35.275291
2025-10-03,257.5291442871094,258.7468246365968,253.46689477740222,254.18552630266564,49155600,AAPL,2026-04-10 21:05:35.275291
2025-10-06,256.2016906738281,258.5771679771474,254.56481112131073,257.49920544747016,44664100,AAPL,2026-04-10 21:05:35.275291
2025-10-07,255.99208068847656,256.91031341337026,254.94405994391948,256.3214394907812,31955800,AAPL,2026-04-10 21:05:35.275291
2025-10-08,257.5690612792969,258.0281776413904,255.62275879770374,256.03198246417537,36496900,AAPL,2026-04-10 21:05:35.275291
2025-10-09,253.55670166015625,257.50917476461467,252.65841993311406,257.3195337882977,38322000,AAPL,2026-04-10 21:05:35.275291
2025-10-10,244.80340576171875,255.8922708493858,243.53581752909898,254.45500785015722,61999100,AAPL,2026-04-10 21:05:35.275291
2025-10-13,247.18885803222656,249.2149949644775,245.09284695690994,248.90558714178317,38142900,AAPL,2026-04-10 21:05:35.275291
2025-10-14,247.29864501953125,248.37659224814226,244.23447809703134,246.13087266264282,35478000,AAPL,2026-04-10 21:05:35.275291
2025-10-15,248.8656463623047,251.3409393203658,246.99920876557604,249.01537013681215,33893600,AAPL,2026-04-10 21:05:35.275291
2025-10-16,246.979248046875,248.56621957555782,244.66366953460536,247.7777291727393,39777000,AAPL,2026-04-10 21:05:35.275291
2025-10-17,251.81002807617188,252.89796599708643,246.79958926324147,247.5481624372989,49147000,AAPL,2026-04-10 21:05:35.275291
2025-10-20,261.7411193847656,263.87706298772724,255.14370850365398,255.4032084113237,90483000,AAPL,2026-04-10 21:05:35.275291
2025-10-21,262.2701110839844,264.7853366806196,261.33189684706855,261.38182000576944,46695900,AAPL,2026-04-10 21:05:35.275291
2025-10-22,257.9583435058594,262.349966966352,254.94406918261987,262.15033525743416,45015300,AAPL,2026-04-10 21:05:35.275291
2025-10-23,259.0861511230469,260.12418111371363,257.51916110368444,259.4454820834593,32754900,AAPL,2026-04-10 21:05:35.275291
2025-10-24,262.32000732421875,263.6275126875418,258.68691759501684,260.69310343226954,38253700,AAPL,2026-04-10 21:05:35.275291
2025-10-27,268.2986145019531,268.60802232244004,264.1465248140549,264.37609822840903,44888200,AAPL,2026-04-10 21:05:35.275291
2025-10-28,268.4882507324219,269.3765722048576,267.63986169210665,268.4782600095115,41534800,AAPL,2026-04-10 21:05:35.275291
2025-10-29,269.1869201660156,270.8936584399069,266.6018207191691,268.76770579477784,51086700,AAPL,2026-04-10 21:05:35.275291
2025-10-30,270.8836669921875,273.6184749716116,267.969239224885,271.4725408872279,69886500,AAPL,2026-04-10 21:05:35.275291
2025-10-31,269.85565185546875,276.79244258078194,268.647962249571,276.4630533049319,86167100,AAPL,2026-04-10 21:05:35.275291
2025-11-03,268.53814697265625,270.33474092754267,265.74348587775046,269.90556627002525,50194600,AAPL,2026-04-10 21:05:35.275291
2025-11-04,269.5262756347656,270.9734988318123,267.11086611942017,267.8195068636227,49274800,AAPL,2026-04-10 21:05:35.275291
2025-11-05,269.6260986328125,271.18312844251227,266.4221834255846,268.0989800730272,43683100,AAPL,2026-04-10 21:05:35.275291
2025-11-06,269.25677490234375,272.8798740142925,267.38037702601645,267.38037702601645,51204000,AAPL,2026-04-10 21:05:35.275291
2025-11-07,267.9592590332031,271.7719991063764,266.26248096015127,269.28671541495146,48227400,AAPL,2026-04-10 21:05:35.275291
2025-11-10,269.1781311035156,273.4741297822401,267.20997142836535,268.7085692371889,41312400,AAPL,2026-04-10 21:05:35.275291
2025-11-11,274.99267578125,275.65206242273547,269.5477586519058,269.55775905965567,46208300,AAPL,2026-04-10 21:05:35.275291
2025-11-12,273.21435546875,275.4722525277038,271.4460210796085,274.74292397164845,48398000,AAPL,2026-04-10 21:05:35.275291
2025-11-13,272.6948547363281,276.4413491841305,271.83564282199285,273.85374352181776,49602800,AAPL,2026-04-10 21:05:35.275291
2025-11-14,272.15533447265625,275.70200347225597,269.3479639093673,270.7965900477885,47431300,AAPL,2026-04-10 21:05:35.275291
2025-11-17,267.2099609375,270.2371271729127,265.48159771217263,268.5687054184609,45018300,AAPL,2026-04-10 21:05:35.275291
2025-11-18,267.19000244140625,270.4569347049811,265.0719890725528,269.7376065335732,45677300,AAPL,2026-04-10 21:05:35.275291
2025-11-19,268.3089294433594,271.9555110777923,265.2517925781922,265.2817633125939,40424500,AAPL,2026-04-10 21:05:35.275291
2025-11-20,266.0010986328125,275.17250947675234,265.67142054546326,270.5768036466949,45823600,AAPL,2026-04-10 21:05:35.275291
2025-11-21,271.2361755371094,273.0744516711978,265.4216397990326,265.70137680880595,59030800,AAPL,2026-04-10 21:05:35.275291
2025-11-24,275.6620788574219,276.7410558404627,270.64675212306133,270.64675212306133,65585800,AAPL,2026-04-10 21:05:35.275291
2025-11-25,276.7110900878906,280.1179060838009,274.9926967216935,275.012667049666,46914200,AAPL,2026-04-10 21:05:35.275291
2025-11-26,277.29052734375,279.26868736786383,276.3714044558947,276.70108254872224,33431400,AAPL,2026-04-10 21:05:35.275291
2025-11-28,278.5893249511719,278.73917862681736,275.73198274965245,277.0008150112318,20135600,AAPL,2026-04-10 21:05:35.275291
2025-12-01,282.8353576660156,283.1550658399818,275.88187257202503,277.75011957449965,46587700,AAPL,2026-04-10 21:05:35.275291
2025-12-02,285.9224548339844,287.1313151163589,282.36578537497866,282.7354345985028,53669500,AAPL,2026-04-10 21:05:35.275291
2025-12-03,283.8843688964844,288.35019153510143,283.0351573834178,285.9324708384744,43538700,AAPL,2026-04-10 21:05:35.275291
2025-12-04,280.4375915527344,284.46382276925783,278.32954829392816,283.83440686502166,43989100,AAPL,2026-04-10 21:05:35.275291
2025-12-05,278.5193786621094,280.8771882481053,277.79005013345267,280.27774306596746,47265800,AAPL,2026-04-10 21:05:35.275291
2025-12-08,277.6302185058594,279.4085531850005,275.8918244790692,277.86998437615557,38211800,AAPL,2026-04-10 21:05:35.275291
2025-12-09,276.9208679199219,279.7682096639769,276.6611317163261,277.8999627322321,32193300,AAPL,2026-04-10 21:05:35.275291
2025-12-10,278.5193786621094,279.48847306800184,276.1815698919154,277.490342786908,33038300,AAPL,2026-04-10 21:05:35.275291
2025-12-11,277.77008056640625,279.3286197507982,273.5540244422053,278.83908758708685,33248000,AAPL,2026-04-10 21:05:35.275291
2025-12-12,278.0198669433594,278.9589906850317,276.5612402656973,277.64021728323,39532900,AAPL,2026-04-10 21:05:35.275291
2025-12-15,273.8537292480469,279.8880911943856,272.5849275039148,279.8880911943856,50409100,AAPL,2026-04-10 21:05:35.275291
2025-12-16,274.353271484375,275.2424541197232,271.53593087885605,272.5649667835892,37648600,AAPL,2026-04-10 21:05:35.275291
2025-12-17,271.58587646484375,275.90184538512057,271.38608172110213,274.75292651919426,50138700,AAPL,2026-04-10 21:05:35.275291
2025-12-18,271.935546875,273.374203136776,266.7004552212896,273.35420232069225,51630700,AAPL,2026-04-10 21:05:35.275291
2025-12-19,273.4141845703125,274.34330788170604,269.64768928264715,271.8955859651445,144632000,AAPL,2026-04-10 21:05:35.275291
2025-12-22,270.7166748046875,273.62395794129594,270.25711338978425,272.6048920133635,36571800,AAPL,2026-04-10 21:05:35.275291
2025-12-23,272.1053771972656,272.2452609569047,269.30800689497966,270.5868091030317,29642000,AAPL,2026-04-10 21:05:35.275291
2025-12-24,273.55401611328125,275.17249671786806,271.9455359163183,272.085389177814,17910600,AAPL,2026-04-10 21:05:35.275291
2025-12-26,273.1444091796875,275.1125687682936,272.6049054553,273.9037084592662,21521800,AAPL,2026-04-10 21:05:35.275291
2025-12-29,273.50408935546875,274.10350406329195,272.0954038139857,272.4350823114352,23715200,AAPL,2026-04-10 21:05:35.275291
2025-12-30,272.82470703125,273.82377221524894,272.02546707967076,272.5549704076282,22139600,AAPL,2026-04-10 21:05:35.275291
2025-12-31,271.6058349609375,273.42414083736213,271.49595243002375,272.80472532736104,27293600,AAPL,2026-04-10 21:05:35.275291
2026-01-02,270.75665283203125,277.58025431004916,268.7485221479618,272.0054842546519,37838100,AAPL,2026-04-10 21:05:35.275291
2026-01-05,267.0101623535156,271.25618925068443,265.89121426121545,270.38700744645297,45647200,AAPL,2026-04-10 21:05:35.275291
2026-01-06,262.1147155761719,267.2998660934885,261.8749496989937,266.7503924619391,52352100,AAPL,2026-04-10 21:05:35.275291
2026-01-07,260.08660888671875,263.4334831315393,259.56710600115036,262.95395138764474,48309800,AAPL,2026-04-10 21:05:35.275291
2026-01-08,258.7978515625,259.0476178563403,255.46096229095477,256.7797203952787,50419300,AAPL,2026-04-10 21:05:35.275291
2026-01-09,259.1275329589844,259.9667440583015,255.98048371428257,258.8377955175017,39997000,AAPL,2026-04-10 21:05:35.275291
2026-01-12,260.0067138671875,261.05572011368304,256.5599267903311,258.9177364764393,45263800,AAPL,2026-04-10 21:05:35.275291
2026-01-13,260.8059387207031,261.56523797230057,258.148452318208,258.4781303943212,45730800,AAPL,2026-04-10 21:05:35.275291
2026-01-14,259.71697998046875,261.57525710051715,256.4700180914029,259.247418118488,40019400,AAPL,2026-04-10 21:05:35.275291
2026-01-15,257.9685974121094,260.7959687899761,256.8096782083212,260.40631875644857,39388600,AAPL,2026-04-10 21:05:35.275291
2026-01-16,255.29112243652344,258.6579671912775,254.69167723491495,257.6589020182799,72142800,AAPL,2026-04-10 21:05:35.275291
2026-01-20,246.46937561035156,254.55180921698133,243.19244305608962,252.49373739571587,80267500,AAPL,2026-04-10 21:05:35.275291
2026-01-21,247.41848754882812,251.3248360900433,244.9507953165175,248.46750904444812,54641700,AAPL,2026-04-10 21:05:35.275291
2026-01-22,248.1178436279297,250.76536025794266,247.9180183962477,248.96703988447874,39708300,AAPL,2026-04-10 21:05:35.275291
2026-01-23,247.80812072753906,249.17685039145397,244.45126111041233,247.08880782235642,41689000,AAPL,2026-04-10 21:05:35.275291
2026-01-26,255.17123413085938,256.32015295784896,249.5664780183616,251.24490015634893,55969200,AAPL,2026-04-10 21:05:35.275291
2026-01-27,258.0285339355469,261.70511669708895,257.96859246831417,258.92771692213245,49648300,AAPL,2026-04-10 21:05:35.275291
2026-01-28,256.2002868652344,258.61800761819165,254.27208306792676,257.409147241713,41288000,AAPL,2026-04-10 21:05:35.275291
2026-01-29,258.0385437011719,259.4072580677027,254.17216647920577,257.75880668092503,67253000,AAPL,2026-04-10 21:05:35.275291
2026-01-30,259.2374267578125,261.6551472598355,251.94423313215475,254.93144331105526,92443400,AAPL,2026-04-10 21:05:35.275291
2026-02-02,269.7575988769531,270.2371306501278,258.9676766447768,259.7869174093499,73913400,AAPL,2026-04-10 21:05:35.275291
2026-02-03,269.22808837890625,271.6258386480508,267.3598109321867,268.9483513556569,64394700,AAPL,2026-04-10 21:05:35.275291
2026-02-04,276.23150634765625,278.68922850453845,272.03545112075,272.03545112075,90545700,AAPL,2026-04-10 21:05:35.275291
2026-02-05,275.6520690917969,279.2387093202658,272.97458180817284,277.86999494352693,52977400,AAPL,2026-04-10 21:05:35.275291
2026-02-06,277.8599853515625,280.6473855638201,276.67109542368036,276.8609202349588,50453400,AAPL,2026-04-10 21:05:35.275291
2026-02-09,274.6199951171875,278.20001220703125,271.70001220703125,277.9100036621094,44623400,AAPL,2026-04-10 21:05:35.275291
2026-02-10,273.67999267578125,275.3699951171875,272.94000244140625,274.8900146484375,34376900,AAPL,2026-04-10 21:05:35.275291
2026-02-11,275.5,280.17999267578125,274.45001220703125,274.70001220703125,51931300,AAPL,2026-04-10 21:05:35.275291
2026-02-12,261.7300109863281,275.7200012207031,260.17999267578125,275.5899963378906,81077200,AAPL,2026-04-10 21:05:35.275291
2026-02-13,255.77999877929688,262.2300109863281,255.4499969482422,262.010009765625,56290700,AAPL,2026-04-10 21:05:35.275291
2026-02-17,263.8800048828125,266.2900085449219,255.5399932861328,258.04998779296875,58469100,AAPL,2026-04-10 21:05:35.275291
2026-02-18,264.3500061035156,266.82000732421875,262.45001220703125,263.6000061035156,34203300,AAPL,2026-04-10 21:05:35.275291
2026-02-19,260.5799865722656,264.4800109863281,260.04998779296875,262.6000061035156,30845300,AAPL,2026-04-10 21:05:35.275291
2026-02-20,264.5799865722656,264.75,258.1600036621094,258.9700012207031,42070500,AAPL,2026-04-10 21:05:35.275291
2026-02-23,266.17999267578125,269.42999267578125,263.3800048828125,263.489990234375,37308200,AAPL,2026-04-10 21:05:35.275291
2026-02-24,272.1400146484375,274.8900146484375,267.7099914550781,267.8599853515625,47014600,AAPL,2026-04-10 21:05:35.275291
2026-02-25,274.2300109863281,274.94000244140625,271.04998779296875,271.7799987792969,33714300,AAPL,2026-04-10 21:05:35.275291
2026-02-26,272.95001220703125,276.1099853515625,270.79998779296875,274.95001220703125,32345100,AAPL,2026-04-10 21:05:35.275291
2026-02-27,264.17999267578125,272.80999755859375,262.8900146484375,272.80999755859375,72366500,AAPL,2026-04-10 21:05:35.275291
2026-03-02,264.7200012207031,266.5299987792969,260.20001220703125,262.4100036621094,41827900,AAPL,2026-04-10 21:05:35.275291
2026-03-03,263.75,265.55999755859375,260.1300048828125,263.4800109863281,38568900,AAPL,2026-04-10 21:05:35.275291
2026-03-04,262.5199890136719,266.1499938964844,261.4200134277344,264.6499938964844,39803100,AAPL,2026-04-10 21:05:35.275291
2026-03-05,260.2900085449219,261.55999755859375,257.25,260.7900085449219,49658600,AAPL,2026-04-10 21:05:35.275291
2026-03-06,257.4599914550781,258.7699890136719,254.3699951171875,258.6300048828125,41120000,AAPL,2026-04-10 21:05:35.275291
2026-03-09,259.8800048828125,261.1499938964844,253.67999267578125,255.69000244140625,38218500,AAPL,2026-04-10 21:05:35.275291
2026-03-10,260.8299865722656,262.4800109863281,256.95001220703125,257.6499938964844,30590800,AAPL,2026-04-10 21:05:35.275291
2026-03-11,260.80999755859375,262.1300048828125,259.54998779296875,261.0899963378906,26218900,AAPL,2026-04-10 21:05:35.275291
2026-03-12,255.75999450683594,258.95001220703125,254.17999267578125,258.6600036621094,40794000,AAPL,2026-04-10 21:05:35.275291
2026-03-13,250.1199951171875,256.3299865722656,249.52000427246094,255.47999572753906,36930000,AAPL,2026-04-10 21:05:35.275291
2026-03-16,252.82000732421875,253.88999938964844,249.8800048828125,252.11000061035156,32074200,AAPL,2026-04-10 21:05:35.275291
2026-03-17,254.22999572753906,255.1300048828125,252.17999267578125,252.9600067138672,32361600,AAPL,2026-04-10 21:05:35.275291
2026-03-18,249.94000244140625,254.94000244140625,249,252.6300048828125,35757900,AAPL,2026-04-10 21:05:35.275291
2026-03-19,248.9600067138672,251.8300018310547,247.3000030517578,249.39999389648438,34864100,AAPL,2026-04-10 21:05:35.275291
2026-03-20,247.99000549316406,249.1999969482422,246,247.97999572753906,88331100,AAPL,2026-04-10 21:05:35.275291
2026-03-23,251.49000549316406,254.60000610351562,250.27999877929688,253.97000122070312,40546100,AAPL,2026-04-10 21:05:35.275291
2026-03-24,251.63999938964844,254.8300018310547,249.5500030517578,250.35000610351562,45152300,AAPL,2026-04-10 21:05:35.275291
2026-03-25,252.6199951171875,255,251.60000610351562,254.10000610351562,28476700,AAPL,2026-04-10 21:05:35.275291
2026-03-26,252.88999938964844,257,250.77000427246094,252.1199951171875,41796700,AAPL,2026-04-10 21:05:35.275291
2026-03-27,248.8000030517578,255.49000549316406,248.07000732421875,253.89999389648438,47900000,AAPL,2026-04-10 21:05:35.275291
2026-03-30,246.6300048828125,250.8699951171875,245.50999450683594,250.07000732421875,39446200,AAPL,2026-04-10 21:05:35.275291
2026-03-31,253.7899932861328,255.47999572753906,247.10000610351562,247.91000366210938,49598100,AAPL,2026-04-10 21:05:35.275291
2026-04-01,255.6300048828125,256.17999267578125,253.3300018310547,254.0800018310547,40059400,AAPL,2026-04-10 21:05:35.275291
2026-04-02,255.9199981689453,256.1300048828125,250.64999389648438,254.1999969482422,31289400,AAPL,2026-04-10 21:05:35.275291
2026-04-06,258.8599853515625,262.1600036621094,256.4599914550781,256.510009765625,29329900,AAPL,2026-04-10 21:05:35.275291
2024-01-02,137.0373992919922,138.30690574155653,135.36125003790988,137.41428922141964,23711200,GOOGL,2026-04-10 21:05:36.467929
2024-01-03,137.78125,138.48543668179107,135.95633638949388,136.12494105781897,24212100,GOOGL,2026-04-10 21:05:36.467929
2024-01-04,135.27198791503906,138.01928600247774,135.23232246051418,137.2853464572302,27137700,GOOGL,2026-04-10 21:05:36.467929
2024-01-05,134.61737060546875,136.03565627670122,134.04212324747374,135.62901355461221,22513900,GOOGL,2026-04-10 21:05:36.467929
2024-01-08,137.701904296875,137.87050896561743,135.1430511234635,135.17280399831742,21404000,GOOGL,2026-04-10 21:05:36.467929
2024-01-09,139.79461669921875,140.330198743817,137.01756553318816,137.36470260408373,24759600,GOOGL,2026-04-10 21:05:36.467929
2024-01-10,141.11370849609375,141.82780775984716,139.75494343237068,139.84420205691225,21320200,GOOGL,2026-04-10 21:05:36.467929
2024-01-11,140.91531372070312,144.0295732461307,139.48711557054665,142.31375900387354,24008700,GOOGL,2026-04-10 21:05:36.467929
2024-01-12,141.48065185546875,142.02614637782855,140.6574689161085,141.50049214729324,18785500,GOOGL,2026-04-10 21:05:36.467929
2024-01-16,141.3219757080078,143.16672938152487,140.29049239931624,140.83598692471,22670500,GOOGL,2026-04-10 21:05:36.467929
2024-01-17,140.31033325195312,140.67729541881693,137.76139297479475,140.19132176728564,20968600,GOOGL,2026-04-10 21:05:36.467929
2024-01-18,142.30386352539062,143.02789047593322,140.826087018,140.88559276545064,25746400,GOOGL,2026-04-10 21:05:36.467929
2024-01-19,145.18008422851562,145.24950254806373,143.19647882633325,143.5535284040744,34271900,GOOGL,2026-04-10 21:05:36.467929
2024-01-22,144.79330444335938,147.1736252450607,144.64452493468394,145.8942062192311,32200400,GOOGL,2026-04-10 21:05:36.467929
2024-01-23,145.83468627929688,145.97353807473283,144.30731652950118,144.69411904062358,21636100,GOOGL,2026-04-10 21:05:36.467929
2024-01-24,147.48104858398438,148.62163069280544,146.88597608407127,147.32235653052467,25233500,GOOGL,2026-04-10 21:05:36.467929
2024-01-25,150.62506103515625,151.79539601165686,148.31415908415644,148.83982840267183,29149100,GOOGL,2026-04-10 21:05:36.467929
2024-01-26,150.94247436523438,151.2895962737746,149.77213916215013,149.861412918024,26115500,GOOGL,2026-04-10 21:05:36.467929
2024-01-29,152.25164794921875,152.51943895245324,150.18869623371097,150.8135368633547,27784300,GOOGL,2026-04-10 21:05:36.467929
2024-01-30,150.21844482421875,152.3607271720474,149.95065385559957,151.54745682095233,36331800,GOOGL,2026-04-10 21:05:36.467929
2024-01-31,138.95156860351562,142.81959319917652,138.72344307921892,142.44270331878081,71910000,GOOGL,2026-04-10 21:05:36.467929
2024-02-01,140.0028839111328,141.88730313768718,139.63590659199247,140.9550061040643,40466500,GOOGL,2026-04-10 21:05:36.467929
2024-02-02,141.21287536621094,141.45089833217304,135.38107056080497,138.11844060532798,62499600,GOOGL,2026-04-10 21:05:36.467929
2024-02-05,142.50221252441406,144.27754793012062,141.60959609870966,141.64927668377285,38505400,GOOGL,2026-04-10 21:05:36.467929
2024-02-06,142.9187774658203,144.1684434401665,142.01623336193828,143.46425685279377,29128200,GOOGL,2026-04-10 21:05:36.467929
2024-02-07,144.34695434570312,144.42630037557493,142.75015143708904,143.57334947158776,25208900,GOOGL,2026-04-10 21:05:36.467929
2024-02-08,144.71395874023438,145.13051412482938,143.91060084610757,144.63461269549572,22563800,GOOGL,2026-04-10 21:05:36.467929
2024-02-09,147.77862548828125,148.2150211661504,144.9817341712347,145.47763559904774,26829500,GOOGL,2026-04-10 21:05:36.467929
2024-02-12,146.32066345214844,148.11582406905052,146.161971374684,147.20336732419403,21564100,GOOGL,2026-04-10 21:05:36.467929
2024-02-13,143.9502410888672,145.46769798615009,142.51213022242555,143.73204328748068,27837700,GOOGL,2026-04-10 21:05:36.467929
2024-02-14,144.7436981201172,145.31894554055629,142.90885694916992,144.88254990203635,22704200,GOOGL,2026-04-10 21:05:36.467929
2024-02-15,141.59967041015625,142.34352240728126,139.30860868040443,141.96663255261817,37590700,GOOGL,2026-04-10 21:05:36.467929
2024-02-16,139.36813354492188,142.01624520205476,138.9912436385364,141.8178876690081,31468900,GOOGL,2026-04-10 21:05:36.467929
2024-02-20,139.96319580078125,140.91533307623592,138.34656764889544,138.51517229621072,25144700,GOOGL,2026-04-10 21:05:36.467929
2024-02-21,141.38148498535156,141.5203367649503,139.5268035526364,140.29049590728383,23223300,GOOGL,2026-04-10 21:05:36.467929
2024-02-22,142.9088592529297,143.8114034168082,141.62944032274333,143.74196995787472,27191900,GOOGL,2026-04-10 21:05:36.467929
2024-02-23,142.77993774414062,143.49402183711422,142.2542683371376,142.4923064572686,19493800,GOOGL,2026-04-10 21:05:36.467929
2024-02-26,136.4423065185547,141.27238088903258,136.26377416065105,140.9748370483321,53641800,GOOGL,2026-04-10 21:05:36.467929
2024-02-27,137.74156188964844,138.10852404072233,135.9662266066363,136.8886109742461,33099200,GOOGL,2026-04-10 21:05:36.467929
2024-02-28,135.2620391845703,136.87866708089976,134.29998948207495,136.76956819297638,37328600,GOOGL,2026-04-10 21:05:36.467929
2024-02-29,137.3249969482422,137.7217119413849,135.28187084580713,136.1546619911694,42133000,GOOGL,2026-04-10 21:05:36.467929
2024-03-01,136.0158233642578,137.7316378191588,135.79762555684746,137.29524220433814,31151100,GOOGL,2026-04-10 21:05:36.467929
2024-03-04,132.2569122314453,134.54797432652032,130.8287137478375,134.54797432652032,55999400,GOOGL,2026-04-10 21:05:36.467929
2024-03-05,131.5824737548828,132.14780860687847,129.59886818360178,130.79895621305897,40194800,GOOGL,2026-04-10 21:05:36.467929
2024-03-06,130.32289123535156,132.48502936431544,129.77741176310514,132.02879338468463,35318600,GOOGL,2026-04-10 21:05:36.467929
2024-03-07,133.27845764160156,133.83386475709858,130.53115980204433,131.70147977631177,37738200,GOOGL,2026-04-10 21:05:36.467929
2024-03-08,134.30001831054688,136.95804250148979,132.90157275617153,133.10985799917378,39370400,GOOGL,2026-04-10 21:05:36.467929
2024-03-11,136.54150390625,137.95978992775838,135.01413409372148,135.01413409372148,32437800,GOOGL,2026-04-10 21:05:36.467929
2024-03-12,137.3646697998047,138.23746099222168,135.90671866415707,135.90671866415707,27563400,GOOGL,2026-04-10 21:05:36.467929
2024-03-13,138.64407348632812,139.9334198436989,137.8506435436748,137.86055612116084,23347200,GOOGL,2026-04-10 21:05:36.467929
2024-03-14,141.92697143554688,142.41294506959082,139.30861293112127,140.03262465964323,42753400,GOOGL,2026-04-10 21:05:36.467929
2024-03-15,140.022705078125,142.00631057950346,138.88213796831596,141.33189197321508,49475400,GOOGL,2026-04-10 21:05:36.467929
2024-03-18,146.4694366455078,150.90279656609297,145.96362264352206,147.3918211593764,69273700,GOOGL,2026-04-10 21:05:36.467929
2024-03-19,145.82476806640625,147.5703355892813,144.88255840993227,146.9455101008083,24070400,GOOGL,2026-04-10 21:05:36.467929
2024-03-20,147.52073669433594,147.639748173652,145.53713132595888,146.78679725990156,21311500,GOOGL,2026-04-10 21:05:36.467929
2024-03-21,146.3900909423828,149.13737364463717,145.6958169152109,148.24475722928597,24755600,GOOGL,2026-04-10 21:05:36.467929
2024-03-22,149.5341033935547,150.3374611918101,147.75876801352786,147.89761979182254,29211800,GOOGL,2026-04-10 21:05:36.467929
2024-03-25,148.83985900878906,149.1473154668572,146.60830262559878,148.71091979719523,19229300,GOOGL,2026-04-10 21:05:36.467929
2024-03-26,149.43492126464844,151.011884033954,148.7505749332153,148.98861304571224,22149100,GOOGL,2026-04-10 21:05:36.467929
2024-03-27,149.63327026367188,150.3969625890798,147.679417711027,149.94072668288968,22879200,GOOGL,2026-04-10 21:05:36.467929
2024-03-28,149.6927947998047,150.1886962178925,148.9390300924469,149.61346389057567,24485400,GOOGL,2026-04-10 21:05:36.467929
2024-04-01,154.21543884277344,154.46338956853498,149.3754358331209,149.45478188140993,31730800,GOOGL,2026-04-10 21:05:36.467929
2024-04-02,153.2930450439453,153.43189683666333,150.90279655942555,152.24173645140743,24586000,GOOGL,2026-04-10 21:05:36.467929
2024-04-03,153.65008544921875,153.80877752671594,151.47803493131784,152.34091364414047,24705000,GOOGL,2026-04-10 21:05:36.467929
2024-04-04,149.29605102539062,153.501299690698,149.216704997701,152.24170609339924,34724700,GOOGL,2026-04-10 21:05:36.467929
2024-04-05,151.24993896484375,152.16239579697978,148.37371667079992,148.80018464435562,23459200,GOOGL,2026-04-10 21:05:36.467929
2024-04-08,153.58065795898438,153.99721328727458,151.35901440772807,151.52761905486636,20702000,GOOGL,2026-04-10 21:05:36.467929
2024-04-09,155.3163299560547,157.26025503704565,153.9178843271403,154.81050082482042,31079500,GOOGL,2026-04-10 21:05:36.467929
2024-04-10,154.86009216308594,155.32624070054823,153.41205338281176,154.92952562487014,22838600,GOOGL,2026-04-10 21:05:36.467929
2024-04-11,158.10328674316406,158.37106260079813,155.1774715327962,155.62377976256258,27166400,GOOGL,2026-04-10 21:05:36.467929
2024-04-12,156.4370574951172,158.90665201136972,155.85189745243298,156.66518304426685,25353700,GOOGL,2026-04-10 21:05:36.467929
2024-04-15,153.590576171875,157.93467710778722,153.32278518896982,157.55778721582507,27136500,GOOGL,2026-04-10 21:05:36.467929
2024-04-16,153.1343536376953,154.37410719737133,152.1723036646899,152.9260835145476,20779500,GOOGL,2026-04-10 21:05:36.467929
2024-04-17,154.19557189941406,155.7923749027095,153.3128680735991,154.3443362556772,21763100,GOOGL,2026-04-10 21:05:36.467929
2024-04-18,154.73114013671875,155.6535245551475,153.3525349324206,154.0666341164594,19883000,GOOGL,2026-04-10 21:05:36.467929
2024-04-19,152.82687377929688,155.07827013643043,151.05155361246563,154.91957807299633,32615600,GOOGL,2026-04-10 21:05:36.467929
2024-04-22,154.99893188476562,156.34778422424392,152.7971285786509,153.04507926507185,26446200,GOOGL,2026-04-10 21:05:36.467929
2024-04-23,156.96270751953125,157.66689417461689,154.99894218995382,155.67337597138751,21151600,GOOGL,2026-04-10 21:05:36.467929
2024-04-24,157.8255615234375,158.26195711355743,155.88162165845978,156.19900577262248,22779100,GOOGL,2026-04-10 21:05:36.467929
2024-04-25,154.7212371826172,155.2072260039545,149.63328396324783,150.08951991120836,57109700,GOOGL,2026-04-10 21:05:36.467929
2024-04-26,170.5404815673828,173.27786687075127,168.2593321924788,172.94064243070838,64665300,GOOGL,2026-04-10 21:05:36.467929
2024-04-29,164.78802490234375,168.1601634153097,163.8557430067843,167.67417460775002,45610000,GOOGL,2026-04-10 21:05:36.467929
2024-04-30,161.4456787109375,166.72207752926022,161.26716144885114,164.25248280108428,33562900,GOOGL,2026-04-10 21:05:36.467929
2024-05-01,162.5167999267578,165.7500714576766,161.7531075684998,162.95319556004813,33493200,GOOGL,2026-04-10 21:05:36.467929
2024-05-02,165.25418090820312,165.36327982367402,162.54656344896563,163.43917993284745,24294500,GOOGL,2026-04-10 21:05:36.467929
2024-05-03,165.86912536621094,166.58322467748795,161.71346872060798,166.18649443027212,34662400,GOOGL,2026-04-10 21:05:36.467929
2024-05-06,166.72206115722656,166.76172661144676,164.6690220425713,166.08730795373265,21871300,GOOGL,2026-04-10 21:05:36.467929
2024-05-07,169.84620666503906,170.35202057689946,167.00965043305126,167.11874933173186,28039700,GOOGL,2026-04-10 21:05:36.467929
2024-05-08,167.99154663085938,168.75522381569002,167.35679350646177,167.6146567610361,19569100,GOOGL,2026-04-10 21:05:36.467929
2024-05-09,168.56680297851562,169.2908147525702,166.80138015076668,168.00146814371737,15346700,GOOGL,2026-04-10 21:05:36.467929
2024-05-10,167.26751708984375,168.45769242107335,164.82769095498062,166.65260426676096,29799900,GOOGL,2026-04-10 21:05:36.467929
2024-05-13,167.75350952148438,167.89236129533526,162.65564420480408,162.91350746089623,31327600,GOOGL,2026-04-10 21:05:36.467929
2024-05-14,168.94366455078125,169.84620861991712,167.41629508538105,168.37834489380802,25127100,GOOGL,2026-04-10 21:05:36.467929
2024-05-15,171.09588623046875,171.23473800953292,169.11228073886124,169.23130735927975,26948400,GOOGL,2026-04-10 21:05:36.467929
2024-05-16,172.752197265625,173.68449428030138,171.27442084056955,171.86949341563104,27867900,GOOGL,2026-04-10 21:05:36.467929
2024-05-17,174.61680603027344,174.82509128603235,172.2662381363207,172.7522118435742,24479300,GOOGL,2026-04-10 21:05:36.467929
2024-05-20,175.46974182128906,177.30458297385175,174.63663113812171,174.74573004665857,22554400,GOOGL,2026-04-10 21:05:36.467929
2024-05-21,176.39212036132812,176.6896490712989,174.36883433127562,175.44989566739218,16989400,GOOGL,2026-04-10 21:05:36.467929
2024-05-22,174.93418884277344,175.69786612928917,173.7737813421162,175.19205213168274,17880000,GOOGL,2026-04-10 21:05:36.467929
2024-05-23,172.1273956298828,176.78886621440395,171.53230783879025,175.6185460612894,21024900,GOOGL,2026-04-10 21:05:36.467929
2024-05-24,173.55555725097656,174.32916213437795,172.22653015180546,173.54562953855606,16579400,GOOGL,2026-04-10 21:05:36.467929
2024-05-28,174.95401000976562,175.8168887472588,172.94065151179802,173.01999755281523,20572200,GOOGL,2026-04-10 21:05:36.467929
2024-05-29,174.45811462402344,175.3904117210104,173.28779452948098,173.99196607552997,23388700,GOOGL,2026-04-10 21:05:36.467929
2024-05-30,170.69915771484375,173.78366461622676,170.38177359705276,173.7638243254379,22931500,GOOGL,2026-04-10 21:05:36.467929
2024-05-31,171.0859832763672,171.64139042387083,168.05106912485823,170.4512300886902,37638900,GOOGL,2026-04-10 21:05:36.467929
2024-06-03,171.75048828125,173.09934068848278,169.75697011042396,171.12564767729586,27459100,GOOGL,2026-04-10 21:05:36.467929
2024-06-04,172.3654022216797,172.42492310208857,170.480982952228,171.85958824102724,26879600,GOOGL,2026-04-10 21:05:36.467929
2024-06-05,173.9721221923828,175.2019479039631,172.50424324144495,173.7638369582265,22068500,GOOGL,2026-04-10 21:05:36.467929
2024-06-06,175.2812957763672,175.6978511153371,174.30933331877074,174.4580976777925,23251000,GOOGL,2026-04-10 21:05:36.467929
2024-06-07,173.02992248535156,176.4119585188029,172.8712304058679,175.59868809544102,19661400,GOOGL,2026-04-10 21:05:36.467929
2024-06-10,173.77459716796875,175.8101292272444,171.54047994095143,173.73488619485127,23726700,GOOGL,2026-04-10 21:05:36.467929
2024-06-11,175.3732452392578,175.59169348463175,172.54337230776866,174.97607487552963,21540600,GOOGL,2026-04-10 21:05:36.467929
2024-06-12,176.53497314453125,179.1364888587314,174.86683954251944,176.99173266950717,27864700,GOOGL,2026-04-10 21:05:36.467929
2024-06-13,173.92355346679688,175.49240210344783,173.64553119205647,174.8668444097431,20913300,GOOGL,2026-04-10 21:05:36.467929
2024-06-14,175.5420379638672,175.8101362841722,172.92067425165644,172.99018739624864,18063600,GOOGL,2026-04-10 21:05:36.467929
2024-06-17,175.98887634277344,177.10096546528717,173.57602172386774,174.2214424940307,19618500,GOOGL,2026-04-10 21:05:36.467929
2024-06-18,173.8540496826172,176.13781719186318,172.87104771224654,175.88958192240335,21869900,GOOGL,2026-04-10 21:05:36.467929
2024-06-20,175.05552673339844,176.03852876935733,173.7547762588124,174.1320835908328,20160100,GOOGL,2026-04-10 21:05:36.467929
2024-06-21,178.36199951171875,179.57338876304848,175.3633134017814,175.75055979188994,57759000,GOOGL,2026-04-10 21:05:36.467929
2024-06-24,177.95489501953125,179.61310474396652,177.40877441541713,178.88826202454848,18298000,GOOGL,2026-04-10 21:05:36.467929
2024-06-25,182.73094177246094,182.98910099326696,178.15348288701358,178.35206806848578,23130200,GOOGL,2026-04-10 21:05:36.467929
2024-06-26,182.58200073242188,183.20754327614856,181.19187420519867,181.3408244497642,19839000,GOOGL,2026-04-10 21:05:36.467929
2024-06-27,184.10121154785156,184.73669324083986,182.7210240356858,182.87988309562385,18848900,GOOGL,2026-04-10 21:05:36.467929
2024-06-28,180.8642120361328,183.82318736943728,180.67556595744807,183.01890751714419,29156600,GOOGL,2026-04-10 21:05:36.467929
2024-07-01,181.69830322265625,182.5820202242078,180.02023028518573,181.73801420146654,16006100,GOOGL,2026-04-10 21:05:36.467929
2024-07-02,183.9324188232422,184.26009121150622,180.27838761712013,180.76493422110232,17372500,GOOGL,2026-04-10 21:05:36.467929
2024-07-03,184.50831604003906,184.77639921891327,182.7011560285435,183.54516199454144,10242100,GOOGL,2026-04-10 21:05:36.467929
2024-07-05,189.2545623779297,189.5127215858847,184.48844250446135,184.54801654082962,20967500,GOOGL,2026-04-10 21:05:36.467929
2024-07-08,187.6956329345703,188.82758504993222,186.45445670495957,188.55948674203475,21035900,GOOGL,2026-04-10 21:05:36.467929
2024-07-09,187.64596557617188,190.00916974808453,187.38780639857262,188.96657878100095,15121400,GOOGL,2026-04-10 21:05:36.467929
2024-07-10,189.8304443359375,190.39642795230205,187.69562734501247,187.81477541116223,15952500,GOOGL,2026-04-10 21:05:36.467929
2024-07-11,184.26007080078125,189.51272208583228,183.77352425069444,188.5098571184734,25625800,GOOGL,2026-04-10 21:05:36.467929
2024-07-12,183.7635955810547,185.78918852634615,183.18768799095292,183.77351953652854,22898400,GOOGL,2026-04-10 21:05:36.467929
2024-07-15,185.21327209472656,186.91120776647892,183.6146365772807,183.6146365772807,16474000,GOOGL,2026-04-10 21:05:36.467929
2024-07-16,182.6217041015625,187.3480977347005,182.07558352972123,186.03742351335848,18290700,GOOGL,2026-04-10 21:05:36.467929
2024-07-17,179.74220275878906,182.2543425380115,178.63009842037727,181.6784348799773,20734100,GOOGL,2026-04-10 21:05:36.467929
2024-07-18,176.43569946289062,181.21174353968178,175.22431015700485,180.64575986268414,25315700,GOOGL,2026-04-10 21:05:36.467929
2024-07-19,176.40589904785156,179.01732353591333,175.87964153783852,177.61728826175099,18881900,GOOGL,2026-04-10 21:05:36.467929
2024-07-22,180.38760375976562,181.41033185766577,178.9577661837674,179.31522557776697,24100300,GOOGL,2026-04-10 21:05:36.467929
2024-07-23,180.5067596435547,182.31391975552617,180.25852436340998,180.76493403159583,36352700,GOOGL,2026-04-10 21:05:36.467929
2024-07-24,171.4114227294922,174.9462905344622,170.60714288242724,172.37457678491225,49585200,GOOGL,2026-04-10 21:05:36.467929
2024-07-25,166.09918212890625,172.19583973492487,166.0098210682456,171.30219882616154,44852000,GOOGL,2026-04-10 21:05:36.467929
2024-07-26,165.82115173339844,166.90345381803442,162.90190268589552,165.97008682721892,41336900,GOOGL,2026-04-10 21:05:36.467929
2024-07-29,168.33328247070312,169.22692328878654,166.80416003394157,167.6382268176297,20293800,GOOGL,2026-04-10 21:05:36.467929
2024-07-30,169.08795166015625,170.02131881993915,167.25101951582732,169.03831672061582,18959700,GOOGL,2026-04-10 21:05:36.467929
2024-07-31,170.32908630371094,173.01996298271357,168.80988784082692,172.01709806342805,25729100,GOOGL,2026-04-10 21:05:36.467929
2024-08-01,169.5546112060547,172.82139580223534,167.6878923021726,169.0482167160951,24531400,GOOGL,2026-04-10 21:05:36.467929
2024-08-02,165.48358154296875,167.32051364473287,163.50762313025547,165.26513327016306,29130100,GOOGL,2026-04-10 21:05:36.467929
2024-08-05,158.12586975097656,163.26929736266635,153.8363569379613,154.40234063596142,53630700,GOOGL,2026-04-10 21:05:36.467929
2024-08-06,157.17262268066406,159.4365420774317,155.30590392172098,158.2052897951303,49004600,GOOGL,2026-04-10 21:05:36.467929
2024-08-07,157.8180694580078,161.82954505412678,157.35138590349095,160.11176109982324,25138600,GOOGL,2026-04-10 21:05:36.467929
2024-08-08,160.88624572753906,162.53453159498838,159.0791007984094,159.37697100848436,25578800,GOOGL,2026-04-10 21:05:36.467929
2024-08-09,162.5146484375,162.63379650679866,157.9371899119943,158.88048081312152,28602300,GOOGL,2026-04-10 21:05:36.467929
2024-08-12,161.14442443847656,163.7360016369403,160.69760391827538,163.18989608507255,15895300,GOOGL,2026-04-10 21:05:36.467929
2024-08-13,163.001220703125,163.56718927271257,161.81961832579947,162.25651485029758,18551700,GOOGL,2026-04-10 21:05:36.467929
2024-08-14,159.2379608154297,162.0678490367502,156.59674898008666,161.25363005478357,40591100,GOOGL,2026-04-10 21:05:36.467929
2024-08-15,160.161376953125,160.49897323710096,158.48330433720005,159.3670211694173,31524300,GOOGL,2026-04-10 21:05:36.467929
2024-08-16,161.8096923828125,163.89485965448893,159.99260830608642,160.3302046522989,24208600,GOOGL,2026-04-10 21:05:36.467929
2024-08-19,165.49349975585938,165.51336282117407,163.10050794660387,164.11331216253947,22416200,GOOGL,2026-04-10 21:05:36.467929
2024-08-20,165.9998779296875,167.44957853320707,165.642433695725,165.72185564699794,18341500,GOOGL,2026-04-10 21:05:36.467929
2024-08-21,164.6792755126953,165.67221654044488,163.50759722139043,163.98420467240848,22902000,GOOGL,2026-04-10 21:05:36.467929
2024-08-22,162.6437530517578,166.4069931043409,162.15720646482643,166.07932072756,22493300,GOOGL,2026-04-10 21:05:36.467929
2024-08-23,164.45089721679688,165.00694179876172,162.67353934579646,163.55725630307884,13955700,GOOGL,2026-04-10 21:05:36.467929
2024-08-26,164.98709106445312,166.36727853932712,163.29909428347517,165.20553931092914,14190400,GOOGL,2026-04-10 21:05:36.467929
2024-08-27,163.51751708984375,165.26510295168842,163.29908400819048,164.66933228950003,11821900,GOOGL,2026-04-10 21:05:36.467929
2024-08-28,161.70046997070312,164.43105809322844,160.3897803993729,163.8749983304621,16407400,GOOGL,2026-04-10 21:05:36.467929
2024-08-29,160.6379852294922,164.7984102225247,159.11878679232862,163.15012461387778,19699800,GOOGL,2026-04-10 21:05:36.467929
2024-08-30,162.22671508789062,162.50473737235887,160.54864227379994,161.472070186267,22123800,GOOGL,2026-04-10 21:05:36.467929
2024-09-03,156.24920654296875,160.70751737773818,155.37541355771157,160.57843019098567,38945300,GOOGL,2026-04-10 21:05:36.467929
2024-09-04,155.34561157226562,157.8776140734706,154.85908019413716,155.55413584223268,19353800,GOOGL,2026-04-10 21:05:36.467929
2024-09-05,156.13006591796875,158.32445729106303,154.87895042005644,155.1966988484402,18688700,GOOGL,2026-04-10 21:05:36.467929
2024-09-06,149.8546600341797,156.71588626121135,149.48727669749047,156.18962872176218,37912100,GOOGL,2026-04-10 21:05:36.467929
2024-09-09,147.85621643066406,152.51927694187998,146.3747655212842,151.63438731483413,39260500,GOOGL,2026-04-10 21:05:36.467929
2024-09-10,147.8064727783203,150.40148807942415,147.4883027750186,149.58618882434916,31118800,GOOGL,2026-04-10 21:05:36.467929
2024-09-11,150.2921600341797,150.63020437651454,146.6730587008917,149.05927369184766,29607700,GOOGL,2026-04-10 21:05:36.467929
2024-09-12,153.8018798828125,153.931138367879,151.7735836501272,152.91699025153633,29621500,GOOGL,2026-04-10 21:05:36.467929
2024-09-13,156.55596923828125,157.47068534964538,154.318887339598,154.53761027887018,29591200,GOOGL,2026-04-10 21:05:36.467929
2024-09-16,157.15252685546875,157.34143843484944,155.70091765708278,156.4068328344505,18379800,GOOGL,2026-04-10 21:05:36.467929
2024-09-17,158.40530395507812,159.6282379126932,157.4706983462141,158.10702330973243,20715600,GOOGL,2026-04-10 21:05:36.467929
2024-09-18,158.89248657226562,159.57852752922,157.6894419945441,158.9422025434275,23677300,GOOGL,2026-04-10 21:05:36.467929
2024-09-19,161.2091064453125,162.8496272464335,160.41369644399956,162.77009990036774,26587700,GOOGL,2026-04-10 21:05:36.467929
2024-09-20,162.6507568359375,162.7899524297552,161.12954242807913,162.56127720516508,40896400,GOOGL,2026-04-10 21:05:36.467929
2024-09-23,160.9207763671875,164.5398774216767,160.74180191250147,163.40642311261095,24150900,GOOGL,2026-04-10 21:05:36.467929
2024-09-24,161.35824584960938,162.2829143760533,159.76744095244402,162.0940027861785,23332100,GOOGL,2026-04-10 21:05:36.467929
2024-09-25,160.5628204345703,161.87523384572484,160.37390888064178,160.54293101542476,18869200,GOOGL,2026-04-10 21:05:36.467929
2024-09-26,161.7957000732422,163.13795527115403,161.34828673099906,162.7004790534292,20319300,GOOGL,2026-04-10 21:05:36.467929
2024-09-27,163.00869750976562,164.7486500925775,161.69628402203105,161.87524329123835,21101300,GOOGL,2026-04-10 21:05:36.467929
2024-09-30,164.89781188964844,165.19607736347226,162.32267031989335,162.38233858584195,20413900,GOOGL,2026-04-10 21:05:36.467929
2024-10-01,166.03125,168.18878935347016,163.63508311957565,166.72722798963838,28338100,GOOGL,2026-04-10 21:05:36.467929
2024-10-02,164.90774536132812,166.5582184121097,163.7842281975384,165.46452779504156,17760200,GOOGL,2026-04-10 21:05:36.467929
2024-10-03,164.90774536132812,165.6832659184552,162.9788810936898,163.4660733087808,15073100,GOOGL,2026-04-10 21:05:36.467929
2024-10-04,166.100830078125,167.26411075507784,164.52989975669306,167.0950886229922,19047400,GOOGL,2026-04-10 21:05:36.467929
2024-10-07,162.0442657470703,167.51268816069472,161.81559051224986,166.75705707061962,22463100,GOOGL,2026-04-10 21:05:36.467929
2024-10-08,163.43621826171875,163.7841996365162,161.9348782063516,162.99874209117948,23072700,GOOGL,2026-04-10 21:05:36.467929
2024-10-09,160.93069458007812,163.89358090449505,158.8228712424478,162.51156208330087,31181800,GOOGL,2026-04-10 21:05:36.467929
2024-10-10,161.14944458007812,162.13376610989224,159.4790821511072,159.94638493252756,14144100,GOOGL,2026-04-10 21:05:36.467929
2024-10-11,162.30279541015625,162.9589946210884,160.31427801309022,161.19916764793726,15344300,GOOGL,2026-04-10 21:05:36.467929
2024-10-14,164.01290893554688,165.27560646204375,162.46185274166893,162.70048027253844,19016100,GOOGL,2026-04-10 21:05:36.467929
2024-10-15,164.51004028320312,166.71728049354707,163.68480379630955,164.83813228183462,20247200,GOOGL,2026-04-10 21:05:36.467929
2024-10-16,164.21176147460938,164.84808640066018,162.7999160190336,163.58537367338423,16406000,GOOGL,2026-04-10 21:05:36.467929
2024-10-17,161.9945526123047,165.4148047545223,161.82553046438127,164.77847983302945,21453400,GOOGL,2026-04-10 21:05:36.467929
2024-10-18,162.48175048828125,163.76435267205474,162.14370618061358,162.25307524146882,19757700,GOOGL,2026-04-10 21:05:36.467929
2024-10-21,163.12802124023438,163.5555451703661,161.68633408506915,162.01444125458505,20946500,GOOGL,2026-04-10 21:05:36.467929
2024-10-22,164.19189453125,164.81828241822615,162.04429192263328,162.04429192263328,16568100,GOOGL,2026-04-10 21:05:36.467929
2024-10-23,161.8454132080078,164.867967838788,161.00028733207427,163.81404098216163,18280500,GOOGL,2026-04-10 21:05:36.467929
2024-10-24,161.78575134277344,162.3922496608961,160.08556255879625,161.89512038935888,22412500,GOOGL,2026-04-10 21:05:36.467929
2024-10-25,164.3211212158203,164.63927607521566,162.48173675810202,162.73030140529735,19828900,GOOGL,2026-04-10 21:05:36.467929
2024-10-28,165.7628173828125,167.78116139958385,163.00871644109216,167.78116139958385,32138600,GOOGL,2026-04-10 21:05:36.467929
2024-10-29,168.70579528808594,169.40178845873763,166.13066910445878,166.76699401414237,42169000,GOOGL,2026-04-10 21:05:36.467929
2024-10-30,173.4583740234375,180.97496713171114,173.06066145323211,179.64264898550226,68890800,GOOGL,2026-04-10 21:05:36.467929
2024-10-31,170.12759399414062,175.80481742033143,170.01822493850247,172.13600066532192,44769000,GOOGL,2026-04-10 21:05:36.467929
2024-11-01,170.3065643310547,171.33066473922122,167.91041241830663,169.09358268677013,31796500,GOOGL,2026-04-10 21:05:36.467929
2024-11-04,168.26834106445312,169.7497767581588,167.04539198951443,168.95436679599575,21492700,GOOGL,2026-04-10 21:05:36.467929
2024-11-05,168.76547241210938,169.55093008750674,167.87063050478386,168.45723948005892,18242100,GOOGL,2026-04-10 21:05:36.467929
2024-11-06,175.49658203125,175.92412112315387,172.50386907265272,172.80214969030013,33695500,GOOGL,2026-04-10 21:05:36.467929
2024-11-07,179.71224975585938,180.0403569286527,176.1726914135067,176.39142952870222,25352900,GOOGL,2026-04-10 21:05:36.467929
2024-11-08,177.32603454589844,179.86138194143007,177.05758046511664,179.6128172813832,22006200,GOOGL,2026-04-10 21:05:36.467929
2024-11-11,179.31454467773438,179.513393363608,177.44533365392132,177.55470270682915,17450400,GOOGL,2026-04-10 21:05:36.467929
2024-11-12,180.57723999023438,181.44225527864106,178.3600475857902,178.78758666786376,25134900,GOOGL,2026-04-10 21:05:36.467929
2024-11-13,177.85299682617188,179.92105669289288,177.5149373462163,179.42392735486908,23184000,GOOGL,2026-04-10 21:05:36.467929
2024-11-14,174.57192993164062,177.79333331489727,173.3191695348543,177.2564251654299,31007500,GOOGL,2026-04-10 21:05:36.467929
2024-11-15,171.4996795654297,173.1402002652983,170.236966835199,172.73255057874763,32504600,GOOGL,2026-04-10 21:05:36.467929
2024-11-18,174.29354858398438,174.4327441914951,171.90731866370794,172.424337422112,20135300,GOOGL,2026-04-10 21:05:36.467929
2024-11-19,177.09732055664062,177.8430144374994,172.56350418840825,172.72258919074153,23434900,GOOGL,2026-04-10 21:05:36.467929
2024-11-20,174.96963500976562,176.65987170014589,172.78226898861567,176.32182739630647,18997100,GOOGL,2026-04-10 21:05:36.467929
2024-11-21,166.66757202148438,173.13025284582125,162.7601278802168,172.90156244724747,59734400,GOOGL,2026-04-10 21:05:36.467929
2024-11-22,163.81405639648438,165.5043083073982,162.95899331574788,164.8978098993039,38604600,GOOGL,2026-04-10 21:05:36.467929
2024-11-25,166.6874542236328,167.6618386099698,164.65917328191838,165.13641317917185,33135300,GOOGL,2026-04-10 21:05:36.467929
2024-11-26,168.1490020751953,168.84499520108912,166.61785057482837,166.66756653684672,20486700,GOOGL,2026-04-10 21:05:36.467929
2024-11-27,168.25839233398438,168.5069570042289,167.0553478258637,168.0297170852908,19266500,GOOGL,2026-04-10 21:05:36.467929
2024-11-29,167.98001098632812,168.45725093330546,166.20029451813454,167.53259758783784,14257200,GOOGL,2026-04-10 21:05:36.467929
2024-12-02,170.5054168701172,171.09202581712017,167.60218350894124,167.80103219947992,23789100,GOOGL,2026-04-10 21:05:36.467929
2024-12-03,170.3562774658203,171.68858044714352,169.86910042539293,170.50542536954606,22248700,GOOGL,2026-04-10 21:05:36.467929
2024-12-04,173.36888122558594,173.9057894087997,170.0778874212496,170.16736706139073,31615100,GOOGL,2026-04-10 21:05:36.467929
2024-12-05,171.64881896972656,175.04918185581036,171.3406012044101,174.35320380974355,21356200,GOOGL,2026-04-10 21:05:36.467929
2024-12-06,173.70692443847656,174.07479526094843,170.8732813965907,171.04230353586647,21462400,GOOGL,2026-04-10 21:05:36.467929
2024-12-09,174.56297302246094,175.44887679032834,172.85088694703188,173.15947313956298,25389600,GOOGL,2026-04-10 21:05:36.467929
2024-12-10,184.31785583496094,185.50238194938174,180.21682071285838,182.0085402477567,54813000,GOOGL,2026-04-10 21:05:36.467929
2024-12-11,194.50079345703125,194.7098337526011,183.99935507018319,184.45722971599074,67894100,GOOGL,2026-04-10 21:05:36.467929
2024-12-12,191.07662963867188,194.28179760891206,190.8277801088796,194.10263323797517,34817500,GOOGL,2026-04-10 21:05:36.467929
2024-12-13,188.94647216796875,191.84306905787375,188.7672926142497,190.13098313311997,25143500,GOOGL,2026-04-10 21:05:36.467929
2024-12-16,195.7550048828125,198.08423292115103,191.73358782946704,191.98243736831273,44934900,GOOGL,2026-04-10 21:05:36.467929
2024-12-17,194.52069091796875,200.4930793963414,194.082713332717,196.3422712265007,43504000,GOOGL,2026-04-10 21:05:36.467929
2024-12-18,187.53298950195312,196.09341894237798,186.87603832190538,194.32161160052223,34166100,GOOGL,2026-04-10 21:05:36.467929
2024-12-19,187.64248657226562,192.1416901461699,187.513095150107,190.748138909751,32265200,GOOGL,2026-04-10 21:05:36.467929
2024-12-20,190.52914428710938,192.00232914747002,184.3676279309519,184.925048408463,63462900,GOOGL,2026-04-10 21:05:36.467929
2024-12-23,193.73434448242188,194.20218282242337,189.2749498878787,191.73358450411797,25675000,GOOGL,2026-04-10 21:05:36.467929
2024-12-24,195.20751953125,195.20751953125,192.88824016493578,193.94335970742864,10403300,GOOGL,2026-04-10 21:05:36.467929
2024-12-26,194.69989013671875,195.84459196860374,193.48550314170072,194.25194880473947,12046600,GOOGL,2026-04-10 21:05:36.467929
2024-12-27,191.87294006347656,194.42117206113832,189.77264937982267,194.05286442098586,18891400,GOOGL,2026-04-10 21:05:36.467929
2024-12-30,190.3599395751953,191.66390866604786,188.24968525874627,188.9265638700057,14264700,GOOGL,2026-04-10 21:05:36.467929
2024-12-31,188.4288787841797,191.07664159206533,187.64250571524292,190.20068633205602,17466900,GOOGL,2026-04-10 21:05:36.467929
2025-01-02,188.5582733154297,191.1164539742449,186.63716208422355,189.77266033181004,20370800,GOOGL,2026-04-10 21:05:36.467929
2025-01-03,190.9073944091797,192.32087307336826,189.10572628313417,190.489329030918,18596200,GOOGL,2026-04-10 21:05:36.467929
2025-01-06,195.9640350341797,197.30782865396526,192.95794346331456,193.0873348986171,29563600,GOOGL,2026-04-10 21:05:36.467929
2025-01-07,194.59039306640625,200.0750314967655,193.70448930563006,196.20293323603758,26487200,GOOGL,2026-04-10 21:05:36.467929
2025-01-08,193.05746459960938,195.38669258245946,191.49469743094454,191.683825506133,24864800,GOOGL,2026-04-10 21:05:36.467929
2025-01-10,191.15625,195.61564455345277,189.4342154897214,193.40585949210492,26665200,GOOGL,2026-04-10 21:05:36.467929
2025-01-13,190.13099670410156,190.30021256834414,186.4977995025927,189.19533519391976,21823700,GOOGL,2026-04-10 21:05:36.467929
2025-01-14,188.78720092773438,191.09651654383717,187.44340746260227,190.3599316953501,17174900,GOOGL,2026-04-10 21:05:36.467929
2025-01-15,194.6501007080078,195.4563707355863,190.97707930364396,192.20141470890871,21776000,GOOGL,2026-04-10 21:05:36.467929
2025-01-16,192.0222625732422,194.5804279448186,191.92271668187493,193.2465980564925,17815400,GOOGL,2026-04-10 21:05:36.467929
2025-01-17,195.09800720214844,196.32234248434244,192.85836171130745,195.62556692490554,27735100,GOOGL,2026-04-10 21:05:36.467929
2025-01-21,197.1385955810547,201.3590737795005,196.9594160260543,198.15390588987137,29971300,GOOGL,2026-04-10 21:05:36.467929
2025-01-22,197.45712280273438,199.5574134711185,196.62099201618707,198.14394994474472,26200600,GOOGL,2026-04-10 21:05:36.467929
2025-01-23,197.06890869140625,199.37823954000908,194.30170322912596,197.22817603032425,26951400,GOOGL,2026-04-10 21:05:36.467929
2025-01-24,199.28868103027344,199.9754930323733,197.08884431729592,197.18839021308668,23877500,GOOGL,2026-04-10 21:05:36.467929
2025-01-27,190.92730712890625,195.97398278636885,189.85227535828872,191.5245520643281,41728900,GOOGL,2026-04-10 21:05:36.467929
2025-01-28,194.40126037597656,194.58042475121238,189.80251062684363,191.8629920734772,24157900,GOOGL,2026-04-10 21:05:36.467929
2025-01-29,194.51075744628906,195.88439657430914,192.5398581602494,194.66006109436606,18218300,GOOGL,2026-04-10 21:05:36.467929
2025-01-30,199.94561767578125,200.47317747002577,196.76034669489817,197.08882990069444,24354700,GOOGL,2026-04-10 21:05:36.467929
2025-01-31,203.0811309814453,204.5344037474068,200.87134591508243,201.0704225036096,32001100,GOOGL,2026-04-10 21:05:36.467929
2025-02-03,200.303955078125,202.8123625387659,199.17916555521708,199.76644678798675,27838300,GOOGL,2026-04-10 21:05:36.467929
2025-02-04,205.43028259277344,206.09719755510824,201.8767037764101,202.4540365472158,43856400,GOOGL,2026-04-10 21:05:36.467929
2025-02-05,190.4495391845703,191.86300280413045,187.16472209106553,190.19074112078758,70373900,GOOGL,2026-04-10 21:05:36.467929
2025-02-06,190.71827697753906,191.21597601434,187.85152566522362,188.62793494754752,29297400,GOOGL,2026-04-10 21:05:36.467929
2025-02-07,184.48707580566406,190.3001969256679,182.39674895869484,190.17080550398342,49315000,GOOGL,2026-04-10 21:05:36.467929
2025-02-10,185.6118927001953,187.33392723255807,185.00469922620795,186.4878479252447,23105600,GOOGL,2026-04-10 21:05:36.467929
2025-02-11,184.46719360351562,186.07973375626966,183.43197101543439,184.17851963260873,21239500,GOOGL,2026-04-10 21:05:36.467929
2025-02-12,182.7650604248047,184.25815769470228,180.9932528796119,182.37685574217417,22072600,GOOGL,2026-04-10 21:05:36.467929
2025-02-13,185.28341674804688,185.42277188580212,182.2972222059454,183.47179995722882,21402500,GOOGL,2026-04-10 21:05:36.467929
2025-02-14,184.37759399414062,185.54220800020582,183.4717932262479,184.20837813225802,20448400,GOOGL,2026-04-10 21:05:36.467929
2025-02-18,182.92430114746094,185.10422527431422,180.90364435146645,184.74588137416617,29916700,GOOGL,2026-04-10 21:05:36.467929
2025-02-19,184.4174041748047,184.6065322377559,182.74512752374517,183.22292953180167,19549400,GOOGL,2026-04-10 21:05:36.467929
2025-02-20,183.710693359375,184.4572420256199,181.87916427677797,183.9495944004591,20441500,GOOGL,2026-04-10 21:05:36.467929
2025-02-21,178.83322143554688,184.48707519951907,178.25588873059436,184.29794713548316,35199200,GOOGL,2026-04-10 21:05:36.467929
2025-02-24,178.42510986328125,182.27729565940143,178.06676593885823,181.15250613186586,29854200,GOOGL,2026-04-10 21:05:36.467929
2025-02-25,174.61273193359375,177.91746089820734,173.88609557732903,177.22067008112575,41913400,GOOGL,2026-04-10 21:05:36.467929
2025-02-26,171.93511962890625,175.26970953461128,170.79041782229913,174.26436286262216,35431300,GOOGL,2026-04-10 21:05:36.467929
2025-02-27,167.72459411621094,173.75670468511518,167.16717356296937,173.1893356179125,39991000,GOOGL,2026-04-10 21:05:36.467929
2025-02-28,169.4963836669922,169.82486685567105,166.00254187779413,167.90374066525882,48130600,GOOGL,2026-04-10 21:05:36.467929
2025-03-03,166.24143981933594,172.57217267061702,165.1664079930538,171.13879690224084,40770500,GOOGL,2026-04-10 21:05:36.467929
2025-03-04,170.13345336914062,172.49254217135646,165.03701959982106,165.47499722472898,45388000,GOOGL,2026-04-10 21:05:36.467929
2025-03-05,172.22378540039062,172.98028249678805,168.2820021982634,169.73529012314535,30954900,GOOGL,2026-04-10 21:05:36.467929
2025-03-06,171.55686950683594,174.0055403400316,169.71537693678601,169.7452376648565,28302000,GOOGL,2026-04-10 21:05:36.467929
2025-03-07,173.05990600585938,174.16479845161754,169.48643064283362,170.47186499407138,27385800,GOOGL,2026-04-10 21:05:36.467929
2025-03-10,165.2968292236328,167.87789100205225,163.12436954047675,167.6785699397653,43604000,GOOGL,2026-04-10 21:05:36.467929
2025-03-11,163.47315979003906,166.17380218640486,160.81238769070245,164.34016388069963,39587400,GOOGL,2026-04-10 21:05:36.467929
2025-03-12,166.53256225585938,167.06072965689114,162.96493090148982,166.0043948548276,28372400,GOOGL,2026-04-10 21:05:36.467929
2025-03-13,162.19757080078125,165.55593597038603,161.54982298434425,165.4662354123983,31756200,GOOGL,2026-04-10 21:05:36.467929
2025-03-14,164.91815185546875,165.91469633780176,161.88864811378173,162.70582188820455,31995900,GOOGL,2026-04-10 21:05:36.467929
2025-03-17,163.7222900390625,165.72535422603255,163.10443731189008,164.45973844695973,31184300,GOOGL,2026-04-10 21:05:36.467929
2025-03-18,160.11480712890625,163.68243835584954,156.17845929337233,163.11440067725707,42074800,GOOGL,2026-04-10 21:05:36.467929
2025-03-19,163.3236846923828,165.2968386316175,160.44367156873926,161.20103994792456,34275600,GOOGL,2026-04-10 21:05:36.467929
2025-03-20,162.23745727539062,164.32023175461748,160.4038189359583,161.0117117252994,28138500,GOOGL,2026-04-10 21:05:36.467929
2025-03-21,163.42335510253906,163.6724912535671,160.33406074736575,160.65296231959232,36625800,GOOGL,2026-04-10 21:05:36.467929
2025-03-24,167.1005859375,167.7383890591239,164.56936942432435,166.492708348571,30879100,GOOGL,2026-04-10 21:05:36.467929
2025-03-25,169.9706268310547,170.04039224469534,167.7383768915496,168.3960847024039,24174400,GOOGL,2026-04-10 21:05:36.467929
2025-03-26,164.4896240234375,169.02390429945322,164.27038302856647,168.41601157841293,28901600,GOOGL,2026-04-10 21:05:36.467929
2025-03-27,161.67938232421875,164.84838647984,161.44020617422274,164.06112302928733,24508300,GOOGL,2026-04-10 21:05:36.467929
2025-03-28,153.79672241210938,161.26084657481337,153.0991442674789,159.9354404969839,48669300,GOOGL,2026-04-10 21:05:36.467929
2025-03-31,154.10565185546875,155.00253588696825,150.13940872047658,152.58093987828155,54603500,GOOGL,2026-04-10 21:05:36.467929
2025-04-01,156.52725219726562,157.55369181763876,153.0891615011919,153.0891615011919,30672900,GOOGL,2026-04-10 21:05:36.467929
2025-04-02,156.49734497070312,157.86262130532444,154.1654344397735,154.61387643325034,25041700,GOOGL,2026-04-10 21:05:36.467929
2025-04-03,150.19918823242188,152.25206746912303,149.87032672274708,150.58783997911712,46883400,GOOGL,2026-04-10 21:05:36.467929
2025-04-04,145.09689331054688,150.54799324363788,144.8776522919314,147.49855413182192,62259500,GOOGL,2026-04-10 21:05:36.467929
2025-04-07,146.24290466308594,152.3218321659185,140.04439668677543,141.06087632952463,76794100,GOOGL,2026-04-10 21:05:36.467929
2025-04-08,144.19998168945312,151.7139355045659,142.5357542501846,150.69745588802078,52200200,GOOGL,2026-04-10 21:05:36.467929
2025-04-09,158.16159057617188,158.99868434001036,143.41272834835817,143.9209605893895,70406200,GOOGL,2026-04-10 21:05:36.467929
2025-04-10,152.29193115234375,157.17499290712513,149.41190307502956,155.99906254121734,48022000,GOOGL,2026-04-10 21:05:36.467929
2025-04-11,156.5970001220703,157.1251674838408,152.29193584419684,152.37164602184413,33636200,GOOGL,2026-04-10 21:05:36.467929
2025-04-14,158.52032470703125,161.16116127961118,157.015532933999,159.44710369836886,30333000,GOOGL,2026-04-10 21:05:36.467929
2025-04-15,155.76988220214844,159.09833747842598,154.6736922783896,158.58014524074957,27551500,GOOGL,2026-04-10 21:05:36.467929
2025-04-16,152.8001708984375,155.35132240030543,150.98645259897873,152.57096991980188,28187400,GOOGL,2026-04-10 21:05:36.467929
2025-04-17,150.63766479492188,154.14549035907424,147.98685287180376,153.75683862644127,33046600,GOOGL,2026-04-10 21:05:36.467929
2025-04-21,147.15972900390625,148.43530478654532,145.59516199807078,148.36555457655837,26049100,GOOGL,2026-04-10 21:05:36.467929
2025-04-22,150.94659423828125,151.66410748339032,148.02671099242252,148.37550764431742,26971800,GOOGL,2026-04-10 21:05:36.467929
2025-04-23,154.81320190429688,156.98566172409713,153.27851478210604,155.07229801307963,31128800,GOOGL,2026-04-10 21:05:36.467929
2025-04-24,158.72959899902344,159.03852534598082,155.2516533895316,155.61041000027018,45894000,GOOGL,2026-04-10 21:05:36.467929
2025-04-25,161.40036010742188,165.52605388757996,160.4835257508864,164.49961422965615,56034000,GOOGL,2026-04-10 21:05:36.467929
2025-04-28,160.05499267578125,162.5862086975955,158.05194395622814,161.86869553111612,29745800,GOOGL,2026-04-10 21:05:36.467929
2025-04-29,159.60658264160156,160.18458031932272,156.97570557414937,159.76603342291708,26809000,GOOGL,2026-04-10 21:05:36.467929
2025-04-30,158.2512664794922,158.7196436016194,154.86300612354924,157.43409270690867,34981100,GOOGL,2026-04-10 21:05:36.467929
2025-05-01,160.74264526367188,161.39039316416392,158.3609043039561,159.8955762805081,30203200,GOOGL,2026-04-10 21:05:36.467929
2025-05-02,163.4632110595703,164.39996542535462,161.31067105386134,162.84535826769726,25715000,GOOGL,2026-04-10 21:05:36.467929
2025-05-05,163.642578125,164.81849332954616,162.15772135408076,162.436752596043,21341800,GOOGL,2026-04-10 21:05:36.467929
2025-05-06,162.66595458984375,164.23053675483612,160.63301049910467,161.6096198520829,21277200,GOOGL,2026-04-10 21:05:36.467929
2025-05-07,150.85693359375,164.42986682579297,147.32915702645502,163.513047574886,127490100,GOOGL,2026-04-10 21:05:36.467929
2025-05-08,153.74688720703125,155.39117958130052,152.37165090458322,154.46440047734652,57498700,GOOGL,2026-04-10 21:05:36.467929
2025-05-09,152.22218322753906,154.5142387821615,151.67408067225014,153.6372746936992,32435300,GOOGL,2026-04-10 21:05:36.467929
2025-05-12,157.91246032714844,158.5502482480448,155.7100901217978,156.94581087118723,44138800,GOOGL,2026-04-10 21:05:36.467929
2025-05-13,158.97874450683594,160.01515931291138,155.62039437316713,158.24129609505388,42382100,GOOGL,2026-04-10 21:05:36.467929
2025-05-14,164.79855346679688,166.4229258122212,159.0584628171564,159.40725946266062,48755900,GOOGL,2026-04-10 21:05:36.467929
2025-05-15,163.39344787597656,165.6356730691148,161.80893051621783,165.26694125278715,33146700,GOOGL,2026-04-10 21:05:36.467929
2025-05-16,165.61572265625,168.76480673115492,165.04768502743337,167.15039440077075,42846900,GOOGL,2026-04-10 21:05:36.467929
2025-05-19,165.96450805664062,166.06416858529283,163.65253281131433,163.94152401470697,30426100,GOOGL,2026-04-10 21:05:36.467929
2025-05-20,163.41336059570312,167.91774593119885,162.337090725838,165.8548915457752,46607700,GOOGL,2026-04-10 21:05:36.467929
2025-05-21,167.9775390625,172.54171471286378,162.9948165454298,163.1243721968136,73416000,GOOGL,2026-04-10 21:05:36.467929
2025-05-22,170.27955627441406,176.15917803179707,170.12012070875053,171.25618084668935,74864400,GOOGL,2026-04-10 21:05:36.467929
2025-05-23,167.88784790039062,169.3727046333075,167.30985028367255,168.47580548761593,35211400,GOOGL,2026-04-10 21:05:36.467929
2025-05-27,172.30255126953125,172.5716225630013,169.4125780788469,169.57202886061165,37995700,GOOGL,2026-04-10 21:05:36.467929
2025-05-28,171.764404296875,174.66435233443565,171.31596232961738,172.56164290870063,34784000,GOOGL,2026-04-10 21:05:36.467929
2025-05-29,171.26614379882812,173.81729536660228,170.04039828273065,173.39874848808273,29317300,GOOGL,2026-04-10 21:05:36.467929
2025-05-30,171.1465606689453,171.61493780799663,166.86141620850907,170.75790891590938,52639900,GOOGL,2026-04-10 21:05:36.467929
2025-06-02,168.44593811035156,169.28303195267003,166.8116055203689,167.2600475640349,38612300,GOOGL,2026-04-10 21:05:36.467929
2025-06-03,165.6057586669922,167.89781407143477,164.70887469424017,166.91124474262,45084900,GOOGL,2026-04-10 21:05:36.467929
2025-06-04,167.4693145751953,167.63872532387313,165.78515185366567,166.1638436483944,26900800,GOOGL,2026-04-10 21:05:36.467929
2025-06-05,167.62875366210938,170.339340657981,167.0108857444217,169.7513830642687,36379100,GOOGL,2026-04-10 21:05:36.467929
2025-06-06,173.07984924316406,173.897023068816,170.239706414102,170.239706414102,35731800,GOOGL,2026-04-10 21:05:36.467929
2025-06-09,175.69395446777344,176.07310468622353,173.97782168090652,174.14743750903665,28935900,GOOGL,2026-04-10 21:05:36.467929
2025-06-10,178.19833374023438,180.70268325607967,174.5166301339373,175.80372221831115,61766100,GOOGL,2026-04-10 21:05:36.467929
2025-06-11,176.9511260986328,179.96432281914957,176.3524694759701,179.3656814209572,31646800,GOOGL,2026-04-10 21:05:36.467929
2025-06-12,175.30484008789062,176.32255032681226,174.3569797237004,175.78375628436552,20941900,GOOGL,2026-04-10 21:05:36.467929
2025-06-13,174.27716064453125,176.73163473712606,172.00228964381978,172.05218023736916,27663100,GOOGL,2026-04-10 21:05:36.467929
2025-06-16,176.3724365234375,176.5420523549515,174.25719419482596,174.33701609632743,27389200,GOOGL,2026-04-10 21:05:36.467929
2025-06-17,175.5542755126953,176.96110799729416,174.1873615915514,175.30483777675101,24973000,GOOGL,2026-04-10 21:05:36.467929
2025-06-18,172.93020629882812,176.16290971424257,172.81046582918458,175.6141436330853,28707500,GOOGL,2026-04-10 21:05:36.467929
2025-06-20,166.2652130126953,173.94789206625825,165.08787423262584,173.55876981570484,75659900,GOOGL,2026-04-10 21:05:36.467929
2025-06-23,164.81846618652344,166.96362443515676,161.63563852290417,165.89603893694584,57671000,GOOGL,2026-04-10 21:05:36.467929
2025-06-24,166.3949432373047,167.84167918331357,165.75638318822968,166.5445998017471,40524300,GOOGL,2026-04-10 21:05:36.467929
2025-06-25,170.29612731933594,171.97235685648238,167.17317715297744,167.25299905707695,35479000,GOOGL,2026-04-10 21:05:36.467929
2025-06-26,173.1497039794922,173.29937576602373,169.5578094698184,172.0421997468365,31796700,GOOGL,2026-04-10 21:05:36.467929
2025-06-27,178.12847900390625,178.27813555923768,171.3437693802371,173.14969619543672,108140200,GOOGL,2026-04-10 21:05:36.467929
2025-06-30,175.83364868164062,180.82240351749414,174.1873656755976,180.3734186271616,63378900,GOOGL,2026-04-10 21:05:36.467929
2025-07-01,175.44451904296875,175.6939567742825,173.139716841545,175.3447530851258,35904500,GOOGL,2026-04-10 21:05:36.467929
2025-07-02,178.2382354736328,178.45774190844105,174.67627237146584,175.1452013282233,29128900,GOOGL,2026-04-10 21:05:36.467929
2025-07-03,179.12623596191406,179.26592049305205,176.65181774269593,178.098553649012,21689700,GOOGL,2026-04-10 21:05:36.467929
2025-07-07,176.3923797607422,178.89674433224096,175.28487562232132,178.65727862884938,34175600,GOOGL,2026-04-10 21:05:36.467929
2025-07-08,173.9678497314453,177.54977185383785,172.42133277200756,177.4500058972594,40442500,GOOGL,2026-04-10 21:05:36.467929
2025-07-09,176.2227783203125,179.03644347316074,172.3814460707259,174.85586430994886,43025600,GOOGL,2026-04-10 21:05:36.467929
2025-07-10,177.22052001953125,178.02869585837095,173.98781666417247,175.2350053597822,29252400,GOOGL,2026-04-10 21:05:36.467929
2025-07-11,179.7847442626953,181.0219456842772,176.08308157759498,176.39238193299045,34282900,GOOGL,2026-04-10 21:05:36.467929
2025-07-14,181.1516571044922,183.2569121837853,179.27588047712075,180.60289104600895,32536600,GOOGL,2026-04-10 21:05:36.467929
2025-07-15,181.59066772460938,183.80567598843865,181.1915734457722,182.3988435351607,33448300,GOOGL,2026-04-10 21:05:36.467929
2025-07-16,182.55848693847656,183.91542879782378,181.62059863833602,182.82788394956327,33104200,GOOGL,2026-04-10 21:05:36.467929
2025-07-17,183.1671142578125,183.64603043273615,180.07408034072432,181.73035050857078,31992600,GOOGL,2026-04-10 21:05:36.467929
2025-07-18,184.64378356933594,186.00072543502688,183.2968289565469,184.98301522964096,34014500,GOOGL,2026-04-10 21:05:36.467929
2025-07-21,189.67245483398438,189.86201471908177,185.73132654425748,185.83110772544197,45803100,GOOGL,2026-04-10 21:05:36.467929
2025-07-22,190.90966796875,191.21896833519165,187.03840453704987,191.0693117786785,44660200,GOOGL,2026-04-10 21:05:36.467929
2025-07-23,189.8021697998047,192.09700016081177,188.75452819755446,191.06931784155387,58681900,GOOGL,2026-04-10 21:05:36.467929
2025-07-24,191.73777770996094,197.5047763656739,190.57041105035847,196.5868474168703,74881700,GOOGL,2026-04-10 21:05:36.467929
2025-07-25,192.74551391601562,193.8929365997576,190.82983399147875,191.54821586623893,39785900,GOOGL,2026-04-10 21:05:36.467929
2025-07-28,192.14688110351562,193.61357622809174,190.41078895772904,193.2144667106556,38139500,GOOGL,2026-04-10 21:05:36.467929
2025-07-29,195.30975341796875,195.47936925683575,191.64800916549822,191.99721287217557,41389200,GOOGL,2026-04-10 21:05:36.467929
2025-07-30,196.08799743652344,197.155598285003,194.2521393007246,195.1600963397073,32445400,GOOGL,2026-04-10 21:05:36.467929
2025-07-31,191.46839904785156,195.54921195775628,190.66022322341527,195.26984291287636,51329200,GOOGL,2026-04-10 21:05:36.467929
2025-08-01,188.70465087890625,190.40082452841267,187.39759950913643,188.60486968944682,34832200,GOOGL,2026-04-10 21:05:36.467929
2025-08-04,194.60133361816406,194.830827292421,189.69240089649873,189.86201672672937,31547400,GOOGL,2026-04-10 21:05:36.467929
2025-08-05,194.23216247558594,197.41499022677854,193.45391800516853,194.27208103659058,31602300,GOOGL,2026-04-10 21:05:36.467929
2025-08-06,195.64898681640625,196.18778087351924,193.23443126184418,194.0625664055758,21562900,GOOGL,2026-04-10 21:05:36.467929
2025-08-07,196.07801818847656,197.09571318148866,193.8929412029117,196.6167969951023,26321800,GOOGL,2026-04-10 21:05:36.467929
2025-08-08,200.96697998046875,202.15430596097147,196.72653874979915,196.77642933858343,39161800,GOOGL,2026-04-10 21:05:36.467929
2025-08-11,200.54794311523438,201.02685931355308,198.62229106869012,200.48808049350347,25832400,GOOGL,2026-04-10 21:05:36.467929
2025-08-12,202.88267517089844,204.04006993048975,200.1388600495838,200.91710457512625,30397900,GOOGL,2026-04-10 21:05:36.467929
2025-08-13,201.5057830810547,204.06999503609887,197.06577929471834,203.6709007567403,28342900,GOOGL,2026-04-10 21:05:36.467929
2025-08-14,202.4835662841797,203.9801926061093,200.777405578413,201.04680257921203,25230400,GOOGL,2026-04-10 21:05:36.467929
2025-08-15,203.44140625,205.97570210941166,200.82730371462006,203.39153088363753,34931400,GOOGL,2026-04-10 21:05:36.467929
2025-08-18,203.0423126220703,204.80833601681928,202.0345896716843,203.74073522255918,18526600,GOOGL,2026-04-10 21:05:36.467929
2025-08-19,201.11666870117188,202.98245812812408,199.51028904350812,202.57337657986534,24240200,GOOGL,2026-04-10 21:05:36.467929
2025-08-20,198.87171936035156,200.82730262485018,196.15783565803162,200.27853657760338,28955500,GOOGL,2026-04-10 21:05:36.467929
2025-08-21,199.30075073242188,202.02460654215824,198.9814631231269,199.30075073242188,19774600,GOOGL,2026-04-10 21:05:36.467929
2025-08-22,205.62648010253906,208.07096677186306,200.84725997228378,202.27403645691825,42827000,GOOGL,2026-04-10 21:05:36.467929
2025-08-25,208.02110290527344,210.04653613391585,204.81831562838462,205.96572314134983,29928900,GOOGL,2026-04-10 21:05:36.467929
2025-08-26,206.67413330078125,207.38254318133843,205.23736948208096,207.0432962842493,28464100,GOOGL,2026-04-10 21:05:36.467929
2025-08-27,207.01336669921875,208.4401585010209,205.18748059977113,205.2373711930947,23022900,GOOGL,2026-04-10 21:05:36.467929
2025-08-28,211.16400146484375,211.74269881815906,206.43465668224866,206.7838755896793,32339300,GOOGL,2026-04-10 21:05:36.467929
2025-08-29,212.43115234375,214.167229203444,209.72724064780297,210.0365409975429,39728400,GOOGL,2026-04-10 21:05:36.467929
2025-09-02,210.8746795654297,211.20392399730977,205.73625278986853,207.9712205067108,47523000,GOOGL,2026-04-10 21:05:36.467929
2025-09-03,230.1412353515625,230.78976737242826,224.28442698424496,225.7012467158241,103336100,GOOGL,2026-04-10 21:05:36.467929
2025-09-04,231.7775421142578,231.84737676203946,225.60146147412655,229.13349303754427,51684200,GOOGL,2026-04-10 21:05:36.467929
2025-09-05,234.47146606445312,235.22975128240526,231.37843212445287,231.677760445174,46588900,GOOGL,2026-04-10 21:05:36.467929
2025-09-08,233.72247314453125,237.8069358559837,233.3529799966882,235.15054099905157,32474700,GOOGL,2026-04-10 21:05:36.467929
2025-09-09,239.30490112304688,240.14375784585562,232.91357479962468,233.85230194861487,38061000,GOOGL,2026-04-10 21:05:36.467929
2025-09-10,238.84552001953125,241.33214736167037,237.5273187664355,238.5758820575914,35141100,GOOGL,2026-04-10 21:05:36.467929
2025-09-11,240.0438995361328,241.9213539288796,235.92949376965038,239.55457404217233,30599300,GOOGL,2026-04-10 21:05:36.467929
2025-09-12,240.4733123779297,241.75157459718335,237.67710805902945,240.04388783032,26771600,GOOGL,2026-04-10 21:05:36.467929
2025-09-15,251.26864624023438,252.06756394348793,244.32807821701437,244.32807821701437,58383800,GOOGL,2026-04-10 21:05:36.467929
2025-09-16,250.8192596435547,252.696698721273,249.13154999644232,251.73800966841424,34109700,GOOGL,2026-04-10 21:05:36.467929
2025-09-17,249.19146728515625,251.25866627901078,245.94587648389523,250.87917693990602,34108000,GOOGL,2026-04-10 21:05:36.467929
2025-09-18,251.68807983398438,253.64542748570952,249.46110945180462,251.338548569648,31239500,GOOGL,2026-04-10 21:05:36.467929
2025-09-19,254.3744354248047,255.65269769422878,251.4683796180924,252.90642848071656,55571400,GOOGL,2026-04-10 21:05:36.467929
2025-09-22,252.18740844726562,255.4329993925613,249.96043800377367,254.08482475081846,32290500,GOOGL,2026-04-10 21:05:36.467929
2025-09-23,251.31858825683594,254.01492224497756,250.1401811840686,252.69670571321294,26628000,GOOGL,2026-04-10 21:05:36.467929
2025-09-24,246.80471801757812,252.00765659919705,246.1056707170572,251.31859024650916,28201000,GOOGL,2026-04-10 21:05:36.467929
2025-09-25,245.45652770996094,246.15559020390248,240.41339128252798,244.0684141454478,31020400,GOOGL,2026-04-10 21:05:36.467929
2025-09-26,246.2055206298828,249.08161830530747,245.63630185383965,246.73481561544992,18503200,GOOGL,2026-04-10 21:05:36.467929
2025-09-29,243.71890258789062,250.80926093832198,242.4406403715287,247.51375020937843,32505800,GOOGL,2026-04-10 21:05:36.467929
2025-09-30,242.77020263671875,242.9599320717839,238.92541967317948,242.48058753408858,34724300,GOOGL,2026-04-10 21:05:36.467929
2025-10-01,244.5677490234375,245.96585884887978,238.2862890899911,240.42338523813993,31658200,GOOGL,2026-04-10 21:05:36.467929
2025-10-02,245.356689453125,246.4751651396655,241.97128907367482,244.8174135056227,25483300,GOOGL,2026-04-10 21:05:36.467929
2025-10-03,245.0171356201172,245.96584369150784,241.33213946713911,244.15830178707057,30249600,GOOGL,2026-04-10 21:05:36.467929
2025-10-06,250.09024047851562,250.97904766602093,244.24818617214953,244.44791178946252,28894700,GOOGL,2026-04-10 21:05:36.467929
2025-10-07,245.42657470703125,250.1002333278666,245.18691006468788,247.93317917084852,23181300,GOOGL,2026-04-10 21:05:36.467929
2025-10-08,244.2881317138672,245.67624536262252,243.48922922331397,244.62768203424937,21307100,GOOGL,2026-04-10 21:05:36.467929
2025-10-09,241.2023162841797,244.42792989328805,238.82554034163272,244.13833003954065,27892100,GOOGL,2026-04-10 21:05:36.467929
2025-10-10,236.24905395507812,243.75884063652228,235.52003337107624,241.10244578834048,33180300,GOOGL,2026-04-10 21:05:36.467929
2025-10-13,243.8187713623047,244.16830263513637,239.38480762364867,239.8841293059291,24995000,GOOGL,2026-04-10 21:05:36.467929
2025-10-14,245.11700439453125,246.78473694130554,240.18370386409978,240.9027282868883,22111600,GOOGL,2026-04-10 21:05:36.467929
2025-10-15,250.68943786621094,251.76797450819856,245.6562821083569,246.91456723829836,27007700,GOOGL,2026-04-10 21:05:36.467929
2025-10-16,251.1188507080078,256.6113736152233,249.76069521164578,251.42842769264908,27997200,GOOGL,2026-04-10 21:05:36.467929
2025-10-17,252.95635986328125,253.87510990312921,247.4738024671156,250.41979725844868,29671600,GOOGL,2026-04-10 21:05:36.467929
2025-10-20,256.2019348144531,256.98087539491434,253.88509020638818,254.3444728441902,22350200,GOOGL,2026-04-10 21:05:36.467929
2025-10-21,250.12020874023438,254.53421031738455,243.81875668908756,254.39440086428343,47312100,GOOGL,2026-04-10 21:05:36.467929
2025-10-22,251.34854125976562,256.01218852739623,248.95178813355238,254.02489806023604,35029400,GOOGL,2026-04-10 21:05:36.467929
2025-10-23,252.7366485595703,254.69398089708358,251.50832156545113,252.6367781341903,19901400,GOOGL,2026-04-10 21:05:36.467929
2025-10-24,259.5674133300781,261.32500504033385,254.97364746401067,256.23191746004557,28655100,GOOGL,2026-04-10 21:05:36.467929
2025-10-27,268.9046630859375,269.7735083332291,263.92144290721717,264.4607188078389,35235200,GOOGL,2026-04-10 21:05:36.467929
2025-10-28,267.1071472167969,270.3627344019799,266.1384619149823,269.3241367489819,29738600,GOOGL,2026-04-10 21:05:36.467929
2025-10-29,274.197509765625,274.96645416764926,267.3068768000952,267.38675485794886,43580300,GOOGL,2026-04-10 21:05:36.467929
2025-10-30,281.09814453125,291.1944142933695,279.6800575475708,291.1944142933695,74876000,GOOGL,2026-04-10 21:05:36.467929
2025-10-31,280.80853271484375,285.6120049046921,276.6541726227251,282.8257813584811,39267900,GOOGL,2026-04-10 21:05:36.467929
2025-11-03,283.3350830078125,285.14262497278366,279.42038779718166,281.797163766903,29786000,GOOGL,2026-04-10 21:05:36.467929
2025-11-04,277.1634826660156,280.88840284028174,275.88522040271835,276.3745458896769,30078400,GOOGL,2026-04-10 21:05:36.467929
2025-11-05,283.9242858886719,286.03143918614273,276.96374058170124,278.4916636746374,31010300,GOOGL,2026-04-10 21:05:36.467929
2025-11-06,284.36370849609375,287.9588308357049,280.7586204462715,284.9429082592804,37173600,GOOGL,2026-04-10 21:05:36.467929
2025-11-07,278.4516906738281,283.39498707048995,274.816645004158,282.82575309004056,34479600,GOOGL,2026-04-10 21:05:36.467929
2025-11-10,289.7064208984375,290.40545290698407,282.47622284552773,284.03413439651047,29557300,GOOGL,2026-04-10 21:05:36.467929
2025-11-11,290.9147644042969,291.5239526379353,286.9301875660949,287.3595968518003,19842100,GOOGL,2026-04-10 21:05:36.467929
2025-11-12,286.3210144042969,291.613842224268,283.30512258449664,291.2842728658537,24829900,GOOGL,2026-04-10 21:05:36.467929
2025-11-13,278.19207763671875,282.45627365196606,276.8638649512614,281.9569519907634,29494000,GOOGL,2026-04-10 21:05:36.467929
2025-11-14,276.0350036621094,278.1820807042813,270.3327588398133,271.04178706348836,31647200,GOOGL,2026-04-10 21:05:36.467929
2025-11-17,284.63330078125,293.55120856159544,283.1852862901624,285.392279437324,52670200,GOOGL,2026-04-10 21:05:36.467929
2025-11-18,283.8943176269531,288.4081743957296,277.8225797399186,287.52939388700526,49158700,GOOGL,2026-04-10 21:05:36.467929
2025-11-19,292.4127502441406,303.39782684502376,286.2411417953812,286.77042153983126,68198900,GOOGL,2026-04-10 21:05:36.467929
2025-11-20,289.05731201171875,306.0042898345543,288.2783714658303,304.1268355762142,62025200,GOOGL,2026-04-10 21:05:36.467929
2025-11-21,299.2534484863281,303.50767860502685,293.4513334764558,296.0178540164301,74137700,GOOGL,2026-04-10 21:05:36.467929
2025-11-24,318.14776611328125,319.0465694557707,309.17996886834777,310.70789188393536,85165100,GOOGL,2026-04-10 21:05:36.467929
2025-11-25,323.0011901855469,328.3838617048627,317.2190369667809,325.767421144808,88632100,GOOGL,2026-04-10 21:05:36.467929
2025-11-26,319.5159606933594,324.0597758686898,316.36024396458464,320.2449508538883,51373400,GOOGL,2026-04-10 21:05:36.467929
2025-11-28,319.74560546875,326.40656970987055,316.3602205188893,322.9312800436979,26018600,GOOGL,2026-04-10 21:05:36.467929
2025-12-01,314.4627990722656,319.41606123931075,313.46415578589995,317.26898426885936,41183000,GOOGL,2026-04-10 21:05:36.467929
2025-12-02,315.38153076171875,317.948051296999,313.4841146313127,316.3102616947243,35854700,GOOGL,2026-04-10 21:05:36.467929
2025-12-03,319.1963806152344,321.14371687287894,313.67388407801036,315.4614642178001,41838300,GOOGL,2026-04-10 21:05:36.467929
2025-12-04,317.1890869140625,321.92264650582644,314.27306548179905,321.7928484740126,31240900,GOOGL,2026-04-10 21:05:36.467929
2025-12-05,320.8341064453125,322.72155681925386,318.73697999805336,319.05652267664885,28851700,GOOGL,2026-04-10 21:05:36.467929
2025-12-08,313.49932861328125,320.21460294317257,311.0010871288888,319.82486263347363,33909400,GOOGL,2026-04-10 21:05:36.467929
2025-12-09,316.85693359375,317.7662971049956,311.6805848338384,312.15025542764414,30194000,GOOGL,2026-04-10 21:05:36.467929
2025-12-10,319.9847412109375,321.0839735202244,314.45863248382005,315.6078174223929,33428900,GOOGL,2026-04-10 21:05:36.467929
2025-12-11,312.210205078125,320.8940942947929,308.3829128168011,319.85481737290655,42353700,GOOGL,2026-04-10 21:05:36.467929
2025-12-12,309.07244873046875,314.6485102459599,305.34506149685063,313.47935032153816,35940200,GOOGL,2026-04-10 21:05:36.467929
2025-12-15,308.003173828125,311.2009348824072,304.66552711937686,311.1009991314403,29151900,GOOGL,2026-04-10 21:05:36.467929
2025-12-16,306.3543395996094,310.5513666605185,302.37712849550337,304.7354841263937,30585000,GOOGL,2026-04-10 21:05:36.467929
2025-12-17,296.5112609863281,307.87325739956634,295.9116769824828,307.7933270972379,43930400,GOOGL,2026-04-10 21:05:36.467929
2025-12-18,302.2472229003906,303.7461677101471,299.0195145942255,301.50775321966603,33518000,GOOGL,2026-04-10 21:05:36.467929
2025-12-19,306.9439392089844,307.03387224107576,300.7582909786616,301.5177661333593,59943200,GOOGL,2026-04-10 21:05:36.467929
2025-12-22,309.56207275390625,309.9118326328777,305.0852133945127,309.66200850448513,26429900,GOOGL,2026-04-10 21:05:36.467929
2025-12-23,314.1288757324219,314.7184570357758,309.1024153195162,309.41219480947996,25478700,GOOGL,2026-04-10 21:05:36.467929
2025-12-24,313.8690490722656,314.8583428959372,311.70059264113144,314.5485634057752,10097400,GOOGL,2026-04-10 21:05:36.467929
2025-12-26,313.2894592285156,314.86833429915043,312.0603135401851,314.25877806497726,10899000,GOOGL,2026-04-10 21:05:36.467929
2025-12-29,313.33941650390625,313.79908436732376,310.4014822754237,311.15095467052413,19621800,GOOGL,2026-04-10 21:05:36.467929
2025-12-30,313.6292419433594,316.72706748217655,312.24020504037514,312.28018544302313,17380900,GOOGL,2026-04-10 21:05:36.467929
2025-12-31,312.7798156738281,314.3586907819443,311.22091551782626,312.62992729269524,16377700,GOOGL,2026-04-10 21:05:36.467929
2026-01-02,314.9283142089844,322.2731502440002,310.11169732658084,316.67708324131615,32009400,GOOGL,2026-04-10 21:05:36.467929
2026-01-05,316.3173522949219,318.79558832967825,314.4086921415047,317.4365596004392,30195600,GOOGL,2026-04-10 21:05:36.467929
2026-01-06,314.1188659667969,320.71422913013345,311.5606693028291,316.17741436833177,31212100,GOOGL,2026-04-10 21:05:36.467929
2026-01-07,321.7535095214844,325.9205589972494,313.96898096999803,314.13884430323384,35104400,GOOGL,2026-04-10 21:05:36.467929
2026-01-08,325.2110595703125,330.0876314322289,321.2738288701313,328.7385750407063,31896100,GOOGL,2026-04-10 21:05:36.467929
2026-01-09,328.3388671875,330.5972566011106,325.5707962902668,326.8598973489763,26214200,GOOGL,2026-04-10 21:05:36.467929
2026-01-12,331.62652587890625,333.80501545240315,324.77136644379436,325.57079145505844,33923900,GOOGL,2026-04-10 21:05:36.467929
2026-01-13,335.7336730957031,340.25048265726696,333.38532003422745,334.7144015630273,33517600,GOOGL,2026-04-10 21:05:36.467929
2026-01-14,335.603759765625,336.2832741209541,330.2475447349911,334.8243096530742,28525600,GOOGL,2026-04-10 21:05:36.467929
2026-01-15,332.5458984375,337.4524480652932,330.507324974913,337.4124676651339,28442400,GOOGL,2026-04-10 21:05:36.467929
2026-01-16,329.7678527832031,334.4145755186536,327.46948297740045,334.1747541117482,40341600,GOOGL,2026-04-10 21:05:36.467929
2026-01-20,321.77349853515625,327.49947891315526,320.20459558658575,320.6442885211675,35361000,GOOGL,2026-04-10 21:05:36.467929
2026-01-21,328.1490173339844,332.24613943011235,319.12537039479025,320.6942733516965,35386600,GOOGL,2026-04-10 21:05:36.467929
2026-01-22,330.3074951171875,334.9142376434696,328.5187457270175,334.2147483456718,26253600,GOOGL,2026-04-10 21:05:36.467929
2026-01-23,327.6993103027344,333.45526818914374,327.21966747627397,332.25610013077164,27280000,GOOGL,2026-04-10 21:05:36.467929
2026-01-26,333.02557373046875,335.60374537803585,326.7699676491338,327.5793954045391,26042100,GOOGL,2026-04-10 21:05:36.467929
2026-01-27,334.31463623046875,337.6722883721735,333.2454121385867,335.1340666902067,21636200,GOOGL,2026-04-10 21:05:36.467929
2026-01-28,335.7736511230469,337.30257365930305,331.7065067534381,335.82360375323316,27434400,GOOGL,2026-04-10 21:05:36.467929
2026-01-29,338.0120544433594,342.0492210013424,326.3103005061971,340.06060015063264,39785600,GOOGL,2026-04-10 21:05:36.467929
2026-01-30,337.7622375488281,339.76083067041884,332.0562627255977,339.76083067041884,31024000,GOOGL,2026-04-10 21:05:36.467929
2026-02-02,343.4482421875,344.5874244246442,335.3939142353609,335.983495554882,32006100,GOOGL,2026-04-10 21:05:36.467929
2026-02-03,339.47100830078125,348.7544814019383,337.2325938809106,347.09564553860224,36506700,GOOGL,2026-04-10 21:05:36.467929
2026-02-04,332.80572509765625,343.0684894885568,328.2888852617291,342.7187296036167,70618400,GOOGL,2026-04-10 21:05:36.467929
2026-02-05,331.0169677734375,332.45595718246585,306.24439883874277,312.0003564748562,88205800,GOOGL,2026-04-10 21:05:36.467929
2026-02-06,322.63287353515625,330.147603202773,319.694969697787,326.94984200428365,56380500,GOOGL,2026-04-10 21:05:36.467929
2026-02-09,324.09185791015625,327.4694850607409,317.03682684844796,320.70422803551696,39640100,GOOGL,2026-04-10 21:05:36.467929
2026-02-10,318.3558654785156,321.4437184993816,314.38865715458337,320.7441987510988,39170000,GOOGL,2026-04-10 21:05:36.467929
2026-02-11,310.7412414550781,320.8341425405983,309.44216816023624,318.7456164455411,45406400,GOOGL,2026-04-10 21:05:36.467929
2026-02-12,308.7826232910156,316.0175203045161,306.9839017615506,311.87044586439265,47761300,GOOGL,2026-04-10 21:05:36.467929
2026-02-13,305.50494384765625,308.41290048065196,303.4963480144474,307.5135396808651,38499700,GOOGL,2026-04-10 21:05:36.467929
2026-02-17,301.8075256347656,304.22583664461854,296.04159566157676,299.82893803190484,39247600,GOOGL,2026-04-10 21:05:36.467929
2026-02-18,303.1166076660156,305.1651838815364,301.0380842700908,301.87748970860525,28482100,GOOGL,2026-04-10 21:05:36.467929
2026-02-19,302.636962890625,305.25511494304027,299.828942056139,301.6076886754516,25834400,GOOGL,2026-04-10 21:05:36.467929
2026-02-20,314.7584228515625,316.2773425544253,303.68620054308417,304.1059184917761,53210800,GOOGL,2026-04-10 21:05:36.467929
2026-02-23,311.2708740234375,319.29522413676915,309.65201848441603,318.82555353627805,31423000,GOOGL,2026-04-10 21:05:36.467929
2026-02-24,310.6813049316406,312.05033638585,305.71479964031533,310.3015673465962,25615600,GOOGL,2026-04-10 21:05:36.467929
2026-02-25,312.67987060546875,313.4193707572093,309.22231323387047,311.84046520002283,29963600,GOOGL,2026-04-10 21:05:36.467929
2026-02-26,307.1637878417969,312.9197459051382,302.1373272609355,312.42009761480955,36431200,GOOGL,2026-04-10 21:05:36.467929
2026-02-27,311.54071044921875,312.1502667227519,303.5862877430576,303.92607541564644,44640600,GOOGL,2026-04-10 21:05:36.467929
2026-03-02,306.3043518066406,308.27296712894787,301.088022863519,303.0166882830762,34790200,GOOGL,2026-04-10 21:05:36.467929
2026-03-03,303.3664245605469,303.72618716624237,296.5012623376298,298.37994467731505,35497000,GOOGL,2026-04-10 21:05:36.467929
2026-03-04,302.9167785644531,305.2551289128473,300.5384478137644,302.6769571429086,29536200,GOOGL,2026-04-10 21:05:36.467929
2026-03-05,300.6683349609375,303.08661540637286,297.78035344585857,302.82681905445145,35752300,GOOGL,2026-04-10 21:05:36.467929
2026-03-06,298.30999755859375,300.31859339921897,294.97235071392555,295.88171424137005,25576900,GOOGL,2026-04-10 21:05:36.467929
2026-03-09,306.3599853515625,306.79998779296875,294.0799865722656,294.3599853515625,29312100,GOOGL,2026-04-10 21:05:36.467929
2026-03-10,307.0400085449219,309.510009765625,305.57000732421875,306.1700134277344,23239700,GOOGL,2026-04-10 21:05:36.467929
2026-03-11,308.70001220703125,311.4200134277344,305.9200134277344,306.75,24125700,GOOGL,2026-04-10 21:05:36.467929
2026-03-12,303.54998779296875,308.94000244140625,301.0299987792969,306.82000732421875,24928300,GOOGL,2026-04-10 21:05:36.467929
2026-03-13,302.2799987792969,307.69000244140625,300.44000244140625,307.010009765625,23693100,GOOGL,2026-04-10 21:05:36.467929
2026-03-16,305.55999755859375,306.489990234375,303.0199890136719,304.3500061035156,23519700,GOOGL,2026-04-10 21:05:36.467929
2026-03-17,310.9200134277344,311.4200134277344,305.5,305.8599853515625,21955200,GOOGL,2026-04-10 21:05:36.467929
2026-03-18,307.69000244140625,312.4700012207031,306.92999267578125,309.2699890136719,20009800,GOOGL,2026-04-10 21:05:36.467929
2026-03-19,307.1300048828125,308.05999755859375,302.3500061035156,304.010009765625,25075800,GOOGL,2026-04-10 21:05:36.467929
2026-03-20,301,306,298.2699890136719,305.4599914550781,44364100,GOOGL,2026-04-10 21:05:36.467929
2026-03-23,302.05999755859375,305.9800109863281,300.92999267578125,302.1099853515625,29326900,GOOGL,2026-04-10 21:05:36.467929
2026-03-24,290.44000244140625,299.9200134277344,290.3299865722656,299.20001220703125,36864300,GOOGL,2026-04-10 21:05:36.467929
2026-03-25,290.92999267578125,296,289.239990234375,293.44000244140625,29460700,GOOGL,2026-04-10 21:05:36.467929
2026-03-26,280.9200134277344,287.95001220703125,278.5,287.9100036621094,39080600,GOOGL,2026-04-10 21:05:36.467929
2026-03-27,274.3399963378906,279.3699951171875,273.95001220703125,277.2799987792969,35890600,GOOGL,2026-04-10 21:05:36.467929
2026-03-30,273.5,277.0899963378906,272.1099853515625,276.4200134277344,35141200,GOOGL,2026-04-10 21:05:36.467929
2026-03-31,287.55999755859375,288.0799865722656,277.0899963378906,278.0400085449219,43875400,GOOGL,2026-04-10 21:05:36.467929
2026-04-01,297.3900146484375,300.5199890136719,290.4100036621094,290.8399963378906,37684500,GOOGL,2026-04-10 21:05:36.467929
2026-04-02,295.7699890136719,298.0799865722656,289.45001220703125,290.69000244140625,21666500,GOOGL,2026-04-10 21:05:36.467929
2026-04-06,299.989990234375,300.6199951171875,295.17999267578125,295.8699951171875,16945500,GOOGL,2026-04-10 21:05:36.467929
2024-01-02,364.58941650390625,369.5342336746233,360.5588428456871,367.52877209819934,25258600,MSFT,2026-04-10 21:05:37.63035
2024-01-03,364.32403564453125,366.93899315410624,362.26943260145976,362.760965291212,23083500,MSFT,2026-04-10 21:05:37.63035
2024-01-04,361.7091064453125,366.7817278006742,360.95215684412767,364.3928859416935,20901500,MSFT,2026-04-10 21:05:37.63035
2024-01-05,361.5223083496094,365.7593179114421,360.29347657411785,362.72164936252017,21004600,MSFT,2026-04-10 21:05:37.63035
2024-01-08,368.3447570800781,368.84613000704053,362.7609531121448,363.0460204620728,23134000,MSFT,2026-04-10 21:05:37.63035
2024-01-09,369.4261169433594,369.6227120026067,364.90401056986224,365.7101313148608,20830000,MSFT,2026-04-10 21:05:37.63035
2024-01-10,376.2879638671875,377.66427954305703,369.9472095066928,369.9963507804977,25514200,MSFT,2026-04-10 21:05:37.63035
2024-01-11,378.116455078125,384.063988833949,373.9384270676175,379.4632498955057,27850800,MSFT,2026-04-10 21:05:37.63035
2024-01-12,381.89141845703125,382.0978537915272,378.13610141587486,378.96187275463393,21661200,MSFT,2026-04-10 21:05:37.63035
2024-01-16,383.6609191894531,387.3572546583597,381.0558019045163,386.9935252639614,27202300,MSFT,2026-04-10 21:05:37.63035
2024-01-17,382.87445068359375,383.5035968868469,378.2933627006387,381.4096929597069,22234100,MSFT,2026-04-10 21:05:37.63035
2024-01-18,387.1999206542969,387.3178836888765,383.5134258198234,385.08633628268643,23392100,MSFT,2026-04-10 21:05:37.63035
2024-01-19,391.918701171875,391.918701171875,386.83623978929575,389.05797722162475,29331100,MSFT,2026-04-10 21:05:37.63035
2024-01-22,389.7952880859375,393.8356726529961,386.9247237943795,393.2458273875224,27016900,MSFT,2026-04-10 21:05:37.63035
2024-01-23,392.144775390625,392.61665757487873,387.2589392356876,389.04812543344485,20525900,MSFT,2026-04-10 21:05:37.63035
2024-01-24,395.74273681640625,398.76075427442726,393.6684835802825,394.74002108150654,24867000,MSFT,2026-04-10 21:05:37.63035
2024-01-25,398.013671875,400.11744616888006,395.71330250742477,397.4729979213706,21021200,MSFT,2026-04-10 21:05:37.63035
2024-01-26,397.0895690917969,399.2916558179086,395.61497110591324,397.52212023438454,17803300,MSFT,2026-04-10 21:05:37.63035
2024-01-29,402.78155517578125,403.03716177894273,397.48281829193445,399.1835322269837,24510200,MSFT,2026-04-10 21:05:37.63035
2024-01-30,401.6706848144531,406.05514806143475,399.56694047651416,405.27854800251134,33477600,MSFT,2026-04-10 21:05:37.63035
2024-01-31,390.8471374511719,408.28673844568766,390.48340804499526,400.06829591373173,47871100,MSFT,2026-04-10 21:05:37.63035
2024-02-01,396.942138671875,401.0906757831929,394.9956584155895,395.02514917701313,30657700,MSFT,2026-04-10 21:05:37.63035
2024-02-02,404.2561340332031,405.66191028214797,396.7258498594463,396.9716161967069,28256700,MSFT,2026-04-10 21:05:37.63035
2024-02-05,398.780517578125,404.19721813095964,397.1486252336955,402.9585459898289,25352300,MSFT,2026-04-10 21:05:37.63035
2024-02-06,398.6231384277344,401.0611511691438,396.0868431570583,399.0065482946539,18382600,MSFT,2026-04-10 21:05:37.63035
2024-02-07,407.0382080078125,407.28397435246177,400.5008292402968,400.54016025565755,22340500,MSFT,2026-04-10 21:05:37.63035
2024-02-08,407.09710693359375,408.52256344365514,405.5438771508895,407.0381254229068,21225300,MSFT,2026-04-10 21:05:37.63035
2024-02-09,413.4281005859375,413.69354741786265,408.06057243943894,408.217866487787,22032800,MSFT,2026-04-10 21:05:37.63035
2024-02-12,408.22772216796875,413.6149010238027,407.7263492449608,413.43795646301396,21202900,MSFT,2026-04-10 21:05:37.63035
2024-02-13,399.43914794921875,403.12564326770877,396.55877347389134,398.0825128718903,27824900,MSFT,2026-04-10 21:05:37.63035
2024-02-14,403.2998352050781,403.64455035620506,398.4542264131706,401.9013178119368,20401200,MSFT,2026-04-10 21:05:37.63035
2024-02-15,400.4141540527344,402.94531135993617,398.17847977076707,401.97028650604454,21825500,MSFT,2026-04-10 21:05:37.63035
2024-02-16,397.9519348144531,402.11800189970467,397.3413119912312,401.7929735865366,22296500,MSFT,2026-04-10 21:05:37.63035
2024-02-20,396.701171875,398.3754555316585,391.99343067715284,397.1443513475326,24307900,MSFT,2026-04-10 21:05:37.63035
2024-02-21,396.1003723144531,396.20872511051635,391.2153593903598,394.12077725006736,18518900,MSFT,2026-04-10 21:05:37.63035
2024-02-22,405.42724609375,406.5894012936675,402.3938184427991,403.9893247437461,27009900,MSFT,2026-04-10 21:05:37.63035
2024-02-23,404.1369934082031,409.57353818458586,402.7877081506477,409.3864380168882,16295900,MSFT,2026-04-10 21:05:37.63035
2024-02-26,401.37933349609375,405.92948936303003,401.20203166596815,405.24005905629645,16193500,MSFT,2026-04-10 21:05:37.63035
2024-02-27,401.32025146484375,402.1475498168189,397.74512033420825,401.8225215015325,14835800,MSFT,2026-04-10 21:05:37.63035
2024-02-28,401.5566711425781,403.112773728935,399.1929569344221,402.00970910221264,13183100,MSFT,2026-04-10 21:05:37.63035
2024-02-29,407.38714599609375,407.93867824413843,399.7838456551883,402.4627294555139,31947300,MSFT,2026-04-10 21:05:37.63035
2024-03-01,409.2190246582031,409.58342668223145,404.66886847100426,405.0529573414313,17823400,MSFT,2026-04-10 21:05:37.63035
2024-03-04,408.6477966308594,411.04105586312363,406.08709401097116,407.1901585103068,17596000,MSFT,2026-04-10 21:05:37.63035
2024-03-05,396.5632629394531,407.9879154671031,394.58366790374333,407.7022908884421,26919200,MSFT,2026-04-10 21:05:37.63035
2024-03-06,396.0117492675781,399.03534841652714,392.3676988449284,396.87845143918287,22344100,MSFT,2026-04-10 21:05:37.63035
2024-03-07,402.9552001953125,403.58550992875143,396.15948083378726,399.98083315410713,18718500,MSFT,2026-04-10 21:05:37.63035
2024-03-08,400.07928466796875,404.21580644025056,398.2178408535662,401.79297194630584,18002200,MSFT,2026-04-10 21:05:37.63035
2024-03-11,398.40496826171875,399.54743645794565,395.19426925023413,397.6564774172096,16120800,MSFT,2026-04-10 21:05:37.63035
2024-03-12,409.0023193359375,409.28794389731524,400.64067006988586,401.4581099515854,22457000,MSFT,2026-04-10 21:05:37.63035
2024-03-13,408.8250732421875,411.85850065118984,405.2302551257752,411.7797232101297,17115900,MSFT,2026-04-10 21:05:37.63035
2024-03-14,418.7921142578125,421.3528170705886,411.6713965625505,413.88738417925487,34157300,MSFT,2026-04-10 21:05:37.63035
2024-03-15,410.1251525878906,416.2117246963819,406.55002108975805,412.9517630950902,45079900,MSFT,2026-04-10 21:05:37.63035
2024-03-18,411.0115051269531,414.3699607798189,407.52500983634934,407.9879061886506,20106000,MSFT,2026-04-10 21:05:37.63035
2024-03-19,415.0397033691406,415.2957826626085,409.26827120822617,411.5138040831413,19837900,MSFT,2026-04-10 21:05:37.63035
2024-03-20,418.8019104003906,419.5208559286198,414.3009867861631,415.6207267192323,17860100,MSFT,2026-04-10 21:05:37.63035
2024-03-21,422.8793640136719,424.30745690999566,420.70278020104655,423.3324019440985,21296200,MSFT,2026-04-10 21:05:37.63035
2024-03-22,422.2588806152344,423.36194516542855,419.62925888508494,423.2043902779049,17648500,MSFT,2026-04-10 21:05:37.63035
2024-03-25,416.4677734375,420.94901086959675,415.23666920718586,418.81180070101897,18060500,MSFT,2026-04-10 21:05:37.63035
2024-03-26,415.27606201171875,419.5504521799467,414.9806090267337,419.1761916947957,16725600,MSFT,2026-04-10 21:05:37.63035
2024-03-27,415.0593566894531,418.0337234540762,412.67595596490696,418.02386500319915,16705000,MSFT,2026-04-10 21:05:37.63035
2024-03-28,414.3600769042969,415.49268661622915,412.7842577129666,414.5964392633085,21871200,MSFT,2026-04-10 21:05:37.63035
2024-04-01,418.15185546875,421.42167481265807,415.83737400374736,417.54123271122785,16316000,MSFT,2026-04-10 21:05:37.63035
2024-04-02,415.0692443847656,415.9950371448598,411.52365828826186,413.7593326884334,17912000,MSFT,2026-04-10 21:05:37.63035
2024-04-03,414.0942077636719,416.8617275140834,412.75475080677563,413.3850905644336,16502300,MSFT,2026-04-10 21:05:37.63035
2024-04-04,411.5630798339844,422.18998013142357,411.25776838460877,418.56558637813976,19370900,MSFT,2026-04-10 21:05:37.63035
2024-04-05,419.08758544921875,420.062640481163,411.99644280159436,413.660898199363,16554800,MSFT,2026-04-10 21:05:37.63035
2024-04-08,418.1716003417969,420.8209388461148,416.9010924581036,418.7428494922185,14272400,MSFT,2026-04-10 21:05:37.63035
2024-04-09,419.8360595703125,421.27398079875763,415.24649970194963,419.9936445079337,12496900,MSFT,2026-04-10 21:05:37.63035
2024-04-10,416.8616943359375,417.62004361877445,413.3555123677214,415.8078620441207,16216600,MSFT,2026-04-10 21:05:37.63035
2024-04-11,421.46112060546875,422.87935502001585,415.97531318643956,419.38303118441615,17966400,MSFT,2026-04-10 21:05:37.63035
2024-04-12,415.52227783203125,418.75269400595073,413.4244714952131,417.6397710155257,19253800,MSFT,2026-04-10 21:05:37.63035
2024-04-15,407.38714599609375,420.36790078356154,407.18029886088704,420.15122525352587,20273500,MSFT,2026-04-10 21:05:37.63035
2024-04-16,408.3128967285156,412.07515806913636,407.47576998606934,408.3030683339737,16765600,MSFT,2026-04-10 21:05:37.63035
2024-04-17,405.6143493652344,412.5479364642673,404.127165910336,410.9425718180864,15855500,MSFT,2026-04-10 21:05:37.63035
2024-04-18,398.1588134765625,405.66365046137435,397.8436736216777,404.42268772141404,21029900,MSFT,2026-04-10 21:05:37.63035
2024-04-19,393.0866394042969,399.35051316442866,391.7570408652649,397.9224202787546,30565800,MSFT,2026-04-10 21:05:37.63035
2024-04-22,394.8988037109375,396.7602475945419,389.76757007965125,394.0321015888098,20286900,MSFT,2026-04-10 21:05:37.63035
2024-04-23,401.40887451171875,402.0293557699127,396.96704142409345,398.1291964487654,15734500,MSFT,2026-04-10 21:05:37.63035
2024-04-24,402.87640380859375,406.2348598310944,400.63087084430157,403.36884551178287,15065300,MSFT,2026-04-10 21:05:37.63035
2024-04-25,393.0079040527344,393.84506100447175,382.1643275467929,388.0736283031629,40586500,MSFT,2026-04-10 21:05:37.63035
2024-04-26,400.1777648925781,406.7567777157392,399.62623268322636,405.93933785210214,29694700,MSFT,2026-04-10 21:05:37.63035
2024-04-29,396.1693115234375,400.17779380940664,393.1555709987601,399.12396145400385,19582100,MSFT,2026-04-10 21:05:37.63035
2024-04-30,383.4446105957031,396.0806804506466,383.2870557136592,395.4207954000411,28781400,MSFT,2026-04-10 21:05:37.63035
2024-05-01,388.9698181152344,395.6473257764034,384.4098035661703,386.6750231640028,23562500,MSFT,2026-04-10 21:05:37.63035
2024-05-02,391.82598876953125,393.88439136644655,388.6842084752251,391.6487169798458,17709400,MSFT,2026-04-10 21:05:37.63035
2024-05-03,400.51263427734375,400.99521746175435,395.7851765465019,396.1988407447482,17446700,MSFT,2026-04-10 21:05:37.63035
2024-05-06,407.2886962890625,407.67278519206855,400.2270689712312,402.5809547625938,16996600,MSFT,2026-04-10 21:05:37.63035
2024-05-07,403.1521301269531,408.4015749957849,402.90590929968624,408.3917165446932,20018200,MSFT,2026-04-10 21:05:37.63035
2024-05-08,404.3340148925781,405.9984701419799,400.56189486819255,401.9998461853561,11792300,MSFT,2026-04-10 21:05:37.63035
2024-05-09,406.0871276855469,406.48107503136987,402.91580195884967,404.3635817483474,14689700,MSFT,2026-04-10 21:05:37.63035
2024-05-10,408.47052001953125,409.1008598045123,405.5749605018169,406.6977419727187,13402300,MSFT,2026-04-10 21:05:37.63035
2024-05-13,407.46588134765625,412.02589540221663,404.60972606039115,411.6910387187959,15440200,MSFT,2026-04-10 21:05:37.63035
2024-05-14,410.26300048828125,411.1789347782618,405.3287253515243,405.79162172220066,15109300,MSFT,2026-04-10 21:05:37.63035
2024-05-15,417.4360046386719,418.15627711467357,411.7035137509103,412.32511422725236,22239500,MSFT,2026-04-10 21:05:37.63035
2024-05-16,415.3739318847656,419.7448580228003,414.7424852210791,416.17312397610925,17530100,MSFT,2026-04-10 21:05:37.63035
2024-05-17,414.604248046875,417.2781174098403,412.4533372106994,416.90318192068867,15352200,MSFT,2026-04-10 21:05:37.63035
2024-05-20,419.6658630371094,421.07677928196154,414.3872272445279,414.6042935983872,16272100,MSFT,2026-04-10 21:05:37.63035
2024-05-21,423.3165283203125,427.1940941013643,419.1824213563369,421.13598848639515,21453300,MSFT,2026-04-10 21:05:37.63035
2024-05-22,424.7767639160156,426.6415653807663,421.43200286988593,424.35250743086516,18073700,MSFT,2026-04-10 21:05:37.63035
2024-05-23,421.3037109375,427.8156712738496,419.7448017896618,427.194070817087,17211700,MSFT,2026-04-10 21:05:37.63035
2024-05-24,424.4216003417969,425.3095881756072,418.7483062624099,421.4912194128948,11855300,MSFT,2026-04-10 21:05:37.63035
2024-05-28,424.5794372558594,425.0727671383065,420.9090617260336,423.8986396092449,15718000,MSFT,2026-04-10 21:05:37.63035
2024-05-29,423.44476318359375,425.19114003957617,420.0111765352336,420.0111765352336,15517100,MSFT,2026-04-10 21:05:37.63035
2024-05-30,409.1382141113281,418.639722265152,408.7139275324575,418.639722265152,28394500,MSFT,2026-04-10 21:05:37.63035
2024-05-31,409.59210205078125,411.1904861655314,399.11377942255837,411.1904861655314,47995300,MSFT,2026-04-10 21:05:37.63035
2024-06-03,408.0035705566406,410.8747543349761,403.4649593325196,409.98676649158153,17484700,MSFT,2026-04-10 21:05:37.63035
2024-06-04,410.5195617675781,410.88462108617875,404.21479101509067,406.9281055414635,14348900,MSFT,2026-04-10 21:05:37.63035
2024-06-05,418.3536071777344,418.42265047577604,410.7464388812518,412.23630472822083,16988000,MSFT,2026-04-10 21:05:37.63035
2024-06-06,418.8568115234375,419.63628120393724,414.96936946485204,418.35363549566944,14861300,MSFT,2026-04-10 21:05:37.63035
2024-06-07,418.1957702636719,420.59334639709124,417.3571033955117,420.51442686018504,13621700,MSFT,2026-04-10 21:05:37.63035
2024-06-10,422.1621398925781,422.3693300275411,418.2352530096641,419.0344450692757,13982900,MSFT,2026-04-10 21:05:37.63035
2024-06-11,426.9079284667969,427.04607528322305,419.57705383558175,419.8039964152252,14551100,MSFT,2026-04-10 21:05:37.63035
2024-06-12,435.1761169433594,437.48489698603294,427.4703072356122,429.5127000039071,22366200,MSFT,2026-04-10 21:05:37.63035
2024-06-13,435.6892395019531,437.47512151645753,433.5087296834647,434.9689970884557,15960600,MSFT,2026-04-10 21:05:37.63035
2024-06-14,436.6659851074219,437.22838835578773,430.8940199136651,432.4332066172717,13582000,MSFT,2026-04-10 21:05:37.63035
2024-06-17,442.38861083984375,444.9243335295661,434.8406700551031,436.68571890132137,20790000,MSFT,2026-04-10 21:05:37.63035
2024-06-18,440.3857727050781,444.13509836200797,438.95513392756055,443.710811724372,17112500,MSFT,2026-04-10 21:05:37.63035
2024-06-20,439.75433349609375,440.57324797197634,435.3834072151605,440.34630535313136,19877400,MSFT,2026-04-10 21:05:37.63035
2024-06-21,443.7798156738281,444.56913141990066,440.553449170913,441.4118383251449,34187100,MSFT,2026-04-10 21:05:37.63035
2024-06-24,441.697998046875,446.71021649298933,440.45479708566984,443.7995580906483,15913700,MSFT,2026-04-10 21:05:37.63035
2024-06-25,444.9342346191406,445.3979659147229,440.7902515475345,442.27024120018433,16413400,MSFT,2026-04-10 21:05:37.63035
2024-06-26,446.1280822753906,447.5488747436615,442.21104180989477,443.0102338094888,16507000,MSFT,2026-04-10 21:05:37.63035
2024-06-27,446.80889892578125,450.08461670642896,445.74328947401983,446.1478236075156,14806300,MSFT,2026-04-10 21:05:37.63035
2024-06-28,440.9875793457031,449.305113661538,440.45477465939115,447.02593208902044,28362300,MSFT,2026-04-10 21:05:37.63035
2024-07-01,450.6371154785156,451.2685620568994,439.71478489170136,442.6747641221356,17662800,MSFT,2026-04-10 21:05:37.63035
2024-07-02,453.15313720703125,453.4589993533835,447.06543265029325,447.15425853449676,13979800,MSFT,2026-04-10 21:05:37.63035
2024-07-03,454.62322998046875,454.86989493305913,451.7717987859675,452.07766091834213,9932800,MSFT,2026-04-10 21:05:37.63035
2024-07-05,461.3226318359375,462.1021014719612,452.8472281684966,453.478674753155,16000300,MSFT,2026-04-10 21:05:37.63035
2024-07-08,460.0202941894531,461.4608392980929,458.2640408022278,460.3261563443288,12962300,MSFT,2026-04-10 21:05:37.63035
2024-07-09,453.4096374511719,461.09569535136285,451.89017298008986,460.77011087707854,17207200,MSFT,2026-04-10 21:05:37.63035
2024-07-10,460.03009033203125,460.23728044044634,452.73866061347735,455.0671931892753,18196100,MSFT,2026-04-10 21:05:37.63035
2024-07-11,448.63421630859375,458.57973369334036,445.5262138972975,456.8037581244286,23111200,MSFT,2026-04-10 21:05:37.63035
2024-07-12,447.49957275390625,450.2720845844748,444.6382651481434,448.2691662493938,16324300,MSFT,2026-04-10 21:05:37.63035
2024-07-15,447.904052734375,451.1600479833261,445.40780476541227,447.2528536845848,14429400,MSFT,2026-04-10 21:05:37.63035
2024-07-16,443.5233154296875,448.23954820722287,440.7014827721708,448.1606286695201,17175700,MSFT,2026-04-10 21:05:37.63035
2024-07-17,437.6033020019531,438.9155762729031,433.3212024908107,436.6857157018079,21778000,MSFT,2026-04-10 21:05:37.63035
2024-07-18,434.495361328125,438.71826397070777,428.6050012530057,438.4124018485707,20794800,MSFT,2026-04-10 21:05:37.63035
2024-07-19,431.27886962890625,435.2551377032439,426.23705228293636,427.3223841326024,20940400,MSFT,2026-04-10 21:05:37.63035
2024-07-22,437.0310363769531,438.668895041428,433.0547991136525,435.89638377922523,15808800,MSFT,2026-04-10 21:05:37.63035
2024-07-23,438.9156188964844,442.40840302613475,437.1889642431626,437.9782800404941,13107100,MSFT,2026-04-10 21:05:37.63035
2024-07-24,423.1783752441406,435.5905721860423,421.88585333621705,434.5743138131604,26805800,MSFT,2026-04-10 21:05:37.63035
2024-07-25,412.8184509277344,424.066366533815,411.94033937034624,423.0797067418699,29943800,MSFT,2026-04-10 21:05:37.63035
2024-07-26,419.5967712402344,423.19810333197387,411.7034934246348,412.6211098546519,23583800,MSFT,2026-04-10 21:05:37.63035
2024-07-29,421.037353515625,426.3850328487882,419.0344352964457,425.8226295279651,15125800,MSFT,2026-04-10 21:05:37.63035
2024-07-30,417.2781982421875,423.32639784774454,411.79234175836467,422.0141534919779,32687600,MSFT,2026-04-10 21:05:37.63035
2024-07-31,412.7691345214844,416.1533704185598,406.7110288792971,414.89044707540063,42891400,MSFT,2026-04-10 21:05:37.63035
2024-08-01,411.545654296875,421.7575892383458,407.57929274476925,415.1765852410534,30296400,MSFT,2026-04-10 21:05:37.63035
2024-08-02,403.0406188964844,409.46378330120876,398.9459870855653,406.98725777167675,29437900,MSFT,2026-04-10 21:05:37.63035
2024-08-05,389.87860107421875,395.6900415573509,380.43625987349014,383.9783949357412,40709200,MSFT,2026-04-10 21:05:37.63035
2024-08-06,394.27911376953125,400.2582999432438,393.18393582915473,394.6639255499671,24946500,MSFT,2026-04-10 21:05:37.63035
2024-08-07,393.1148681640625,404.60944914169323,392.16768315982324,403.18868669056855,20650900,MSFT,2026-04-10 21:05:37.63035
2024-08-08,397.3179931640625,400.4456875209913,394.60467901527096,397.0713282414451,20203000,MSFT,2026-04-10 21:05:37.63035
2024-08-09,400.60357666015625,402.6064947272633,396.89375651412195,398.64013341356633,19276700,MSFT,2026-04-10 21:05:37.63035
2024-08-12,401.383056640625,403.30705522680034,398.84733381774834,401.6297215819056,16762900,MSFT,2026-04-10 21:05:37.63035
2024-08-13,408.4870300292969,409.41449264240543,404.10625814496586,404.1259805010332,19414300,MSFT,2026-04-10 21:05:37.63035
2024-08-14,411.2989501953125,412.1474931990996,406.94780739323824,409.26643361174075,18267000,MSFT,2026-04-10 21:05:37.63035
2024-08-15,416.1621398925781,416.24120167718553,412.8311079388872,414.94635003046426,20752100,MSFT,2026-04-10 21:05:37.63035
2024-08-16,413.6316833496094,416.46849580465874,412.4751975268654,415.7370612802868,22775600,MSFT,2026-04-10 21:05:37.63035
2024-08-19,416.65631103515625,416.87376862371895,411.64492262923585,414.11601787893187,15234000,MSFT,2026-04-10 21:05:37.63035
2024-08-20,419.8885192871094,420.93626132598814,416.7650812391523,416.82438511571235,16387600,MSFT,2026-04-10 21:05:37.63035
2024-08-21,419.2361755371094,421.4700252660244,416.8441419181339,419.1768414959673,16067300,MSFT,2026-04-10 21:05:37.63035
2024-08-22,410.7454833984375,421.8555493177983,409.8163490739685,419.45362155809136,19361900,MSFT,2026-04-10 21:05:37.63035
2024-08-23,411.97113037109375,414.41257372157986,407.32545916499066,412.15893602611095,18493800,MSFT,2026-04-10 21:05:37.63035
2024-08-26,408.70928955078125,412.4554786638681,406.58415351672016,411.55599630876077,13152800,MSFT,2026-04-10 21:05:37.63035
2024-08-27,409.0552062988281,409.5691832347041,405.5067172557128,408.0865261332207,13492900,MSFT,2026-04-10 21:05:37.63035
2024-08-28,405.85272216796875,410.2018441208808,402.6007521142328,410.08323636580656,14882700,MSFT,2026-04-10 21:05:37.63035
2024-08-29,408.34356689453125,417.17031240351145,405.85271359636084,410.14253158113485,17045200,MSFT,2026-04-10 21:05:37.63035
2024-08-30,412.31707763671875,412.663006834999,407.36499317358016,410.7948745382869,24308300,MSFT,2026-04-10 21:05:37.63035
2024-09-03,404.70611572265625,415.02541234976394,402.32397617802485,413.0781880012741,20313600,MSFT,2026-04-10 21:05:37.63035
2024-09-04,404.1723327636719,406.48527429622453,399.6947093805116,401.21691249953295,15135800,MSFT,2026-04-10 21:05:37.63035
2024-09-05,403.6682434082031,408.3237783354607,401.4343636867301,402.9071267784607,14195500,MSFT,2026-04-10 21:05:37.63035
2024-09-06,397.05560302734375,405.9021060614487,396.165984591682,404.33049307771034,19609500,MSFT,2026-04-10 21:05:37.63035
2024-09-09,401.02911376953125,403.9252302108811,397.5003824546475,402.5315288470681,15295100,MSFT,2026-04-10 21:05:37.63035
2024-09-10,409.4111022949219,411.5164502597468,402.9862541865475,403.48047327180706,19594300,MSFT,2026-04-10 21:05:37.63035
2024-09-11,418.14886474609375,419.0878628478116,404.8444661227044,410.6960329818373,19266900,MSFT,2026-04-10 21:05:37.63035
2024-09-12,422.06304931640625,422.4287665702525,414.8968734205188,418.4157104817343,17395700,MSFT,2026-04-10 21:05:37.63035
2024-09-13,425.611572265625,426.83722589839596,420.5408798146308,420.9065970976519,15874600,MSFT,2026-04-10 21:05:37.63035
2024-09-16,426.3529052734375,428.517587221267,423.2689830915265,425.6214706998335,13834700,MSFT,2026-04-10 21:05:37.63035
2024-09-17,430.11883544921875,436.7413828200211,427.2721288798558,435.14011791593873,18874200,MSFT,2026-04-10 21:05:37.63035
2024-09-18,425.82904052734375,430.9886889198146,425.43367129700556,429.9705988234429,18898000,MSFT,2026-04-10 21:05:37.63035
2024-09-19,433.6179504394531,436.3954593302787,431.84863763952944,436.1285918792357,21706600,MSFT,2026-04-10 21:05:37.63035
2024-09-20,430.2374267578125,434.16152709216163,429.19957885288886,432.1648930552261,55167100,MSFT,2026-04-10 21:05:37.63035
2024-09-23,428.4978332519531,431.41370770372646,425.4139110417271,429.2589197702658,15128900,MSFT,2026-04-10 21:05:37.63035
2024-09-24,424.2080078125,428.33967197864655,421.1734954974966,427.9937125983331,17015800,MSFT,2026-04-10 21:05:37.63035
2024-09-25,427.1139831542969,428.1123153119531,423.61493391499886,424.8603454388432,13396400,MSFT,2026-04-10 21:05:37.63035
2024-09-26,426.3232421875,430.2671006249204,424.1684543301705,430.0595370663028,14492000,MSFT,2026-04-10 21:05:37.63035
2024-09-27,423.0712890625,426.85702409572957,422.52766014209345,426.5308226116947,14896100,MSFT,2026-04-10 21:05:37.63035
2024-09-30,425.324951171875,425.4435890958682,420.451958019216,423.25911892558076,16807300,MSFT,2026-04-10 21:05:37.63035
2024-10-01,415.8260498046875,423.52599147760804,413.9677812470877,423.49633953955015,19092900,MSFT,2026-04-10 21:05:37.63035
2024-10-02,412.30718994140625,417.93140514988795,411.89203266645677,417.6941594936009,16582300,MSFT,2026-04-10 21:05:37.63035
2024-10-03,411.7240295410156,414.699207817815,409.50004373541833,412.80142348929195,13686400,MSFT,2026-04-10 21:05:37.63035
2024-10-04,411.24957275390625,414.8969119270876,410.172178794162,413.40436067339476,19169700,MSFT,2026-04-10 21:05:37.63035
2024-10-07,404.8049621582031,412.287415913181,404.2711971193028,411.190264062665,20919800,MSFT,2026-04-10 21:05:37.63035
2024-10-08,409.91522216796875,410.8542505804291,403.45085766918714,406.1492748122983,19229300,MSFT,2026-04-10 21:05:37.63035
2024-10-09,412.63336181640625,415.51961434814075,409.5098937927917,411.0518548194861,14974300,MSFT,2026-04-10 21:05:37.63035
2024-10-10,411.0321044921875,412.5246557071608,408.37320353432506,410.42917171763446,13848400,MSFT,2026-04-10 21:05:37.63035
2024-10-11,411.506591796875,412.30722431233596,408.4720793339732,411.32868016338136,14144900,MSFT,2026-04-10 21:05:37.63035
2024-10-14,414.2939758300781,419.137316675548,412.692680707405,412.9397902420181,16653100,MSFT,2026-04-10 21:05:37.63035
2024-10-15,413.89862060546875,417.59540014974584,410.4588748220689,417.29885057772566,18900200,MSFT,2026-04-10 21:05:37.63035
2024-10-16,411.30889892578125,411.5461144410461,405.7341231638779,410.369900734698,15508900,MSFT,2026-04-10 21:05:37.63035
2024-10-17,411.9019775390625,417.615149262022,410.7850375205949,417.4767534317117,14820000,MSFT,2026-04-10 21:05:37.63035
2024-10-18,413.3253173828125,414.79808063402476,411.44729085370335,412.3171212877513,17145300,MSFT,2026-04-10 21:05:37.63035
2024-10-21,413.9381408691406,414.1160525024568,408.96629801765454,411.3088916838687,14206100,MSFT,2026-04-10 21:05:37.63035
2024-10-22,422.56719970703125,425.60168187753965,413.2066892964129,413.6514683614362,25482200,MSFT,2026-04-10 21:05:37.63035
2024-10-23,419.69085693359375,426.0959170295647,417.64478266305224,425.8784594235447,19654400,MSFT,2026-04-10 21:05:37.63035
2024-10-24,419.8193054199219,421.05485298708396,417.51622786247975,420.41234412037124,13581600,MSFT,2026-04-10 21:05:37.63035
2024-10-25,423.1997985839844,427.51926858228103,421.638079540004,421.82588520642906,16899100,MSFT,2026-04-10 21:05:37.63035
2024-10-28,421.6578063964844,426.94595627618617,421.37115090072086,426.66919481416045,14882400,MSFT,2026-04-10 21:05:37.63035
2024-10-29,426.9559020996094,428.1617979371543,420.8769829019358,423.0515590564399,17644100,MSFT,2026-04-10 21:05:37.63035
2024-10-30,427.5291442871094,433.43012114532394,427.10412312962825,432.38237913794643,29749100,MSFT,2026-04-10 21:05:37.63035
2024-10-31,401.6518249511719,411.3484002261627,401.60238494770107,410.55763165325993,53971000,MSFT,2026-04-10 21:05:37.63035
2024-11-01,405.6253662109375,410.69605883957496,402.78855349489004,404.2811047814158,24230400,MSFT,2026-04-10 21:05:37.63035
2024-11-04,403.7373962402344,405.67475653100576,400.88082597000493,405.06189960347484,19672300,MSFT,2026-04-10 21:05:37.63035
2024-11-05,406.7027587890625,410.102988488707,403.3618329661191,403.6484884800003,17626000,MSFT,2026-04-10 21:05:37.63035
2024-11-06,415.3219299316406,415.58882753455555,405.77361389082967,407.65167048638625,26681800,MSFT,2026-04-10 21:05:37.63035
2024-11-07,420.5111999511719,421.9147952799536,415.02538074069076,416.40918800268514,19901800,MSFT,2026-04-10 21:05:37.63035
2024-11-08,417.6546630859375,421.568869701991,416.90344044148964,420.40251992805025,16891400,MSFT,2026-04-10 21:05:37.63035
2024-11-11,413.1770324707031,419.89839969038087,411.1902621762221,417.6348679260246,24503300,MSFT,2026-04-10 21:05:37.63035
2024-11-12,418.13897705078125,419.5326784209289,412.37639607879026,413.41424403977334,19401200,MSFT,2026-04-10 21:05:37.63035
2024-11-13,420.2839050292969,424.366129168666,413.3747019871383,416.7650676989441,21502200,MSFT,2026-04-10 21:05:37.63035
2024-11-14,421.9543762207031,423.21957584577814,415.14402288993426,420.086213638624,30246900,MSFT,2026-04-10 21:05:37.63035
2024-11-15,410.2018127441406,417.91161788162964,408.8575514031372,414.96609164012756,28247600,MSFT,2026-04-10 21:05:37.63035
2024-11-18,410.9530029296875,413.56246363004436,407.3353161383932,410.0732786083585,24727000,MSFT,2026-04-10 21:05:37.63035
2024-11-19,412.9595947265625,413.1078544202765,406.79171998540573,408.33368112951007,18133500,MSFT,2026-04-10 21:05:37.63035
2024-11-20,410.6861877441406,412.46539464491616,405.8329524479931,412.05023731864634,19191700,MSFT,2026-04-10 21:05:37.63035
2024-11-21,408.913330078125,415.7571129679985,406.35806834126146,415.4797975064388,20780200,MSFT,2026-04-10 21:05:37.63035
2024-11-22,413.00372314453125,413.39988374041405,407.1206461090675,407.4276728377604,24814600,MSFT,2026-04-10 21:05:37.63035
2024-11-25,414.776611328125,417.0446437711569,410.87436717729366,414.37053686089325,27691100,MSFT,2026-04-10 21:05:37.63035
2024-11-26,423.888427734375,424.92838338966095,414.83603494213827,415.5689336176803,23458900,MSFT,2026-04-10 21:05:37.63035
2024-11-27,418.93634033203125,423.13572759358533,417.97563494679554,421.03601885024915,18332400,MSFT,2026-04-10 21:05:37.63035
2024-11-29,419.4018249511719,420.808229889217,413.7960631011275,416.06412568619913,16271900,MSFT,2026-04-10 21:05:37.63035
2024-12-02,426.84979248046875,428.8504232970242,417.27244986667705,417.52996787602956,20207200,MSFT,2026-04-10 21:05:37.63035
2024-12-03,427.0676574707031,428.32547569363487,423.6407942127541,425.72067515411175,18302000,MSFT,2026-04-10 21:05:37.63035
2024-12-04,433.22802734375,435.4564646159383,428.48392353237045,428.8800841135143,26009400,MSFT,2026-04-10 21:05:37.63035
2024-12-05,438.3782043457031,440.3986627358307,431.9900352112823,433.72326431540773,21697800,MSFT,2026-04-10 21:05:37.63035
2024-12-06,439.3191223144531,441.82487523918803,437.5363542028089,438.0612738202398,18821000,MSFT,2026-04-10 21:05:37.63035
2024-12-09,441.7456359863281,444.03349609525384,436.2785468030062,438.35842787251636,19144400,MSFT,2026-04-10 21:05:37.63035
2024-12-10,439.0814208984375,445.31115038441584,437.36801935702954,440.13129040416726,18469500,MSFT,2026-04-10 21:05:37.63035
2024-12-11,444.6871643066406,446.034146674654,439.7945036123786,439.7945036123786,19200200,MSFT,2026-04-10 21:05:37.63035
2024-12-12,445.251708984375,451.7884649521135,444.8060093995974,444.8060093995974,20834800,MSFT,2026-04-10 21:05:37.63035
2024-12-13,442.983642578125,447.10377945438483,441.30983602760955,444.142443353527,20177800,MSFT,2026-04-10 21:05:37.63035
2024-12-16,447.2622375488281,447.8465797272876,441.01271109813007,442.9836304987913,23598800,MSFT,2026-04-10 21:05:37.63035
2024-12-17,450.104736328125,450.92679906279125,445.26161469090005,446.6878170659997,22733500,MSFT,2026-04-10 21:05:37.63035
2024-12-18,433.1983337402344,448.3120705924071,432.83185420697276,446.9948298056794,24444500,MSFT,2026-04-10 21:05:37.63035
2024-12-19,432.84173583984375,438.9327914675904,432.1385485650437,437.3877440954336,22963700,MSFT,2026-04-10 21:05:37.63035
2024-12-20,432.4158935546875,439.48745236080407,424.5222720446017,428.95931906801104,64263700,MSFT,2026-04-10 21:05:37.63035
2024-12-23,431.078857421875,433.4558513948008,428.6820357713906,432.5545685943141,19152500,MSFT,2026-04-10 21:05:37.63035
2024-12-24,435.1197204589844,435.3871522905164,430.02899474815183,430.484577930417,7164500,MSFT,2026-04-10 21:05:37.63035
2024-12-26,433.9114074707031,436.7143034093448,432.44561022869516,434.8721127935591,8194200,MSFT,2026-04-10 21:05:37.63035
2024-12-27,426.404052734375,431.0491089535002,422.2641186475361,430.43505550450976,18117700,MSFT,2026-04-10 21:05:37.63035
2024-12-30,420.7586975097656,423.45263204127576,417.8567839421245,421.9769208859116,13158700,MSFT,2026-04-10 21:05:37.63035
2024-12-31,417.46063232421875,422.6405224628075,416.62868593663666,422.0165551158413,13246500,MSFT,2026-04-10 21:05:37.63035
2025-01-02,414.5685729980469,421.98681399014663,410.87433837182135,421.4519805555425,16896500,MSFT,2026-04-10 21:05:37.63035
2025-01-03,419.29290771484375,419.9663838035234,415.5194225803269,417.0446425061394,16662900,MSFT,2026-04-10 21:05:37.63035
2025-01-06,423.749755859375,430.1577525838614,421.4024733118246,423.8983123069827,20573600,MSFT,2026-04-10 21:05:37.63035
2025-01-07,418.322265625,426.52291408196885,416.76730426764124,424.8887326935554,18139100,MSFT,2026-04-10 21:05:37.63035
2025-01-08,420.49127197265625,422.87817962096636,417.50022470253026,419.40180766065134,15054600,MSFT,2026-04-10 21:05:37.63035
2025-01-10,414.93505859375,420.63983782074297,411.042698272716,420.56061778951556,20201100,MSFT,2026-04-10 21:05:37.63035
2025-01-13,413.19195556640625,414.489399057034,408.3389196630922,411.26063086426467,17604800,MSFT,2026-04-10 21:05:37.63035
2025-01-14,411.6864929199219,415.7174656234234,406.783918522941,413.80596878606093,16935900,MSFT,2026-04-10 21:05:37.63035
2025-01-15,422.2245178222656,424.04688082339095,414.2615595275802,415.11333355996726,19637800,MSFT,2026-04-10 21:05:37.63035
2025-01-16,420.5110778808594,425.3740271428382,420.3229265289763,424.5916197701724,15300000,MSFT,2026-04-10 21:05:37.63035
2025-01-17,424.91845703125,430.31623990051855,424.06671321451194,429.9299628963343,26197500,MSFT,2026-04-10 21:05:37.63035
2025-01-21,424.3935546875,426.770548715405,421.52135231106814,426.07727516253885,26085700,MSFT,2026-04-10 21:05:37.63035
2025-01-22,441.9239196777344,442.98364251820686,431.82165779523024,433.366705345479,27803800,MSFT,2026-04-10 21:05:37.63035
2025-01-23,442.42901611328125,442.46864124256984,437.26895379651836,437.7641621247137,18389300,MSFT,2026-04-10 21:05:37.63035
2025-01-24,439.804443359375,442.3696190202124,437.16993127456703,440.8939077892008,15549500,MSFT,2026-04-10 21:05:37.63035
2025-01-27,430.3954162597656,431.0292973638115,419.4414115658082,419.9465336815251,35647800,MSFT,2026-04-10 21:05:37.63035
2025-01-28,442.9143371582031,444.08302154903276,427.24593852989443,430.43508134605355,23491700,MSFT,2026-04-10 21:05:37.63035
2025-01-29,438.09100341796875,442.5974175154718,436.17950645057016,442.40923592540474,23581400,MSFT,2026-04-10 21:05:37.63035
2025-01-30,411.01300048828125,418.8075747745586,409.20055129765046,414.75677425796516,54586300,MSFT,2026-04-10 21:05:37.63035
2025-01-31,411.08233642578125,416.6583870568431,410.933779971825,414.964783031506,34161900,MSFT,2026-04-10 21:05:37.63035
2025-02-03,406.9820556640625,411.4290171061556,404.7437041840203,407.6555317858933,25679100,MSFT,2026-04-10 21:05:37.63035
2025-02-04,408.4181213378906,409.9532853263689,405.81332063447735,408.73506192939664,20532100,MSFT,2026-04-10 21:05:37.63035
2025-02-05,409.3293151855469,409.8641184268012,406.4669964929513,408.39832109505767,16316700,MSFT,2026-04-10 21:05:37.63035
2025-02-06,411.8350524902344,414.19224891795665,410.0324869601977,410.0324869601977,16309800,MSFT,2026-04-10 21:05:37.63035
2025-02-07,405.8232116699219,414.63791357819275,404.1890302854019,412.48872643025265,22886800,MSFT,2026-04-10 21:05:37.63035
2025-02-10,408.2695617675781,411.47850211303046,406.9820321839411,409.74527293691693,20817900,MSFT,2026-04-10 21:05:37.63035
2025-02-11,407.4970397949219,408.5369652151938,405.3775335991668,405.714301867279,18140600,MSFT,2026-04-10 21:05:37.63035
2025-02-12,405.1200256347656,406.813629604169,400.4947666868975,403.30754628100544,19121700,MSFT,2026-04-10 21:05:37.63035
2025-02-13,406.60565185546875,407.0612350423618,402.46568736983716,403.0995685212682,23891700,MSFT,2026-04-10 21:05:37.63035
2025-02-14,404.5158386230469,404.99124946496545,401.99028842093395,403.88198772560423,22758500,MSFT,2026-04-10 21:05:37.63035
2025-02-18,405.7142639160156,406.6650553734785,402.6043413346739,404.08996621044764,21423100,MSFT,2026-04-10 21:05:37.63035
2025-02-19,410.79510498046875,411.5082061808428,403.7433432351679,403.97114994678657,24114200,MSFT,2026-04-10 21:05:37.63035
2025-02-20,412.9684753417969,416.1243081620841,409.4057538443196,412.1348608394034,23508700,MSFT,2026-04-10 21:05:37.63035
2025-02-21,405.108642578125,414.8738801834256,404.79109677447474,414.16928284227896,27524800,MSFT,2026-04-10 21:05:37.63035
2025-02-24,400.93060302734375,406.2597995139474,396.286166676689,405.40634791593595,26443700,MSFT,2026-04-10 21:05:37.63035
2025-02-25,394.8769836425781,398.86646142853965,393.6861187086097,398.05268403794094,29387400,MSFT,2026-04-10 21:05:37.63035
2025-02-26,396.6930847167969,400.53367776380867,391.25470780563023,394.9861511086002,19619000,MSFT,2026-04-10 21:05:37.63035
2025-02-27,389.5477600097656,402.657388820498,389.1905096396701,398.22134834414993,21127400,MSFT,2026-04-10 21:05:37.63035
2025-02-28,393.9739074707031,394.60905968634097,383.63308910279267,389.67681744038765,32845700,MSFT,2026-04-10 21:05:37.63035
2025-03-03,385.5384826660156,395.79001865109893,383.22619789604886,395.79001865109893,23007700,MSFT,2026-04-10 21:05:37.63035
2025-03-04,385.65753173828125,389.59737098453536,378.10536303990614,380.48712304915495,29342900,MSFT,2026-04-10 21:05:37.63035
2025-03-05,397.9732666015625,398.61835249883035,385.85603973587394,386.3820118850688,23433100,MSFT,2026-04-10 21:05:37.63035
2025-03-06,393.8746643066406,399.09468114787944,389.6966277473878,391.28447789138556,23304600,MSFT,2026-04-10 21:05:37.63035
2025-03-07,390.3218688964844,391.80053909690844,382.61091150423107,389.3394000020522,22034100,MSFT,2026-04-10 21:05:37.63035
2025-03-10,377.2717590332031,383.4643412864511,374.3540930979484,382.90859827837613,32840100,MSFT,2026-04-10 21:05:37.63035
2025-03-11,377.5595397949219,383.0673615053873,374.04642649696916,376.1205440687611,30380200,MSFT,2026-04-10 21:05:37.63035
2025-03-12,380.35809326171875,382.2932902407784,376.07093750152677,380.040547480545,24253600,MSFT,2026-04-10 21:05:37.63035
2025-03-13,375.8923034667969,382.3925583494832,374.58235511618193,380.2489652043101,20473000,MSFT,2026-04-10 21:05:37.63035
2025-03-14,385.60791015625,387.2652356448431,376.62667971124,376.8946174814204,19952800,MSFT,2026-04-10 21:05:37.63035
2025-03-17,385.7469177246094,389.7264317109631,382.6406926201841,383.76211244747884,22474300,MSFT,2026-04-10 21:05:37.63035
2025-03-18,380.6062316894531,384.4269877309022,378.2046343736099,384.1292790671939,19486900,MSFT,2026-04-10 21:05:37.63035
2025-03-19,384.87359619140625,386.71945055064447,381.08261086681347,382.60098568305693,19185500,MSFT,2026-04-10 21:05:37.63035
2025-03-20,383.9010314941406,388.81343664918575,380.3680805381929,382.80938253905003,18470500,MSFT,2026-04-10 21:05:37.63035
2025-03-21,388.28741455078125,388.76374837124365,379.8916675364793,380.30848991510493,39675900,MSFT,2026-04-10 21:05:37.63035
2025-03-24,390.0935974121094,392.3959786933822,386.84845184017416,392.3959786933822,21004500,MSFT,2026-04-10 21:05:37.63035
2025-03-25,392.1578063964844,393.34867131877104,389.65696280253144,390.9272368910712,15775000,MSFT,2026-04-10 21:05:37.63035
2025-03-26,387.0072326660156,392.30665877239477,385.61787512073846,391.99901639757354,16108400,MSFT,2026-04-10 21:05:37.63035
2025-03-27,387.6125793457031,389.259971232933,384.4567464670721,387.1660163642304,13766800,MSFT,2026-04-10 21:05:37.63035
2025-03-28,375.9220886230469,386.1736243280803,374.0663006272135,385.13158343812927,21632000,MSFT,2026-04-10 21:05:37.63035
2025-03-31,372.5379943847656,374.20522334023684,364.449889664545,369.7096411618319,35184700,MSFT,2026-04-10 21:05:37.63035
2025-04-01,379.28631591796875,379.9413052057438,370.39439795061145,371.80359254811333,19689500,MSFT,2026-04-10 21:05:37.63035
2025-04-02,379.2367248535156,382.1543604865691,373.7586433966847,375.0983928958324,16092600,MSFT,2026-04-10 21:05:37.63035
2025-04-03,370.2752990722656,374.61212363444304,366.54388609690864,371.9425583652147,30198000,MSFT,2026-04-10 21:05:37.63035
2025-04-04,357.10614013671875,371.74407816646067,356.74888974568233,361.363555677575,49209900,MSFT,2026-04-10 21:05:37.63035
2025-04-07,355.14117431640625,368.1813588125757,342.17049555544185,348.2142236601539,50425000,MSFT,2026-04-10 21:05:37.63035
2025-04-08,351.86627197265625,370.8112344321485,347.5890190857086,365.46220003690814,35868900,MSFT,2026-04-10 21:05:37.63035
2025-04-09,387.5232849121094,390.2424886537646,350.4173671278774,350.854026698487,50199700,MSFT,2026-04-10 21:05:37.63035
2025-04-10,378.45269775390625,380.983312003396,365.00562576710445,379.1572950457799,38024400,MSFT,2026-04-10 21:05:37.63035
2025-04-11,385.4988098144531,387.08662977771354,376.01144319106686,377.74814777589194,23839200,MSFT,2026-04-10 21:05:37.63035
2025-04-14,384.8636169433594,391.6516465120973,381.2909618319917,390.23251818413166,19251200,MSFT,2026-04-10 21:05:37.63035
2025-04-15,382.7994689941406,388.91267269542334,381.24138963056953,385.558347033726,17199900,MSFT,2026-04-10 21:05:37.63035
2025-04-16,368.7867126464844,378.71073856569086,365.2041538267982,377.7779079921512,21967800,MSFT,2026-04-10 21:05:37.63035
2025-04-17,364.9858093261719,371.4761304955969,364.10258680355696,370.9104537724408,21120200,MSFT,2026-04-10 21:05:37.63035
2025-04-21,356.3916320800781,361.7109259917268,352.9678611353571,360.06353397111536,20807300,MSFT,2026-04-10 21:05:37.63035
2025-04-22,364.0331115722656,364.9758758256959,357.12596800122816,360.6192443688487,19485000,MSFT,2026-04-10 21:05:37.63035
2025-04-23,371.5456237792969,377.50003937654276,370.18600677791767,373.20291916052497,20545500,MSFT,2026-04-10 21:05:37.63035
2025-04-24,384.35748291015625,385.49877003384853,372.33950296048084,372.8456379358323,22232300,MSFT,2026-04-10 21:05:37.63035
2025-04-25,388.8729553222656,389.1805976978566,381.67803664886475,384.05979677325973,18973200,MSFT,2026-04-10 21:05:37.63035
2025-04-28,388.1882019042969,389.7561846754867,383.7025530868883,388.9821118643913,16579400,MSFT,2026-04-10 21:05:37.63035
2025-04-29,391.04632568359375,392.0982700078575,387.41412856396244,388.32712198825146,14974000,MSFT,2026-04-10 21:05:37.63035
2025-04-30,392.25701904296875,393.6463764759126,381.51921680100196,387.33468087236696,36461100,MSFT,2026-04-10 21:05:37.63035
2025-05-01,422.16802978515625,433.669971462135,421.67182852064957,427.8346397458207,58938100,MSFT,2026-04-10 21:05:37.63035
2025-05-02,431.9729919433594,436.1013902925972,426.7231738378541,428.4598783453456,30757400,MSFT,2026-04-10 21:05:37.63035
2025-05-05,432.8562316894531,436.1609188409604,428.827049490993,429.58128511716615,20136100,MSFT,2026-04-10 21:05:37.63035
2025-05-06,430.0179138183594,434.40434608152555,427.89418827142663,428.91636160877,15104200,MSFT,2026-04-10 21:05:37.63035
2025-05-07,430.0576477050781,434.79139692835327,427.83464541633373,430.54391525930873,23295300,MSFT,2026-04-10 21:05:37.63035
2025-05-08,434.84100341796875,440.2992170006134,432.35006352791333,434.602806230982,23491300,MSFT,2026-04-10 21:05:37.63035
2025-05-09,435.39678955078125,437.3914981181206,432.5684361749063,436.65712990925,15324200,MSFT,2026-04-10 21:05:37.63035
2025-05-12,445.8467712402344,445.9559209816134,436.43878433354007,442.551987565255,22821900,MSFT,2026-04-10 21:05:37.63035
2025-05-13,445.7276916503906,447.24606632617565,441.9763809723924,444.37800844651383,23618800,MSFT,2026-04-10 21:05:37.63035
2025-05-14,449.498779296875,450.45147719255016,444.7352595327789,444.7352595327789,19902800,MSFT,2026-04-10 21:05:37.63035
2025-05-15,450.512939453125,453.55526390744575,447.82852124457236,448.16655392379437,21992300,MSFT,2026-04-10 21:05:37.63035
2025-05-16,451.6463317871094,451.73580834700897,446.1383501578063,449.43915228561843,23849800,MSFT,2026-04-10 21:05:37.63035
2025-05-19,456.2197570800781,456.9355998797858,448.1963586877965,448.27591363294266,21336500,MSFT,2026-04-10 21:05:37.63035
2025-05-20,455.5238342285156,455.69283539558984,451.69606398891386,452.9587181303489,15441800,MSFT,2026-04-10 21:05:37.63035
2025-05-21,449.9561767578125,455.1360777634671,449.20055644956204,451.94462570262056,19216900,MSFT,2026-04-10 21:05:37.63035
2025-05-22,452.23291015625,457.5917944035942,451.27846319798533,452.32241705541014,18025600,MSFT,2026-04-10 21:05:37.63035
2025-05-23,447.5799560546875,451.06969358680703,446.3173019248347,447.3811293692874,16883500,MSFT,2026-04-10 21:05:37.63035
2025-05-27,458.0292663574219,458.2877744248074,453.48565331857327,453.8435898996704,20974300,MSFT,2026-04-10 21:05:37.63035
2025-05-28,454.7184753417969,459.84867709346275,454.2909661144885,458.55619745791415,17086300,MSFT,2026-04-10 21:05:37.63035
2025-05-29,456.0308837890625,459.05333474747385,452.68035209769624,458.884303233251,13974800,MSFT,2026-04-10 21:05:37.63035
2025-05-30,457.701171875,459.01355548435544,452.909032890277,457.064883978579,34770500,MSFT,2026-04-10 21:05:37.63035
2025-06-02,459.3018798828125,459.44105553120437,454.2512329224997,454.49978904014216,16626500,MSFT,2026-04-10 21:05:37.63035
2025-06-03,460.29608154296875,461.4593374660713,458.19825223653834,458.8047449110186,15743800,MSFT,2026-04-10 21:05:37.63035
2025-06-04,461.1908874511719,463.00038321907994,460.3457906064832,461.3201414833542,14162700,MSFT,2026-04-10 21:05:37.63035
2025-06-05,464.9788818359375,466.93750520910584,461.3499686746429,462.2745901279283,20131700,MSFT,2026-04-10 21:05:37.63035
2025-06-06,467.6632995605469,470.6061954238558,466.0725343793748,467.37496597576217,15285600,MSFT,2026-04-10 21:05:37.63035
2025-06-09,470.0196228027344,470.69568816704816,465.9134708467471,466.98725027602023,16469900,MSFT,2026-04-10 21:05:37.63035
2025-06-10,468.2001953125,470.06931180763127,464.26304461137784,468.4686249933991,15375900,MSFT,2026-04-10 21:05:37.63035
2025-06-11,469.8903503417969,472.72389606625393,466.9474544926898,467.30536072753216,16399200,MSFT,2026-04-10 21:05:37.63035
2025-06-12,476.104248046875,477.6453141185156,470.7851412769109,472.2764779222473,18950600,MSFT,2026-04-10 21:05:37.63035
2025-06-13,472.2168273925781,476.4124557062983,470.0295518485209,473.6584649544854,16814500,MSFT,2026-04-10 21:05:37.63035
2025-06-16,476.37274169921875,477.9137775383536,472.2566377036087,472.46541635312803,15626100,MSFT,2026-04-10 21:05:37.63035
2025-06-17,475.2790832519531,475.97502218951,471.34193242947174,472.65431603696555,15414100,MSFT,2026-04-10 21:05:37.63035
2025-06-18,477.4663391113281,478.2219594008936,471.71972301658775,475.2392860574369,17526500,MSFT,2026-04-10 21:05:37.63035
2025-06-20,474.6427307128906,480.6677282539423,474.11579298541653,479.4448516392065,37576200,MSFT,2026-04-10 21:05:37.63035
2025-06-23,483.1930847167969,484.932977511559,469.7810065395394,475.44806772339973,24864000,MSFT,2026-04-10 21:05:37.63035
2025-06-24,487.2793273925781,489.009298556199,483.9884469122188,486.1260537385937,22305600,MSFT,2026-04-10 21:05:37.63035
2025-06-25,489.4268798828125,491.7036624656625,486.56353883181055,489.1982276680394,17495100,MSFT,2026-04-10 21:05:37.63035
2025-06-26,494.57696533203125,495.1635541172166,489.9637493151316,490.13278082199906,21578900,MSFT,2026-04-10 21:05:37.63035
2025-06-27,493.07568359375,496.4162632322767,490.1824867596744,494.6763704185467,34539200,MSFT,2026-04-10 21:05:37.63035
2025-06-30,494.53717041015625,497.86782827206525,492.4691666337086,494.16931223084276,28369000,MSFT,2026-04-10 21:05:37.63035
2025-07-01,489.2080993652344,495.1734457101395,488.1443023264632,493.60258452282886,19945400,MSFT,2026-04-10 21:05:37.63035
2025-07-02,488.2536926269531,490.6497772469701,485.87751191483574,487.1600396387865,16319600,MSFT,2026-04-10 21:05:37.63035
2025-07-03,495.9589538574219,497.2415119784696,490.59014753996934,490.9580057562307,13984800,MSFT,2026-04-10 21:05:37.63035
2025-07-07,494.84539794921875,495.8694479262707,492.36978876052433,494.50736527479916,13981600,MSFT,2026-04-10 21:05:37.63035
2025-07-08,493.7517395019531,495.3226311177228,491.25622643335066,494.36815380384166,11846600,MSFT,2026-04-10 21:05:37.63035
2025-07-09,500.60198974609375,503.8530929514779,496.85374394735805,497.4105072423231,18659500,MSFT,2026-04-10 21:05:37.63035
2025-07-10,498.58367919921875,501.52657502305914,494.87521114411277,500.14458849842043,16492100,MSFT,2026-04-10 21:05:37.63035
2025-07-11,500.4130554199219,502.1131707269345,494.9249170598048,495.59106078877636,16459500,MSFT,2026-04-10 21:05:37.63035
2025-07-14,500.1147766113281,501.05930198422453,498.1362796464767,498.6234399223271,12058800,MSFT,2026-04-10 21:05:37.63035
2025-07-15,502.89862060546875,505.36427783294863,499.88612172349406,500.11477392946824,14927200,MSFT,2026-04-10 21:05:37.63035
2025-07-16,502.6997985839844,503.7934516278089,498.9913605307617,502.2623373664546,15154400,MSFT,2026-04-10 21:05:37.63035
2025-07-17,508.7446594238281,510.40499725185873,502.6997578215743,502.75940886082554,17503100,MSFT,2026-04-10 21:05:37.63035
2025-07-18,507.1041564941406,511.66767331118785,504.4992933518648,511.5085634207008,21209700,MSFT,2026-04-10 21:05:37.63035
2025-07-21,507.1141357421875,509.1324405638626,502.6301736290422,503.7834776665751,14066800,MSFT,2026-04-10 21:05:37.63035
2025-07-22,502.3517761230469,508.2475501614973,502.3517761230469,508.01886761548803,13868600,MSFT,2026-04-10 21:05:37.63035
2025-07-23,502.94830322265625,503.8630030405687,497.80817995491657,503.8232255681408,16396600,MSFT,2026-04-10 21:05:37.63035
2025-07-24,507.9294128417969,510.703277326071,504.37007217269974,505.83158338819493,16107000,MSFT,2026-04-10 21:05:37.63035
2025-07-25,510.7430725097656,515.2965768746373,507.41238413754473,509.51018319793565,19125700,MSFT,2026-04-10 21:05:37.63035
2025-07-28,509.5400085449219,512.0255695622142,507.1737496018482,511.1109000989904,14308000,MSFT,2026-04-10 21:05:37.63035
2025-07-29,509.609619140625,514.6304403339567,508.6054427654301,512.5525452747698,16469200,MSFT,2026-04-10 21:05:37.63035
2025-07-30,510.2757568359375,512.9701269930791,506.49771598970693,512.1946027794743,26380400,MSFT,2026-04-10 21:05:37.63035
2025-07-31,530.4187622070312,552.2420017670738,528.8280273057109,552.0232408256204,51617300,MSFT,2026-04-10 21:05:37.63035
2025-08-01,521.0829467773438,532.7054326872741,517.8517174087783,531.9100652869249,28977600,MSFT,2026-04-10 21:05:37.63035
2025-08-04,532.5463256835938,535.1412365772,525.0796913822776,525.2188973499576,25349000,MSFT,2026-04-10 21:05:37.63035
2025-08-05,524.7019653320312,534.196796907337,524.1949011418618,534.0774948252555,19171600,MSFT,2026-04-10 21:05:37.63035
2025-08-06,521.908203125,528.6291703469228,521.0034855448089,527.8338028961505,21355700,MSFT,2026-04-10 21:05:37.63035
2025-08-07,517.8318481445312,525.0399748350125,514.56081112672,523.7573865594029,16079100,MSFT,2026-04-10 21:05:37.63035
2025-08-08,519.0249633789062,521.629826851029,516.4101479520375,519.5817267008259,15531000,MSFT,2026-04-10 21:05:37.63035
2025-08-11,518.7565307617188,524.5429245664681,516.7183220142601,519.2834381856256,20194400,MSFT,2026-04-10 21:05:37.63035
2025-08-12,526.183349609375,527.9132904806338,519.6811434112465,520.7250669698358,18667000,MSFT,2026-04-10 21:05:37.63035
2025-08-13,517.5733642578125,529.6233593434064,516.3703308668756,529.0367402367135,19619200,MSFT,2026-04-10 21:05:37.63035
2025-08-14,519.4623413085938,522.9123315064297,517.1358902118243,519.5418962511537,20269100,MSFT,2026-04-10 21:05:37.63035
2025-08-15,517.1657104492188,523.0614541020369,516.0820397908819,519.7507304052322,25213300,MSFT,2026-04-10 21:05:37.63035
2025-08-18,514.1134643554688,519.8004600468895,511.05129658888984,518.5775833311014,23760600,MSFT,2026-04-10 21:05:37.63035
2025-08-19,506.8257751464844,512.1846290296555,505.61282013208876,512.0255798217245,21481000,MSFT,2026-04-10 21:05:37.63035
2025-08-20,502.7991638183594,508.0486674266492,501.5265578024503,506.9251890021903,27723000,MSFT,2026-04-10 21:05:37.63035
2025-08-21,502.15185546875,505.5278315490841,500.6381609615915,501.6041452591809,18443300,MSFT,2026-04-10 21:05:37.63035
2025-08-22,505.1295166015625,508.6150227226763,500.32946944945456,502.1618461633245,24324200,MSFT,2026-04-10 21:05:37.63035
2025-08-25,502.17181396484375,506.0855321115255,502.0323791323648,504.5319946732823,21638600,MSFT,2026-04-10 21:05:37.63035
2025-08-26,499.96099853515625,502.88882606141556,496.4456179190968,502.2713680297872,30835700,MSFT,2026-04-10 21:05:37.63035
2025-08-27,504.6415100097656,505.1892506185915,497.82983904056124,499.9211487290224,17277900,MSFT,2026-04-10 21:05:37.63035
2025-08-28,507.5295104980469,508.9734875719172,503.4066403395377,504.9900522378754,18015600,MSFT,2026-04-10 21:05:37.63035
2025-08-29,504.59173583984375,507.4896888132377,502.40083415821226,506.5535790393771,20961600,MSFT,2026-04-10 21:05:37.63035
2025-09-02,503.0282287597656,503.90458943006223,494.75264396148896,498.3974910813857,18128000,MSFT,2026-04-10 21:05:37.63035
2025-09-03,503.2572937011719,505.68719181229375,500.2398424947412,501.70375627159575,16345100,MSFT,2026-04-10 21:05:37.63035
2025-09-04,505.866455078125,506.04570238922344,501.0664078062513,502.2116394820944,15509500,MSFT,2026-04-10 21:05:37.63035
2025-09-05,492.9501647949219,509.8498918622262,490.3310509759443,506.9619070760115,31994800,MSFT,2026-04-10 21:05:37.63035
2025-09-08,496.13690185546875,499.1244784694731,492.9800158612091,496.04724781279185,16771000,MSFT,2026-04-10 21:05:37.63035
2025-09-09,496.3460388183594,500.17013335375145,495.6389875077243,499.3535217605099,14410500,MSFT,2026-04-10 21:05:37.63035
2025-09-10,498.29791259765625,501.1460848531792,494.6630336933239,500.8971201283455,21611800,MSFT,2026-04-10 21:05:37.63035
2025-09-11,498.9352722167969,501.08633106619584,495.8182290284252,500.17012751524385,18881600,MSFT,2026-04-10 21:05:37.63035
2025-09-12,507.7884521484375,510.42747218178897,501.7635178992086,504.55191069082485,23624900,MSFT,2026-04-10 21:05:37.63035
2025-09-15,513.225830078125,513.3353599697668,504.9004642300766,506.68306017742736,17143800,MSFT,2026-04-10 21:05:37.63035
2025-09-16,506.9320068359375,515.0880630075219,506.4938265025834,514.7395367165727,19711900,MSFT,2026-04-10 21:05:37.63035
2025-09-17,507.9079284667969,509.1726886784055,503.8348693472275,508.5054498653079,15816600,MSFT,2026-04-10 21:05:37.63035
2025-09-18,506.3444519042969,510.9453149965379,505.55771489166153,509.37184097126715,18913700,MSFT,2026-04-10 21:05:37.63035
2025-09-19,515.78515625,517.1494779837726,508.1967168320822,508.44568153944795,52474100,MSFT,2026-04-10 21:05:37.63035
2025-09-22,512.319580078125,515.5959337012963,510.4174557013089,513.4548737162081,20009300,MSFT,2026-04-10 21:05:37.63035
2025-09-23,507.1212463378906,512.4590659268906,505.2091838485409,511.67229848312854,19799600,MSFT,2026-04-10 21:05:37.63035
2025-09-24,508.0373840332031,510.35772177145367,504.82077941210207,508.26644250853604,13533700,MSFT,2026-04-10 21:05:37.63035
2025-09-25,504.9303283691406,507.89799878212006,502.94857891661616,506.1950582100621,15786500,MSFT,2026-04-10 21:05:37.63035
2025-09-26,509.34197998046875,511.8117209714621,504.52202659403474,507.94778361103766,16213100,MSFT,2026-04-10 21:05:37.63035
2025-09-29,512.4689331054688,514.7096154882738,506.77264973451184,509.3817950243417,17617800,MSFT,2026-04-10 21:05:37.63035
2025-09-30,515.8051147460938,516.0142062084105,507.54943619028296,511.11459757878936,19728200,MSFT,2026-04-10 21:05:37.63035
2025-10-01,517.557861328125,518.3545363078492,509.5710533372991,512.6681599915194,22632300,MSFT,2026-04-10 21:05:37.63035
2025-10-02,513.604248046875,519.439966484546,508.5652045551738,515.496404228155,21222900,MSFT,2026-04-10 21:05:37.63035
2025-10-03,515.20751953125,518.3345307125708,512.8672756929882,514.9585548343116,15112300,MSFT,2026-04-10 21:05:37.63035
2025-10-06,526.3811645507812,528.8309994124726,516.0541122577388,516.4623876768178,21388600,MSFT,2026-04-10 21:05:37.63035
2025-10-07,521.8101196289062,527.6060256392368,519.2806599401652,526.1022689962125,14615200,MSFT,2026-04-10 21:05:37.63035
2025-10-08,522.676513671875,524.7678538085896,520.923853084141,521.1130687043808,13363400,MSFT,2026-04-10 21:05:37.63035
2025-10-09,520.2366943359375,522.158694647609,515.2574000210162,520.1769452354545,18343600,MSFT,2026-04-10 21:05:37.63035
2025-10-10,508.84405517578125,521.4118200258811,507.5195762105422,517.4881335274953,24133800,MSFT,2026-04-10 21:05:37.63035
2025-10-13,511.9212341308594,514.2714464494894,509.56105349845876,514.2714464494894,14284200,MSFT,2026-04-10 21:05:37.63035
2025-10-14,511.4432373046875,513.1461778212379,503.9045785101632,508.11707238992415,14684300,MSFT,2026-04-10 21:05:37.63035
2025-10-15,511.3038024902344,515.0482414945574,507.888013925759,512.8274957075639,14694700,MSFT,2026-04-10 21:05:37.63035
2025-10-16,509.4913330078125,514.7096236704256,506.02576365101777,510.4573477017149,15559600,MSFT,2026-04-10 21:05:37.63035
2025-10-17,511.4532470703125,513.3453425707617,505.2091921192977,506.93203901166436,19867800,MSFT,2026-04-10 21:05:37.63035
2025-10-20,514.6498413085938,516.5519656323323,511.30377036778043,512.4788764440519,14665600,MSFT,2026-04-10 21:05:37.63035
2025-10-21,515.5162963867188,516.5420602391357,510.91543308707116,515.3569857054445,15586200,MSFT,2026-04-10 21:05:37.63035
2025-10-22,518.3843994140625,523.0549803520576,515.5661623300699,518.9919195722497,18962700,MSFT,2026-04-10 21:05:37.63035
2025-10-23,518.404296875,521.7802730707533,516.4623598997719,520.2964530626382,14023500,MSFT,2026-04-10 21:05:37.63035
2025-10-24,521.441650390625,523.1744351060786,518.5536961256696,520.6250388201142,15532400,MSFT,2026-04-10 21:05:37.63035
2025-10-27,529.3189697265625,532.3662956890146,526.819354031342,529.577902779321,18734700,MSFT,2026-04-10 21:05:37.63035
2025-10-28,539.8252563476562,551.4269763883988,538.5306518978505,547.7224103521172,29986700,MSFT,2026-04-10 21:05:37.63035
2025-10-29,539.307373046875,544.0078586434945,534.507325873603,542.6833492925585,36023000,MSFT,2026-04-10 21:05:37.63035
2025-10-30,523.582763671875,532.7545848667123,519.9578228356851,528.2831883129468,41023100,MSFT,2026-04-10 21:05:37.63035
2025-10-31,515.6656494140625,527.1279940743384,512.9668501497666,526.6898137654194,34006400,MSFT,2026-04-10 21:05:37.63035
2025-11-03,514.888916015625,522.7860691817526,512.4590180581705,517.657371934483,22374700,MSFT,2026-04-10 21:05:37.63035
2025-11-04,512.2001342773438,513.4150529816625,505.73698923396887,509.6407695643784,20958700,MSFT,2026-04-10 21:05:37.63035
2025-11-05,505.0597839355469,512.6980347767452,504.4821687767013,511.17434154282535,23024300,MSFT,2026-04-10 21:05:37.63035
2025-11-06,495.04144287109375,503.6058351018555,493.75677643867937,503.5659922381216,27406500,MSFT,2026-04-10 21:05:37.63035
2025-11-07,494.7626037597656,497.31199999791255,491.2073803526309,494.89207027354036,24019800,MSFT,2026-04-10 21:05:37.63035
2025-11-10,503.9045715332031,504.7510576229119,496.73437575016374,497.9692613740871,26101500,MSFT,2026-04-10 21:05:37.63035
2025-11-11,506.573486328125,507.48968986721945,500.26971300797675,502.70954902224156,17980000,MSFT,2026-04-10 21:05:37.63035
2025-11-12,509.0233154296875,509.5511194130969,497.05307240824305,507.2506574723947,26574900,MSFT,2026-04-10 21:05:37.63035
2025-11-13,501.205810546875,511.3735209246628,499.2140928412288,508.1967287528611,25273100,MSFT,2026-04-10 21:05:37.63035
2025-11-14,508.0672607421875,509.4813936811572,495.3800287197931,496.166765720741,28505700,MSFT,2026-04-10 21:05:37.63035
2025-11-17,505.3883972167969,509.9992285471841,502.8190947602184,506.34444359286346,19092800,MSFT,2026-04-10 21:05:37.63035
2025-11-18,491.74517822265625,500.89712400975867,484.76419755903834,493.31862192366924,33815100,MSFT,2026-04-10 21:05:37.63035
2025-11-19,485.1027526855469,493.13934080841636,480.8305097576304,488.0704229659532,23245300,MSFT,2026-04-10 21:05:37.63035
2025-11-20,477.3404846191406,492.4460215630244,474.41716428973194,491.5879641710541,26802500,MSFT,2026-04-10 21:05:37.63035
2025-11-21,471.04486083984375,477.8293938228302,467.20362215472323,477.4103368698009,31769200,MSFT,2026-04-10 21:05:37.63035
2025-11-24,472.92059326171875,475.8139832068258,466.9542001322548,473.9183160323131,34421000,MSFT,2026-04-10 21:05:37.63035
2025-11-25,475.90374755859375,478.0588322743821,463.8313270788984,472.9904142849383,28019800,MSFT,2026-04-10 21:05:37.63035
2025-11-26,484.3943786621094,487.1979770584782,480.10418316215106,485.2025316262965,25709100,MSFT,2026-04-10 21:05:37.63035
2025-11-28,490.88958740234375,491.5081706450152,485.54177754838196,486.48962635446395,14386700,MSFT,2026-04-10 21:05:37.63035
2025-12-01,485.6315612792969,488.7444513856018,483.5463243869077,487.32770213243884,23964000,MSFT,2026-04-10 21:05:37.63035
2025-12-02,488.8841552734375,492.3761849539621,485.2125428025972,485.6116258193264,19562700,MSFT,2026-04-10 21:05:37.63035
2025-12-03,476.64208984375,483.13724409881166,474.1178525596479,475.23529714339696,34615100,MSFT,2026-04-10 21:05:37.63035
2025-12-04,479.7449951171875,480.2239129901724,475.40489514051177,478.6674679630734,22318200,MSFT,2026-04-10 21:05:37.63035
2025-12-05,482.0597229003906,482.299166614698,477.78947078944657,481.4211657314621,22608700,MSFT,2026-04-10 21:05:37.63035
2025-12-08,489.9018249511719,491.17890888246444,483.2769615726175,483.7858099301447,21965900,MSFT,2026-04-10 21:05:37.63035
2025-12-09,490.8995361328125,490.99931449735556,487.3875630167038,487.9862027558801,14696100,MSFT,2026-04-10 21:05:37.63035
2025-12-10,477.4701843261719,483.14722906115725,473.99809828560024,482.92772884397027,35756200,MSFT,2026-04-10 21:05:37.63035
2025-12-11,482.3690185546875,484.92318635563356,474.7763326037194,475.5445986070271,24669200,MSFT,2026-04-10 21:05:37.63035
2025-12-12,477.4402770996094,481.3513637649093,475.2552617920193,478.72734800157895,21248100,MSFT,2026-04-10 21:05:37.63035
2025-12-15,473.73870849609375,479.6252664455081,471.44392797474177,479.0066832317436,23727700,MSFT,2026-04-10 21:05:37.63035
2025-12-16,475.3051452636719,476.80172935648005,469.8076832860371,470.8353364785088,20705600,MSFT,2026-04-10 21:05:37.63035
2025-12-17,475.0357360839844,478.9069051052783,473.9182915104317,475.8239455574328,24527200,MSFT,2026-04-10 21:05:37.63035
2025-12-18,482.87786865234375,488.4850656489584,476.8017407441929,477.10104539067044,28573500,MSFT,2026-04-10 21:05:37.63035
2025-12-19,484.8134460449219,486.73904362092316,481.39123391446003,486.2501387748106,70836100,MSFT,2026-04-10 21:05:37.63035
2025-12-22,483.81573486328125,487.6170561484318,481.5908021440126,485.01298390813173,16963000,MSFT,2026-04-10 21:05:37.63035
2025-12-23,485.7413330078125,486.71908182827985,483.63612214595605,483.8755963136496,14683600,MSFT,2026-04-10 21:05:37.63035
2025-12-24,486.90863037109375,488.04604888584674,483.7258924615979,484.5739628623746,5855900,MSFT,2026-04-10 21:05:37.63035
2025-12-26,486.599365234375,487.00843522519267,484.85335038112265,485.601642461088,8842200,MSFT,2026-04-10 21:05:37.63035
2025-12-29,485.9907531738281,487.23790659993216,483.0773893732932,483.7558335295542,10893400,MSFT,2026-04-10 21:05:37.63035
2025-12-30,486.3699035644531,488.56487537463653,484.39440153201394,484.82341501264875,13944500,MSFT,2026-04-10 21:05:37.63035
2025-12-31,482.5186767578125,487.0284031238816,482.1993981667827,486.7290680267604,15601600,MSFT,2026-04-10 21:05:37.63035
2026-01-02,471.8630065917969,483.5563186075122,469.0893385249197,483.2869444224563,25571600,MSFT,2026-04-10 21:05:37.63035
2026-01-05,471.773193359375,474.9858617296903,468.4308161640092,472.98042932285466,25250300,MSFT,2026-04-10 21:05:37.63035
2026-01-06,477.4203186035156,477.64977534720424,468.68025764779384,472.72102257015473,23037700,MSFT,2026-04-10 21:05:37.63035
2026-01-07,482.3690185546875,488.5848422406915,476.86159994291296,478.6674756822987,25564200,MSFT,2026-04-10 21:05:37.63035
2026-01-08,477.0212097167969,481.5608665012806,474.7763335277468,480.14408679814625,18162600,MSFT,2026-04-10 21:05:37.63035
2026-01-09,478.1885681152344,478.72734693664125,471.1247042989064,472.9804540365218,18491000,MSFT,2026-04-10 21:05:37.63035
2026-01-12,476.09332275390625,479.89464390147504,474.59673866594744,475.5845048686955,23519900,MSFT,2026-04-10 21:05:37.63035
2026-01-13,469.5981750488281,474.6965236309785,464.888922501957,473.5990225282599,28545800,MSFT,2026-04-10 21:05:37.63035
2026-01-14,458.3338928222656,467.13381499707015,456.1289340170423,465.39775666549855,28184300,MSFT,2026-04-10 21:05:37.63035
2026-01-15,455.6200866699219,463.1927988881192,454.8618076165624,463.0630900555096,23225800,MSFT,2026-04-10 21:05:37.63035
2026-01-16,458.8127746582031,462.13520850615447,455.4404972994736,456.78739866953146,34246700,MSFT,2026-04-10 21:05:37.63035
2026-01-20,453.48492431640625,455.7597309230742,448.2568669541529,450.1924514863621,26130000,MSFT,2026-04-10 21:05:37.63035
2026-01-21,443.0986328125,451.65911099901973,437.68100562513575,451.56931960591265,37980500,MSFT,2026-04-10 21:05:37.63035
2026-01-22,450.1126403808594,451.8087507279656,443.6873036586902,446.600636936346,25349400,MSFT,2026-04-10 21:05:37.63035
2026-01-23,464.888916015625,470.0271819611143,449.50401819491054,450.8409629929935,38000200,MSFT,2026-04-10 21:05:37.63035
2026-01-26,469.20904541015625,473.1700058760031,460.94790240319116,464.25036221183507,29291200,MSFT,2026-04-10 21:05:37.63035
2026-01-27,479.485595703125,481.7703893732875,472.0825097961169,472.62128861771004,29213900,MSFT,2026-04-10 21:05:37.63035
2026-01-28,480.533203125,482.63838346935967,476.9114647448887,482.10959164059926,36875400,MSFT,2026-04-10 21:05:37.63035
2026-01-29,432.5128173828125,441.49232224197124,420.06122635013605,438.98802836564175,128855300,MSFT,2026-04-10 21:05:37.63035
2026-01-30,429.31011962890625,438.5989157576861,425.47886802078926,438.1699022937122,58566800,MSFT,2026-04-10 21:05:37.63035
2026-02-02,422.4058837890625,429.7590957240154,421.28843915961005,429.2602343395754,42219900,MSFT,2026-04-10 21:05:37.63035
2026-02-03,410.2735595703125,421.0888704228976,407.6296003977664,421.0489834358989,61424100,MSFT,2026-04-10 21:05:37.63035
2026-02-04,413.2467956542969,418.84400576689177,408.3080557741746,410.0640575889883,45012400,MSFT,2026-04-10 21:05:37.63035
2026-02-05,392.7735290527344,407.37018733348754,391.4265972483441,406.51216038211834,66289200,MSFT,2026-04-10 21:05:37.63035
2026-02-06,400.22650146484375,400.87501513504304,392.0252195920243,398.2609865133262,53515300,MSFT,2026-04-10 21:05:37.63035
2026-02-09,412.65814208984375,413.94521298339265,399.9571203178888,403.9280678877113,45480500,MSFT,2026-04-10 21:05:37.63035
2026-02-10,412.328857421875,422.7151545880433,411.76017861216997,418.66440278178237,44857900,MSFT,2026-04-10 21:05:37.63035
2026-02-11,403.4491271972656,415.51159110220135,400.096793508188,415.2322299614449,42491000,MSFT,2026-04-10 21:05:37.63035
2026-02-12,400.9248962402344,405.2749831551046,397.1036315998776,404.07770370563327,40802400,MSFT,2026-04-10 21:05:37.63035
2026-02-13,400.4060974121094,404.61648859375555,397.1435245648219,403.528974460687,34091600,MSFT,2026-04-10 21:05:37.63035
2026-02-17,395.95623779296875,399.60790672873594,393.6315571718042,398.31087932693146,32078800,MSFT,2026-04-10 21:05:37.63035
2026-02-18,398.69000244140625,401.6432531481791,395.41747315874426,397.2233488345012,23223400,MSFT,2026-04-10 21:05:37.63035
2026-02-19,398.4599914550781,404.42999267578125,396.6700134277344,400.69000244140625,28234000,MSFT,2026-04-10 21:05:37.63035
2026-02-20,397.2300109863281,400.1199951171875,395.1600036621094,396.1099853515625,34015200,MSFT,2026-04-10 21:05:37.63035
2026-02-23,384.4700012207031,395.3599853515625,383.1000061035156,395,43238300,MSFT,2026-04-10 21:05:37.63035
2026-02-24,389,389.3599853515625,381.7099914550781,384.1400146484375,33884700,MSFT,2026-04-10 21:05:37.63035
2026-02-25,400.6000061035156,401.4700012207031,390.1600036621094,390.5299987792969,43625500,MSFT,2026-04-10 21:05:37.63035
2026-02-26,401.7200012207031,407.489990234375,398.739990234375,404.7099914550781,34405900,MSFT,2026-04-10 21:05:37.63035
2026-02-27,392.739990234375,396.82000732421875,389.8800048828125,390.8800048828125,51367200,MSFT,2026-04-10 21:05:37.63035
2026-03-02,398.54998779296875,401.19000244140625,390.6300048828125,392.8599853515625,35474900,MSFT,2026-04-10 21:05:37.63035
2026-03-03,403.92999267578125,406.70001220703125,392.6700134277344,393.1400146484375,38199200,MSFT,2026-04-10 21:05:37.63035
2026-03-04,405.20001220703125,411.0299987792969,400.30999755859375,401.2699890136719,35808000,MSFT,2026-04-10 21:05:37.63035
2026-03-05,410.67999267578125,411.6099853515625,404.3999938964844,404.4200134277344,39001300,MSFT,2026-04-10 21:05:37.63035
2026-03-06,408.9599914550781,413.04998779296875,408.510009765625,409.20001220703125,31123900,MSFT,2026-04-10 21:05:37.63035
2026-03-09,409.4100036621094,410.2099914550781,403.5,404.9200134277344,30131900,MSFT,2026-04-10 21:05:37.63035
2026-03-10,405.760009765625,410.20001220703125,402.92999267578125,410.0299987792969,31706400,MSFT,2026-04-10 21:05:37.63035
2026-03-11,404.8800048828125,409.010009765625,401.5899963378906,405.57000732421875,25512100,MSFT,2026-04-10 21:05:37.63035
2026-03-12,401.8599853515625,406.1199951171875,401.7099914550781,404.6300048828125,27263900,MSFT,2026-04-10 21:05:37.63035
2026-03-13,395.54998779296875,404.79998779296875,394.25,401,26848000,MSFT,2026-04-10 21:05:37.63035
2026-03-16,399.95001220703125,400.6300048828125,394.7900085449219,398.07000732421875,27733700,MSFT,2026-04-10 21:05:37.63035
2026-03-17,399.4100036621094,404.3999938964844,397.75,400.2699890136719,26228300,MSFT,2026-04-10 21:05:37.63035
2026-03-18,391.7900085449219,398,391,397.1300048828125,25908500,MSFT,2026-04-10 21:05:37.63035
2026-03-19,389.0199890136719,392.489990234375,387.05999755859375,390.1000061035156,25138800,MSFT,2026-04-10 21:05:37.63035
2026-03-20,381.8699951171875,387,380.1199951171875,386.7900085449219,50853200,MSFT,2026-04-10 21:05:37.63035
2026-03-23,383,387.2099914550781,381.67999267578125,383.8999938964844,29680100,MSFT,2026-04-10 21:05:37.63035
2026-03-24,372.739990234375,382.4700012207031,371.8500061035156,382.3599853515625,42733600,MSFT,2026-04-10 21:05:37.63035
2026-03-25,371.0400085449219,377.05999755859375,369.6300048828125,376.9200134277344,31181200,MSFT,2026-04-10 21:05:37.63035
2026-03-26,365.9700012207031,374.7200012207031,365.19000244140625,370.82000732421875,36836600,MSFT,2026-04-10 21:05:37.63035
2026-03-27,356.7699890136719,362.45001220703125,356.510009765625,361.8999938964844,37883400,MSFT,2026-04-10 21:05:37.63035
2026-03-30,358.9599914550781,365.3599853515625,356.2799987792969,361.8999938964844,44797000,MSFT,2026-04-10 21:05:37.63035
2026-03-31,370.1700134277344,372.8999938964844,363.07000732421875,364.54998779296875,45244400,MSFT,2026-04-10 21:05:37.63035
2026-04-01,369.3699951171875,373.989990234375,368.20001220703125,373.489990234375,29417200,MSFT,2026-04-10 21:05:37.63035
2026-04-02,373.4599914550781,373.6400146484375,364.1499938964844,367.2099914550781,24099100,MSFT,2026-04-10 21:05:37.63035
2026-04-06,372.8800048828125,373.7300109863281,369.5,373.489990234375,16146600,MSFT,2026-04-10 21:05:37.63035
2024-01-02,48.13856887817383,49.26487918925224,47.565920930034586,49.213911661432995,411254000,NVDA,2026-04-10 21:05:38.692965
2024-01-03,47.539939880371094,48.15456203597886,47.2910914479061,47.45599156277329,320896000,NVDA,2026-04-10 21:05:38.692965
2024-01-04,47.96867752075195,48.47036973426666,47.478975200634494,47.73781584044559,306535000,NVDA,2026-04-10 21:05:38.692965
2024-01-05,49.06700134277344,49.51672715055194,48.27648428603865,48.43239101183954,415039000,NVDA,2026-04-10 21:05:38.692965
2024-01-08,52.22108459472656,52.24307433001581,49.44878056633185,49.48176135689829,642510000,NVDA,2026-04-10 21:05:38.692965
2024-01-09,53.107540130615234,54.29181767502081,51.65842506490768,52.36899311649789,773100000,NVDA,2026-04-10 21:05:38.692965
2024-01-10,54.31679916381836,54.56664645309511,53.45632503855136,53.58325017590931,533796000,NVDA,2026-04-10 21:05:38.692965
2024-01-11,54.78850555419922,55.312187494704844,53.527279337957886,54.965399369459846,596759000,NVDA,2026-04-10 21:05:38.692965
2024-01-12,54.67657470703125,54.93641799826661,54.29680960809761,54.58662953889082,352994000,NVDA,2026-04-10 21:05:38.692965
2024-01-16,56.347557067871094,56.800279452629056,54.86646395445467,54.984391900558016,449580000,NVDA,2026-04-10 21:05:38.692965
2024-01-17,56.01875686645508,56.43650076516492,54.70655929384397,56.3125759716749,474394000,NVDA,2026-04-10 21:05:38.692965
2024-01-18,57.072113037109375,57.5648119047759,56.07272391506558,57.225019450786334,491650000,NVDA,2026-04-10 21:05:38.692965
2024-01-19,59.454654693603516,59.463648066531206,57.19003646845247,57.953569636409725,543501000,NVDA,2026-04-10 21:05:38.692965
2024-01-22,59.617557525634766,60.29414590763177,59.03391464914335,60.01231668308295,452955000,NVDA,2026-04-10 21:05:38.692965
2024-01-23,59.83642578125,59.8734019281728,58.549210583878605,59.53360947543731,294654000,NVDA,2026-04-10 21:05:38.692965
2024-01-24,61.32450866699219,62.810599654408506,59.901378913458146,60.26715642389318,560271000,NVDA,2026-04-10 21:05:38.692965
2024-01-25,61.5793571472168,62.680685096135214,60.81282362309359,62.3119072339738,482777000,NVDA,2026-04-10 21:05:38.692965
2024-01-26,60.99371337890625,61.74525668401416,60.535996808090815,60.92275760795634,390309000,NVDA,2026-04-10 21:05:38.692965
2024-01-29,62.426841735839844,62.450825336358335,60.869794823781135,61.1945932389414,348733000,NVDA,2026-04-10 21:05:38.692965
2024-01-30,62.73564529418945,63.45420777642383,62.22195939324812,62.86157157548254,410735000,NVDA,2026-04-10 21:05:38.692965
2024-01-31,61.489418029785156,62.230965375095856,60.662923519798866,61.402469372359604,453795000,NVDA,2026-04-10 21:05:38.692965
2024-02-01,62.98849868774414,63.1523999678792,61.61234096321601,62.06206301871128,369146000,NVDA,2026-04-10 21:05:38.692965
2024-02-02,66.11959075927734,66.55931680667902,63.65109449153059,63.934921410632114,476578000,NVDA,2026-04-10 21:05:38.692965
2024-02-05,69.2896499633789,69.45455008972388,67.16395031831868,68.1833239064927,680078000,NVDA,2026-04-10 21:05:38.692965
2024-02-06,68.18132019042969,69.71138308978904,66.25949848302591,69.58745829595591,683111000,NVDA,2026-04-10 21:05:38.692965
2024-02-07,70.05616760253906,70.17709586585252,67.55869397580136,68.27725642617484,495575000,NVDA,2026-04-10 21:05:38.692965
2024-02-08,69.59844207763672,70.75073737144197,69.41255872885704,70.03117613467934,414422000,NVDA,2026-04-10 21:05:38.692965
2024-02-09,72.08893585205078,72.14089841148939,70.16910418058404,70.48990722179018,436637000,NVDA,2026-04-10 21:05:38.692965
2024-02-12,72.203857421875,74.56541258706788,71.20646610395904,72.55563972624536,613710000,NVDA,2026-04-10 21:05:38.692965
2024-02-13,72.08393859863281,73.40512964528038,69.57747501499297,70.3569973280816,602580000,NVDA,2026-04-10 21:05:38.692965
2024-02-14,73.85486602783203,74.19065934700839,71.89406636072601,73.15729429339046,504917000,NVDA,2026-04-10 21:05:38.692965
2024-02-15,72.61361694335938,73.9298138493264,72.35577892403286,73.82388341395547,420122000,NVDA,2026-04-10 21:05:38.692965
2024-02-16,72.56863403320312,74.35654245789623,72.45670295069786,74.05472502125532,495327000,NVDA,2026-04-10 21:05:38.692965
2024-02-20,69.40956115722656,71.91202875960458,67.69260871411592,71.90303157562508,704833000,NVDA,2026-04-10 21:05:38.692965
2024-02-21,67.43077850341797,68.84591377259603,66.20752727493073,67.96444884340175,673755000,NVDA,2026-04-10 21:05:38.692965
2024-02-22,78.49002838134766,78.52700071768926,74.17466516688725,74.97917375100998,865100000,NVDA,2026-04-10 21:05:38.692965
2024-02-23,78.76885223388672,82.34366290568272,77.5226123761237,80.74064650613892,829388000,NVDA,2026-04-10 21:05:38.692965
2024-02-26,79.04368591308594,80.596737435313,78.4570388969918,79.65130857177527,503973000,NVDA,2026-04-10 21:05:38.692965
2024-02-27,78.6529312133789,79.4314624072199,77.11487729009905,79.33251622087948,391705000,NVDA,2026-04-10 21:05:38.692965
2024-02-28,77.61555480957031,78.88477556464643,77.07788148076835,77.57258181183745,393110000,NVDA,2026-04-10 21:05:38.692965
2024-02-29,79.06366729736328,79.94112925032395,78.3021317921465,79.0456805510973,507289000,NVDA,2026-04-10 21:05:38.692965
2024-03-01,82.22872924804688,82.24972013852617,79.38646508056598,79.95112232187887,479135000,NVDA,2026-04-10 21:05:38.692965
2024-03-04,85.18492889404297,87.64142750402274,83.66785848531528,84.07860289478097,615616000,NVDA,2026-04-10 21:05:38.692965
2024-03-05,85.91551208496094,86.04844030428545,83.36995155382468,85.22190326590307,520639000,NVDA,2026-04-10 21:05:38.692965
2024-03-06,88.64997100830078,89.67339555623481,86.98091470216241,87.97235961581464,582520000,NVDA,2026-04-10 21:05:38.692965
2024-03-07,92.61672973632812,92.71467403344542,89.55145830366479,90.10714445366249,608119000,NVDA,2026-04-10 21:05:38.692965
2024-03-08,87.47863006591797,97.34506345152579,86.45720334881955,95.08433828640496,1142269000,NVDA,2026-04-10 21:05:38.692965
2024-03-11,85.72562408447266,88.74691405918401,84.11852931570184,86.3802534333582,678364000,NVDA,2026-04-10 21:05:38.692965
2024-03-12,91.86116027832031,91.90813084085208,86.10141029804566,87.9993412781643,668075000,NVDA,2026-04-10 21:05:38.692965
2024-03-13,90.83673095703125,91.45238079004136,88.38511175577527,91.00363657004534,635713000,NVDA,2026-04-10 21:05:38.692965
2024-03-14,87.89439392089844,90.5948732884495,86.55115025815236,89.52647603225017,602318000,NVDA,2026-04-10 21:05:38.692965
2024-03-15,87.78746032714844,89.49549613199862,86.20835719890029,86.88097416830968,642086000,NVDA,2026-04-10 21:05:38.692965
2024-03-18,88.40510559082031,92.35287440054489,87.03587564379455,90.33701387030251,668976000,NVDA,2026-04-10 21:05:38.692965
2024-03-19,89.34757995605469,90.49292967987033,84.9620544077868,86.65109602123033,672171000,NVDA,2026-04-10 21:05:38.692965
2024-03-20,90.3210220336914,90.35900261059237,88.17323222883243,89.74634182102426,479063000,NVDA,2026-04-10 21:05:38.692965
2024-03-21,91.3834228515625,92.59574371140432,90.3540050520513,92.2479404308415,480372000,NVDA,2026-04-10 21:05:38.692965
2024-03-22,94.2358169555664,94.72453954495887,90.78276394753543,91.0895899885777,586719000,NVDA,2026-04-10 21:05:38.692965
2024-03-25,94.94840240478516,96.71140716240863,93.45724736719572,93.88800396946667,552136000,NVDA,2026-04-10 21:05:38.692965
2024-03-26,92.5087890625,96.3206408094852,92.44982423178193,95.79693429152606,513648000,NVDA,2026-04-10 21:05:38.692965
2024-03-27,90.19910430908203,93.1874159899472,89.07274096879794,93.05948982143728,586067000,NVDA,2026-04-10 21:05:38.692965
2024-03-28,90.3050308227539,91.24849853375163,89.14268488587938,89.9492288448454,435212000,NVDA,2026-04-10 21:05:38.692965
2024-04-01,90.31202697753906,92.17297617207028,89.15368416261286,90.24806771473163,452441000,NVDA,2026-04-10 21:05:38.692965
2024-04-02,89.40154266357422,90.04317879660557,87.57057538202243,88.39810360146309,433064000,NVDA,2026-04-10 21:05:38.692965
2024-04-03,88.913818359375,90.32302673450899,88.35014110939444,88.43409336471458,370067000,NVDA,2026-04-10 21:05:38.692965
2024-04-04,85.85653686523438,90.58287298050408,85.83154944356146,90.35499714995936,434965000,NVDA,2026-04-10 21:05:38.692965
2024-04-05,87.95836639404297,88.4310991932804,85.87753991776991,86.81700456921507,399678000,NVDA,2026-04-10 21:05:38.692965
2024-04-08,87.08385467529297,88.77989605626742,86.68307988880372,88.64996450448324,283220000,NVDA,2026-04-10 21:05:38.692965
2024-04-09,85.30584716796875,87.58556628736338,82.97516956737525,87.39267436773328,501700000,NVDA,2026-04-10 21:05:38.692965
2024-04-10,86.98990631103516,87.35070274664696,83.66178279831279,83.87866326448999,431929000,NVDA,2026-04-10 21:05:38.692965
2024-04-11,90.56488037109375,90.6878120841834,86.8769671038577,87.37068410490238,431637000,NVDA,2026-04-10 21:05:38.692965
2024-04-12,88.13624572753906,90.1241296462884,87.48061758752601,89.64839263683821,426805000,NVDA,2026-04-10 21:05:38.692965
2024-04-15,85.95249938964844,90.56189797510771,85.88054139689574,89.04775296579596,443077000,NVDA,2026-04-10 21:05:38.692965
2024-04-16,87.36569213867188,88.06829089560239,86.01545628049773,86.38424380509475,370453000,NVDA,2026-04-10 21:05:38.692965
2024-04-17,83.98759460449219,88.7249183584023,83.90263584788114,88.2901585822677,495400000,NVDA,2026-04-10 21:05:38.692965
2024-04-18,84.62323760986328,86.14138561304675,82.35552028108327,84.92207255324703,447260000,NVDA,2026-04-10 21:05:38.692965
2024-04-19,76.15701293945312,84.27643078371705,75.5633538677308,83.10309705685607,875198000,NVDA,2026-04-10 21:05:38.692965
2024-04-22,79.47314453125,80.02783178093904,76.35690706369323,78.0599406532052,596341000,NVDA,2026-04-10 21:05:38.692965
2024-04-23,82.37651062011719,82.72231614993429,80.21873169463018,80.7234441336971,438559000,NVDA,2026-04-10 21:05:38.692965
2024-04-24,79.63206481933594,84.03457921776213,79.13834013698539,83.90264988256477,512208000,NVDA,2026-04-10 21:05:38.692965
2024-04-25,82.58539581298828,83.27600032547527,78.17887846781115,78.82351130528671,424641000,NVDA,2026-04-10 21:05:38.692965
2024-04-26,87.6855239868164,88.28118855401848,83.3399763925944,83.7707330936579,551011000,NVDA,2026-04-10 21:05:38.692965
2024-04-29,87.70751190185547,87.94237235498613,85.21791179771557,87.54560070216142,388971000,NVDA,2026-04-10 21:05:38.692965
2024-04-30,86.353271484375,88.76890816331654,86.25133163329888,87.19079630766022,363709000,NVDA,2026-04-10 21:05:38.692965
2024-05-01,82.99414825439453,85.9514784070707,81.20915281271795,85.02900264492887,559863000,NVDA,2026-04-10 21:05:38.692965
2024-05-02,85.76859283447266,86.18835408667036,83.15306466582874,84.4013606664833,377898000,NVDA,2026-04-10 21:05:38.692965
2024-05-03,88.7389144897461,89.23063371341577,86.9909005732954,87.73947860212795,398341000,NVDA,2026-04-10 21:05:38.692965
2024-05-06,92.08802032470703,92.16797702421842,89.00476158502293,89.33957168600001,376203000,NVDA,2026-04-10 21:05:38.692965
2024-05-07,90.5029296875,91.72923505394095,88.96080064953647,91.04662159823116,437342000,NVDA,2026-04-10 21:05:38.692965
2024-05-08,90.36102294921875,91.14257969351397,89.36957790521554,89.43254592014647,325721000,NVDA,2026-04-10 21:05:38.692965
2024-05-09,88.69694519042969,91.0206307579062,88.18123739175036,90.47793776117966,378013000,NVDA,2026-04-10 21:05:38.692965
2024-05-10,89.82731628417969,91.34946008980582,89.17668240608715,90.25407745154659,335325000,NVDA,2026-04-10 21:05:38.692965
2024-05-13,90.3480224609375,90.94668368485891,88.47907428372562,90.4269726636133,289680000,NVDA,2026-04-10 21:05:38.692965
2024-05-14,91.30448150634766,91.5993133075769,88.88384272491611,89.5484686052902,296507000,NVDA,2026-04-10 21:05:38.692965
2024-05-15,94.57662963867188,94.80850105677926,91.54734077306348,92.41984953324487,417735000,NVDA,2026-04-10 21:05:38.692965
2024-05-16,94.30577850341797,95.76495408373688,94.04991856770557,94.85647021604154,323952000,NVDA,2026-04-10 21:05:38.692965
2024-05-17,92.42684173583984,94.68656820618962,91.75422475858959,94.31578286476113,359691000,NVDA,2026-04-10 21:05:38.692965
2024-05-20,94.72654724121094,95.14630855060346,93.38730659931326,93.69712933361367,318764000,NVDA,2026-04-10 21:05:38.692965
2024-05-21,95.33219909667969,95.3461911389766,93.12744211033531,93.54620449229954,328946000,NVDA,2026-04-10 21:05:38.692965
2024-05-22,94.89644622802734,95.96584245517248,93.19640917175742,95.4051618418388,548648000,NVDA,2026-04-10 21:05:38.692965
2024-05-23,103.7404556274414,106.26002974980725,101.46273414650618,101.970450841432,835065000,NVDA,2026-04-10 21:05:38.692965
2024-05-24,106.4089584350586,106.4149517573109,102.9419130131948,104.3900933466901,429494000,NVDA,2026-04-10 21:05:38.692965
2024-05-28,113.83675384521484,114.87417036274923,109.82102250000426,110.18181893492428,652728000,NVDA,2026-04-10 21:05:38.692965
2024-05-29,114.76023864746094,115.42686229387073,110.83845570707368,112.98624580119811,557442000,NVDA,2026-04-10 21:05:38.692965
2024-05-30,110.43767547607422,115.75367568258609,109.60114957621623,114.58533630630252,484553000,NVDA,2026-04-10 21:05:38.692965
2024-05-31,109.57115936279297,112.65341931534381,106.879677688503,112.45652422078095,613263000,NVDA,2026-04-10 21:05:38.692965
2024-06-03,114.93512725830078,114.93512725830078,111.93981625134096,113.5569073631165,438392000,NVDA,2026-04-10 21:05:38.692965
2024-06-04,116.37133026123047,116.53424034822847,113.98068096958718,115.65074383289046,403324000,NVDA,2026-04-10 21:05:38.692965
2024-06-05,122.37095642089844,122.3799464045841,117.40176009510016,118.304250755888,528402000,NVDA,2026-04-10 21:05:38.692965
2024-06-06,120.92977142333984,125.51618061682721,118.25328012023174,123.9780469809498,664696000,NVDA,2026-04-10 21:05:38.692965
2024-06-07,120.81982421875,121.62337164710611,117.95544321860926,119.70245088550641,412386000,NVDA,2026-04-10 21:05:38.692965
2024-06-10,121.72130584716797,123.0305645078952,116.94400320335374,120.30210862140808,313434100,NVDA,2026-04-10 21:05:38.692965
2024-06-11,120.85173797607422,122.81079255068147,118.68277788836801,121.71131653242202,222551200,NVDA,2026-04-10 21:05:38.692965
2024-06-12,125.13966369628906,126.8188544177255,122.51093382538542,123.00069556163665,299595000,NVDA,2026-04-10 21:05:38.692965
2024-06-13,129.5475311279297,129.7374419918796,127.09871503024357,129.32763594350715,260704500,NVDA,2026-04-10 21:05:38.692965
2024-06-14,131.8164520263672,132.7759808624214,128.2581700274141,129.89737910282292,309320400,NVDA,2026-04-10 21:05:38.692965
2024-06-17,130.9168701171875,133.66554475885698,129.5175509456389,132.9259111616535,288504400,NVDA,2026-04-10 21:05:38.692965
2024-06-18,135.51466369628906,136.26430225949593,130.6270208742377,131.07680096187468,294335100,NVDA,2026-04-10 21:05:38.692965
2024-06-20,130.71697998046875,140.69216665961412,129.45759262565218,139.73263779444994,517768400,NVDA,2026-04-10 21:05:38.692965
2024-06-21,126.50900268554688,130.5670512631637,124.24010000634735,127.05874067811743,649445800,NVDA,2026-04-10 21:05:38.692965
2024-06-24,118.05308532714844,124.4000238405581,117.98311936403563,123.18061051854794,476060900,NVDA,2026-04-10 21:05:38.692965
2024-06-25,126.02923583984375,126.43904192857353,119.2625015362155,121.14159285282038,414192600,NVDA,2026-04-10 21:05:38.692965
2024-06-26,126.3390884399414,128.0582531537486,122.54091663746888,126.06921428451571,362975900,NVDA,2026-04-10 21:05:38.692965
2024-06-27,123.93025207519531,126.34909177016176,122.86076797014964,124.04019968068097,252571700,NVDA,2026-04-10 21:05:38.692965
2024-06-28,123.48046875,127.648457456266,122.69084852465333,124.5199685039101,315516700,NVDA,2026-04-10 21:05:38.692965
2024-07-01,124.24010467529297,124.7798377464592,118.77273936918628,123.41050281013469,284885500,NVDA,2026-04-10 21:05:38.692965
2024-07-02,122.61088562011719,123.35053451744282,120.97167651778796,121.07162680437523,218374000,NVDA,2026-04-10 21:05:38.692965
2024-07-03,128.21817016601562,128.21817016601562,121.30150730962696,121.60136576540062,215749000,NVDA,2026-04-10 21:05:38.692965
2024-07-05,125.76936340332031,128.78791231292527,125.61943416430904,127.31861187118912,214176700,NVDA,2026-04-10 21:05:38.692965
2024-07-08,128.13819885253906,130.70696731901708,126.9787619894619,127.42854201917729,237677300,NVDA,2026-04-10 21:05:38.692965
2024-07-09,131.3166961669922,133.7555228326683,128.58800070420872,130.28719371816868,285366600,NVDA,2026-04-10 21:05:38.692965
2024-07-10,134.84500122070312,135.03491211498738,132.35619546389498,133.965420342518,248978600,NVDA,2026-04-10 21:05:38.692965
2024-07-11,127.33860778808594,136.0843835595481,126.98877797734232,135.6845824191085,374782700,NVDA,2026-04-10 21:05:38.692965
2024-07-12,129.17774963378906,131.856451337425,127.15871841221467,128.19821072594715,252680500,NVDA,2026-04-10 21:05:38.692965
2024-07-15,128.37808227539062,131.3266570475404,127.11868757874264,130.49705535546263,208326200,NVDA,2026-04-10 21:05:38.692965
2024-07-16,126.29910278320312,128.97780386568002,124.51996185494663,128.3781021800115,214769500,NVDA,2026-04-10 21:05:38.692965
2024-07-17,117.9331283569336,121.79126850169425,116.66374383425097,121.29150949460832,390086200,NVDA,2026-04-10 21:05:38.692965
2024-07-18,121.03164672851562,122.3410206645978,116.50383081871446,121.79128264268718,320979500,NVDA,2026-04-10 21:05:38.692965
2024-07-19,117.8731689453125,121.54139851435873,117.31344125378135,120.29200089882109,217223800,NVDA,2026-04-10 21:05:38.692965
2024-07-22,123.48046875,124.01021213043963,119.8022417845173,120.29200352530061,258068900,NVDA,2026-04-10 21:05:38.692965
2024-07-23,122.53091430664062,124.62990831594026,122.04115259647224,122.72082517670732,173911000,NVDA,2026-04-10 21:05:38.692965
2024-07-24,114.19493865966797,119.89218856658098,113.38533146913761,119.1125656978158,327776900,NVDA,2026-04-10 21:05:38.692965
2024-07-25,112.22588348388672,116.57378540069556,106.24876991914482,112.98551932388845,460067000,NVDA,2026-04-10 21:05:38.692965
2024-07-26,113.0055160522461,116.14400233469152,111.52623350707361,116.13401264402222,293399100,NVDA,2026-04-10 21:05:38.692965
2024-07-29,111.53620147705078,116.2239429807659,111.24634798972596,113.63519521799083,248152100,NVDA,2026-04-10 21:05:38.692965
2024-07-30,103.68000793457031,111.93602131829121,102.49057904635741,111.46624662712419,486833300,NVDA,2026-04-10 21:05:38.692965
2024-07-31,116.96359252929688,118.28295597890576,110.82655264429766,112.84558326649312,473174200,NVDA,2026-04-10 21:05:38.692965
2024-08-01,109.15736389160156,120.10209097077005,106.75851907796755,117.47335365334001,523462300,NVDA,2026-04-10 21:05:38.692965
2024-08-02,107.21829986572266,108.66760564065457,101.32114936142939,103.70999693537759,482027500,NVDA,2026-04-10 21:05:38.692965
2024-08-05,100.4015884399414,103.36016867781126,90.6462974352404,92.0156323292122,552842400,NVDA,2026-04-10 21:05:38.692965
2024-08-06,104.19976806640625,107.65809998114993,100.50155392872522,103.78996196090817,409012100,NVDA,2026-04-10 21:05:38.692965
2024-08-07,98.86233520507812,108.74756823143176,98.64244001125142,107.75803985921162,411440400,NVDA,2026-04-10 21:05:38.692965
2024-08-08,104.91940307617188,105.44914638290969,97.47298958555044,101.95083346973259,391910000,NVDA,2026-04-10 21:05:38.692965
2024-08-09,104.69952392578125,106.54863093775165,103.3801603016259,105.58909444979487,290844200,NVDA,2026-04-10 21:05:38.692965
2024-08-12,108.96746063232422,111.01647580125626,106.20879614847053,106.26876479464013,325559900,NVDA,2026-04-10 21:05:38.692965
2024-08-13,116.08402252197266,116.1739831093698,111.52622277964618,112.38580888904526,312646700,NVDA,2026-04-10 21:05:38.692965
2024-08-14,118.02308654785156,118.54283254935508,114.0150172571808,118.47286659481198,339246400,NVDA,2026-04-10 21:05:38.692965
2024-08-15,122.80079650878906,123.180610648127,117.41339446628129,118.70277375276062,318086700,NVDA,2026-04-10 21:05:38.692965
2024-08-16,124.51995849609375,124.93975424016854,121.12159565561768,121.88123149659879,302589900,NVDA,2026-04-10 21:05:38.692965
2024-08-19,129.93734741210938,129.93734741210938,123.36051676677039,124.22010290586175,318333600,NVDA,2026-04-10 21:05:38.692965
2024-08-20,127.18868255615234,129.81742012912812,125.82933728380516,128.33812230971984,300087400,NVDA,2026-04-10 21:05:38.692965
2024-08-21,128.4380645751953,129.28766098618868,126.59895509298427,127.25863301570179,257883600,NVDA,2026-04-10 21:05:38.692965
2024-08-22,123.68036651611328,130.68699047324503,123.04067554756361,129.95734653679833,376189100,NVDA,2026-04-10 21:05:38.692965
2024-08-23,129.30764770507812,129.53754784197983,125.15965381933411,125.79934477343178,323230300,NVDA,2026-04-10 21:05:38.692965
2024-08-26,126.39905548095703,131.19673768949764,124.31006635411407,129.50756494551362,331964700,NVDA,2026-04-10 21:05:38.692965
2024-08-27,128.23817443847656,129.1377346219971,123.82029866993177,124.98974063480068,303134600,NVDA,2026-04-10 21:05:38.692965
2024-08-28,125.54946899414062,128.26815944285755,122.580899020736,128.05825393148814,448101100,NVDA,2026-04-10 21:05:38.692965
2024-08-29,117.5333251953125,124.37003270157089,116.65375204642187,121.30151255769351,453023300,NVDA,2026-04-10 21:05:38.692965
2024-08-30,119.3124771118164,121.69132742002542,117.16351169383461,119.47239604079388,333751600,NVDA,2026-04-10 21:05:38.692965
2024-09-03,107.94795227050781,116.15399476413343,107.238295351223,115.95409419910477,477155100,NVDA,2026-04-10 21:05:38.692965
2024-09-04,106.15880584716797,113.21540048575886,104.06981688786142,105.35919602273194,372470300,NVDA,2026-04-10 21:05:38.692965
2024-09-05,107.15833282470703,109.5971593888533,104.70951657024186,104.93940145906154,306850700,NVDA,2026-04-10 21:05:38.692965
2024-09-06,102.78044891357422,108.09788494505915,100.90134998938433,107.98793734308131,413638100,NVDA,2026-04-10 21:05:38.692965
2024-09-09,106.41869354248047,106.4986568208146,103.64003443897201,104.82945579489092,273912000,NVDA,2026-04-10 21:05:38.692965
2024-09-10,108.04789733886719,109.34727382600163,104.89941402443941,107.75803619556127,268283700,NVDA,2026-04-10 21:05:38.692965
2024-09-11,116.85365295410156,117.13351677378026,107.36822165058582,109.33727332924734,441422400,NVDA,2026-04-10 21:05:38.692965
2024-09-12,119.0927734375,120.7421209186122,115.33426173002456,116.79368208487448,366052700,NVDA,2026-04-10 21:05:38.692965
2024-09-13,119.05278778076172,119.91244749081417,117.55338237388469,119.03279906427295,238358300,NVDA,2026-04-10 21:05:38.692965
2024-09-16,116.73371124267578,118.1331578565614,114.31467227697621,116.74370941440674,248772300,NVDA,2026-04-10 21:05:38.692965
2024-09-17,115.54417419433594,118.75290839853001,114.78448096424103,118.12315326201993,231925900,NVDA,2026-04-10 21:05:38.692965
2024-09-18,113.32505798339844,117.65333558843457,113.17511592459984,115.84405559100924,310318900,NVDA,2026-04-10 21:05:38.692965
2024-09-19,117.82327270507812,119.6125639674696,117.2035157611041,117.30347459042382,293506400,NVDA,2026-04-10 21:05:38.692965
2024-09-20,115.95401763916016,118.57298181753792,115.3442588328446,117.01359501507952,382462400,NVDA,2026-04-10 21:05:38.692965
2024-09-23,116.21391296386719,116.94361929782039,114.81446644323901,116.50379891378353,206228500,NVDA,2026-04-10 21:05:38.692965
2024-09-24,120.82209014892578,121.75172180406905,115.33426088161053,116.47380837806097,354966800,NVDA,2026-04-10 21:05:38.692965
2024-09-25,123.4610366821289,124.89047006468225,121.5617884105282,121.97162190060216,284692900,NVDA,2026-04-10 21:05:38.692965
2024-09-26,123.9908218383789,127.61937987933592,121.75171208350119,126.7497296956914,302582900,NVDA,2026-04-10 21:05:38.692965
2024-09-27,121.35187530517578,123.98082995705606,119.21272426875333,123.92085618310571,271009200,NVDA,2026-04-10 21:05:38.692965
2024-09-30,121.39186096191406,121.45183473616015,118.1031642748816,118.26309688166123,226553700,NVDA,2026-04-10 21:05:38.692965
2024-10-01,116.95362091064453,122.3914669216292,115.74410147280143,121.72172671524483,302094500,NVDA,2026-04-10 21:05:38.692965
2024-10-02,118.80288696289062,119.33267565347262,115.09435850244638,116.39384623986545,221845900,NVDA,2026-04-10 21:05:38.692965
2024-10-03,122.80130004882812,124.31070361178112,120.29229289145833,120.87206480654892,277118000,NVDA,2026-04-10 21:05:38.692965
2024-10-04,124.8704833984375,124.99043857930913,121.78171184810518,124.890479741768,243678100,NVDA,2026-04-10 21:05:38.692965
2024-10-07,127.66937255859375,130.58821322989388,124.9004663256647,124.94045138468705,346250200,NVDA,2026-04-10 21:05:38.692965
2024-10-08,132.83731079101562,133.42707320550807,129.36868536610157,130.20834865989482,285722500,NVDA,2026-04-10 21:05:38.692965
2024-10-09,132.597412109375,134.46668122269037,131.32792651292905,134.0568400839603,246191600,NVDA,2026-04-10 21:05:38.692965
2024-10-10,134.75656127929688,134.94648840712318,130.94807393580103,131.8577168886846,242311300,NVDA,2026-04-10 21:05:38.692965
2024-10-11,134.74656677246094,135.72617401836632,133.60701929174726,133.9568713960576,170209500,NVDA,2026-04-10 21:05:38.692965
2024-10-14,138.01527404785156,139.54466630986312,136.24597143489578,136.4159022137037,232347700,NVDA,2026-04-10 21:05:38.692965
2024-10-15,131.54783630371094,138.5150744275185,128.68896947491228,137.8153397242487,377831000,NVDA,2026-04-10 21:05:38.692965
2024-10-16,135.66619873046875,136.56583584893667,131.527840530584,133.92688301499192,264879700,NVDA,2026-04-10 21:05:38.692965
2024-10-17,136.87571716308594,140.83415423256426,136.81574338597488,139.28476556198524,306435900,NVDA,2026-04-10 21:05:38.692965
2024-10-18,137.94529724121094,138.8449343829922,137.22558142668973,138.61502982502418,176090200,NVDA,2026-04-10 21:05:38.692965
2024-10-21,143.6530303955078,143.6530303955078,137.94528751258602,138.07524085271365,264554500,NVDA,2026-04-10 21:05:38.692965
2024-10-22,143.5330810546875,144.3627538949317,141.72380093133486,142.85335791004843,226311600,NVDA,2026-04-10 21:05:38.692965
2024-10-23,139.50466918945312,142.37352650102258,137.40551088320953,141.97369118156848,285930000,NVDA,2026-04-10 21:05:38.692965
2024-10-24,140.35433959960938,141.293969386979,138.40511570705533,140.76418072009866,172354900,NVDA,2026-04-10 21:05:38.692965
2024-10-25,141.48388671875,144.0728716327459,140.74418981710016,140.8741279131319,205122100,NVDA,2026-04-10 21:05:38.692965
2024-10-28,140.4643096923828,143.08326638426843,139.99449475491215,142.9433224828564,173586700,NVDA,2026-04-10 21:05:38.692965
2024-10-29,141.19400024414062,142.20359433012132,138.8449258203989,140.23437413304583,157593600,NVDA,2026-04-10 21:05:38.692965
2024-10-30,139.28475952148438,140.27437255912164,136.75576367804047,139.48467718743143,179418100,NVDA,2026-04-10 21:05:38.692965
2024-10-31,132.70736694335938,137.55545044959692,132.05763071180766,137.54545990469654,270039600,NVDA,2026-04-10 21:05:38.692965
2024-11-01,135.34632873535156,137.25557537634637,134.5166711244238,134.64660922766117,207127800,NVDA,2026-04-10 21:05:38.692965
2024-11-04,135.99606323242188,138.90491316378314,135.5162578090522,137.15560698724303,187528200,NVDA,2026-04-10 21:05:38.692965
2024-11-05,139.8545379638672,140.31434706066804,137.27555894461494,137.39550649112996,160537400,NVDA,2026-04-10 21:05:38.692965
2024-11-06,145.5522918701172,146.4319479858603,141.90374455387283,142.90334822985668,242043900,NVDA,2026-04-10 21:05:38.692965
2024-11-07,148.82098388671875,148.87095186286027,146.11205150983724,146.33196551472386,207323300,NVDA,2026-04-10 21:05:38.692965
2024-11-08,147.57147216796875,149.7106230852884,146.20200497714438,148.7110195677981,175665800,NVDA,2026-04-10 21:05:38.692965
2024-11-11,145.20240783691406,148.7909962143961,143.51309063046196,148.62105018654825,182325600,NVDA,2026-04-10 21:05:38.692965
2024-11-12,148.23118591308594,149.59064718789998,145.952091313065,146.72179022487757,198634700,NVDA,2026-04-10 21:05:38.692965
2024-11-13,146.2120361328125,149.2708209864044,145.84217239532995,149.01092951776798,191903300,NVDA,2026-04-10 21:05:38.692965
2024-11-14,146.70181274414062,148.94093020600926,145.49230097997514,147.5814687564354,194463300,NVDA,2026-04-10 21:05:38.692965
2024-11-15,141.92369079589844,145.18240774117885,140.0244503789864,144.81254410002094,250132900,NVDA,2026-04-10 21:05:38.692965
2024-11-18,140.09442138671875,141.49387540802257,137.09561095173166,139.44468522690033,221205300,NVDA,2026-04-10 21:05:38.692965
2024-11-19,146.95172119140625,147.07168399645053,140.9341184421503,141.26398946372595,227834900,NVDA,2026-04-10 21:05:38.692965
2024-11-20,145.83216857910156,147.5015047606034,142.67341754276418,147.3515703217148,309871700,NVDA,2026-04-10 21:05:38.692965
2024-11-21,146.6118621826172,152.8293979645091,140.64422730754492,149.290807835149,400946600,NVDA,2026-04-10 21:05:38.692965
2024-11-22,141.89373779296875,147.1016796207282,141.0440838257902,145.8721561256333,236406200,NVDA,2026-04-10 21:05:38.692965
2024-11-25,135.96607971191406,141.99368792347047,135.7661620516237,141.93371415065735,344941900,NVDA,2026-04-10 21:05:38.692965
2024-11-26,136.86572265625,139.2447840977321,135.61621816013385,137.64541224160723,190287700,NVDA,2026-04-10 21:05:38.692965
2024-11-27,135.2863311767578,137.1655905980091,131.74774157257602,134.95646019838466,226370900,NVDA,2026-04-10 21:05:38.692965
2024-11-29,138.19520568847656,139.29477581313424,135.99608069190262,136.7257870913165,141863200,NVDA,2026-04-10 21:05:38.692965
2024-12-02,138.57504272460938,140.39431322408433,137.76536630294407,138.77496038075373,171682800,NVDA,2026-04-10 21:05:38.692965
2024-12-03,140.20440673828125,140.48429454860658,137.8953246767264,138.2051993772479,164414000,NVDA,2026-04-10 21:05:38.692965
2024-12-04,145.08245849609375,145.73219470186731,140.23437518220274,141.94370396224937,231224300,NVDA,2026-04-10 21:05:38.692965
2024-12-05,145.0124969482422,146.49200804389403,143.9028598130552,145.06248362625453,172621200,NVDA,2026-04-10 21:05:38.692965
2024-12-06,142.3933563232422,145.65228325014007,141.26372149336697,144.5526526293818,188505600,NVDA,2026-04-10 21:05:38.692965
2024-12-09,138.7645263671875,139.90415231737651,137.08508402113657,138.92447761551347,189308600,NVDA,2026-04-10 21:05:38.692965
2024-12-10,135.0257568359375,141.77354545828368,133.74616214517607,138.96445323342698,210020900,NVDA,2026-04-10 21:05:38.692965
2024-12-11,139.2643585205078,140.12407738797447,135.16571086465208,137.31500040642362,184905200,NVDA,2026-04-10 21:05:38.692965
2024-12-12,137.29501342773438,138.39465924672223,135.75552453494274,137.03510407678786,159211400,NVDA,2026-04-10 21:05:38.692965
2024-12-13,134.20602416992188,139.55427778956917,132.4965775973186,138.89449032268433,231514900,NVDA,2026-04-10 21:05:38.692965
2024-12-16,131.95677185058594,134.35597978271616,130.37728744797994,134.13605060932846,237951100,NVDA,2026-04-10 21:05:38.692965
2024-12-17,130.3472900390625,131.54689392732612,126.81844751374322,129.04771280436398,259410300,NVDA,2026-04-10 21:05:38.692965
2024-12-18,128.86778259277344,136.6552244722092,128.23798405143236,133.8161583001621,277444500,NVDA,2026-04-10 21:05:38.692965
2024-12-19,130.63717651367188,133.98608501684748,129.50755712091288,131.7168244915274,209719200,NVDA,2026-04-10 21:05:38.692965
2024-12-20,134.65586853027344,135.2356803497186,128.1779956829599,129.76747112979962,306528600,NVDA,2026-04-10 21:05:38.692965
2024-12-23,139.62425231933594,139.74420813475027,135.07573952144836,136.23536324975828,176053500,NVDA,2026-04-10 21:05:38.692965
2024-12-24,140.17408752441406,141.8535301026856,138.60459428405517,139.95415834100334,105157000,NVDA,2026-04-10 21:05:38.692965
2024-12-26,139.88417053222656,140.8038826879709,137.68489400548984,139.65425012018665,116205600,NVDA,2026-04-10 21:05:38.692965
2024-12-27,136.96510314941406,138.9744543348593,134.66586894799497,138.5046071101684,170582600,NVDA,2026-04-10 21:05:38.692965
2024-12-30,137.44496154785156,140.2240495546706,133.97609715556487,134.78582934588258,167734700,NVDA,2026-04-10 21:05:38.692965
2024-12-31,134.2460174560547,138.02479365615312,133.7861766339878,137.98479821279548,155659200,NVDA,2026-04-10 21:05:38.692965
2025-01-02,138.26470947265625,138.83453015425235,134.58592176996075,135.95546829733047,198247200,NVDA,2026-04-10 21:05:38.692965
2025-01-03,144.4226837158203,144.85253555834646,139.68423069189672,139.96413776465596,229322500,NVDA,2026-04-10 21:05:38.692965
2025-01-06,149.38104248046875,152.11015917129038,147.77158452702758,148.5413213081193,265377400,NVDA,2026-04-10 21:05:38.692965
2025-01-07,140.09408569335938,153.07983530547875,139.9641234037018,152.97986196669754,351782200,NVDA,2026-04-10 21:05:38.692965
2025-01-08,140.06410217285156,143.90284057175748,137.51493447299714,142.5332942493383,227349900,NVDA,2026-04-10 21:05:38.692965
2025-01-10,135.86549377441406,139.87417502688794,134.17604480086774,137.40498271998055,207602500,NVDA,2026-04-10 21:05:38.692965
2025-01-13,133.1863555908203,133.4462801889749,129.4675728747113,129.94742663109315,204808900,NVDA,2026-04-10 21:05:38.692965
2025-01-14,131.71682739257812,136.33532416409136,130.00739616366573,136.00543044799826,195590500,NVDA,2026-04-10 21:05:38.692965
2025-01-15,136.1953887939453,136.4053114797544,131.24699764678536,133.60622538989423,185217300,NVDA,2026-04-10 21:05:38.692965
2025-01-16,133.5262451171875,138.70454064615834,133.44626949753135,138.59457607585483,209235600,NVDA,2026-04-10 21:05:38.692965
2025-01-17,137.66490173339844,138.45463626831489,135.41563868932835,136.6452315490251,201188800,NVDA,2026-04-10 21:05:38.692965
2025-01-21,140.78387451171875,141.78354697270905,137.0450940162502,139.1144233323199,197749000,NVDA,2026-04-10 21:05:38.692965
2025-01-22,147.0218505859375,147.7416007949869,143.62295473278476,144.61263605764083,237651400,NVDA,2026-04-10 21:05:38.692965
2025-01-23,147.17178344726562,147.18177468068177,143.67292977388993,145.0024960002277,155915500,NVDA,2026-04-10 21:05:38.692965
2025-01-24,142.5732879638672,148.92121448023644,141.8335400716498,148.32140487495408,234657600,NVDA,2026-04-10 21:05:38.692965
2025-01-27,118.38121032714844,128.3579371600633,116.66177248371496,124.75912547322825,818830900,NVDA,2026-04-10 21:05:38.692965
2025-01-28,128.94776916503906,128.95776039928603,116.21193524354263,121.77011224340114,579666400,NVDA,2026-04-10 21:05:38.692965
2025-01-29,123.65948486328125,126.84844257022412,120.0106863497111,126.458570906435,467120600,NVDA,2026-04-10 21:05:38.692965
2025-01-30,124.60917663574219,124.9590604797062,118.06131881584726,123.05968123503551,392925500,NVDA,2026-04-10 21:05:38.692965
2025-01-31,120.03067016601562,127.80812056780856,119.15096116009843,123.73945402173636,388161100,NVDA,2026-04-10 21:05:38.692965
2025-02-03,116.62179565429688,118.53116613291392,112.9729895620065,114.71241754878405,371235700,NVDA,2026-04-10 21:05:38.692965
2025-02-04,118.61112976074219,121.16028976109213,116.66176403787988,116.92168099297385,256550000,NVDA,2026-04-10 21:05:38.692965
2025-02-05,124.78911590576172,124.95905839472358,120.72044926950534,121.72012173666313,262230800,NVDA,2026-04-10 21:05:38.692965
2025-02-06,128.6378631591797,128.72784528628156,125.16900563533248,127.37828117148048,251483600,NVDA,2026-04-10 21:05:38.692965
2025-02-07,129.79747009277344,130.32729528258605,124.95905898960582,129.17767804139822,228186300,NVDA,2026-04-10 21:05:38.692965
2025-02-10,133.5262451171875,134.95576927734325,129.91742726932324,130.04737430419848,216989100,NVDA,2026-04-10 21:05:38.692965
2025-02-11,132.7565155029297,134.43595803743202,130.9770996135579,132.5365863252507,178902400,NVDA,2026-04-10 21:05:38.692965
2025-02-12,131.0970458984375,132.19669170682792,129.03772306980744,129.97741762356085,160278600,NVDA,2026-04-10 21:05:38.692965
2025-02-13,135.2456817626953,136.45529216313562,131.127036067263,131.51690772043457,197430000,NVDA,2026-04-10 21:05:38.692965
2025-02-14,138.80453491210938,139.20439781688884,135.4556258828613,136.4353006772254,195479600,NVDA,2026-04-10 21:05:38.692965
2025-02-18,139.35435485839844,143.3930407195906,137.88483491061234,141.2237529999524,219176600,NVDA,2026-04-10 21:05:38.692965
2025-02-19,139.18438720703125,141.3136943495984,137.17505112782226,139.46429426521587,167536000,NVDA,2026-04-10 21:05:38.692965
2025-02-20,140.06410217285156,140.61392504988532,136.74518244514988,139.98412654948388,143903600,NVDA,2026-04-10 21:05:38.692965
2025-02-21,134.38595581054688,141.41366694156105,133.98609294492073,139.99411868487,228217600,NVDA,2026-04-10 21:05:38.692965
2025-02-24,130.23733520507812,138.544611438826,130.03740375103862,136.51527743543022,251381100,NVDA,2026-04-10 21:05:38.692965
2025-02-25,126.58851623535156,130.15734648197986,124.39923881429249,129.93741732851836,271428700,NVDA,2026-04-10 21:05:38.692965
2025-02-26,131.23699951171875,133.68619399137987,128.44792005609298,129.9474287481865,322553800,NVDA,2026-04-10 21:05:38.692965
2025-02-27,120.11064910888672,134.96577503505506,119.97069557287365,134.9557838016939,443175800,NVDA,2026-04-10 21:05:38.692965
2025-02-28,124.87908172607422,125.04902421361967,116.36187573271177,117.98134023479652,389091100,NVDA,2026-04-10 21:05:38.692965
2025-03-03,114.02263641357422,123.65947815441595,112.2432206852501,123.46954557652553,411381400,NVDA,2026-04-10 21:05:38.692965
2025-03-04,115.9520034790039,119.27091565466138,110.07393231302608,110.61375634258967,398163300,NVDA,2026-04-10 21:05:38.692965
2025-03-05,117.2615737915039,118.24124845757764,114.47248692259635,117.54148083895355,284337900,NVDA,2026-04-10 21:05:38.692965
2025-03-06,110.53378295898438,115.31221606989396,110.18389912538346,113.49281250827367,321181900,NVDA,2026-04-10 21:05:38.692965
2025-03-07,112.65309143066406,113.44283358559466,107.52476685365718,111.21356065439609,341755500,NVDA,2026-04-10 21:05:38.692965
2025-03-10,106.94496154785156,111.81336147496829,105.42545516002185,109.86400325750407,366487400,NVDA,2026-04-10 21:05:38.692965
2025-03-11,108.72438049316406,112.20323643435479,104.73568182740638,106.95495594173273,354865700,NVDA,2026-04-10 21:05:38.692965
2025-03-12,115.71273803710938,116.7325020716217,112.85341103244578,114.09312447156262,323857500,NVDA,2026-04-10 21:05:38.692965
2025-03-13,115.55277252197266,117.73225924433854,113.76319330991835,117.0024278677365,299033100,NVDA,2026-04-10 21:05:38.692965
2025-03-14,121.6413345336914,121.85128414551467,118.12216714928688,118.5820578648422,277593500,NVDA,2026-04-10 21:05:38.692965
2025-03-17,119.50183868408203,122.86104771124882,118.00219206936818,122.711081524258,255501500,NVDA,2026-04-10 21:05:38.692965
2025-03-18,115.40280151367188,118.99195194008684,114.51301183473794,117.97219563901088,299686900,NVDA,2026-04-10 21:05:38.692965
2025-03-19,117.4923095703125,120.4216195833343,115.65274672556286,117.24236846895431,273426200,NVDA,2026-04-10 21:05:38.692965
2025-03-20,118.50206756591797,120.17167220516042,116.44255543913019,116.52253841801043,248829700,NVDA,2026-04-10 21:05:38.692965
2025-03-21,117.6722640991211,117.9621966837067,115.39280254041711,116.91244866461768,266498500,NVDA,2026-04-10 21:05:38.692965
2025-03-24,121.38140106201172,122.19120779583362,119.31188140429414,119.8517551027078,228452500,NVDA,2026-04-10 21:05:38.692965
2025-03-25,120.66156768798828,121.26142480153007,118.89198043130345,120.5216012824151,167447200,NVDA,2026-04-10 21:05:38.692965
2025-03-26,113.73320007324219,118.81199741904777,112.68344440410922,118.70203035263671,293463300,NVDA,2026-04-10 21:05:38.692965
2025-03-27,111.40375518798828,114.42304053099558,110.6339399022949,111.32377219977147,236902100,NVDA,2026-04-10 21:05:38.692965
2025-03-28,109.6441650390625,112.84341584506377,109.04430789656145,111.46373602695421,229872500,NVDA,2026-04-10 21:05:38.692965
2025-03-31,108.35446166992188,110.9338556226425,103.6255803841977,105.10522740758995,299212700,NVDA,2026-04-10 21:05:38.692965
2025-04-01,110.1240463256836,110.17402996737344,106.44491315753294,108.49442552913952,222614000,NVDA,2026-04-10 21:05:38.692965
2025-04-02,110.39398193359375,111.95361956622256,106.76483994973236,107.26472214391917,220601200,NVDA,2026-04-10 21:05:38.692965
2025-04-03,101.77601623535156,105.60510798745378,101.5760587841681,103.48561239808684,338769400,NVDA,2026-04-10 21:05:38.692965
2025-04-04,94.28778076171875,100.10640942744341,92.08830207120735,98.88670323249266,532273800,NVDA,2026-04-10 21:05:38.692965
2025-04-07,97.61698913574219,101.72602116602216,86.59958951154498,87.43938789235719,611041300,NVDA,2026-04-10 21:05:38.692965
2025-04-08,96.27731323242188,105.82505852328022,94.43774279946976,103.78553826456235,476243400,NVDA,2026-04-10 21:05:38.692965
2025-04-09,114.30306243896484,115.07287764897656,97.5070179445592,98.86669810018236,612918300,NVDA,2026-04-10 21:05:38.692965
2025-04-10,107.5446548461914,110.83388059600858,99.12664053501021,109.34423379452805,437812400,NVDA,2026-04-10 21:05:38.692965
2025-04-11,110.90386199951172,111.52371865557488,107.45467796999777,108.47443427245335,313417300,NVDA,2026-04-10 21:05:38.692965
2025-04-14,110.68391418457031,114.2630725146749,109.04430120283689,114.08311462021162,264705000,NVDA,2026-04-10 21:05:38.692965
2025-04-15,112.1735610961914,113.5932323217664,110.47396469045397,110.94385517244878,228966900,NVDA,2026-04-10 21:05:38.692965
2025-04-16,104.46538543701172,106.76484672728219,100.4263361362673,104.52537649088836,397016900,NVDA,2026-04-10 21:05:38.692965
2025-04-17,101.4660873413086,104.44538862475022,100.02643178468185,104.42538906519317,292517500,NVDA,2026-04-10 21:05:38.692965
2025-04-21,96.88717651367188,99.41657935183265,95.01761424618036,98.74673137333838,288501100,NVDA,2026-04-10 21:05:38.692965
2025-04-22,98.86670684814453,99.78648832080442,97.25708545719098,98.75673214732677,241004800,NVDA,2026-04-10 21:05:38.692965
2025-04-23,102.68579864501953,104.77531016741209,101.99595878138034,104.4953697335839,247526000,NVDA,2026-04-10 21:05:38.692965
2025-04-24,106.4049301147461,106.51490481382977,103.08571246468685,103.45562805502263,220815000,NVDA,2026-04-10 21:05:38.692965
2025-04-25,110.98385620117188,111.8936379045766,105.70510100806126,106.82483233532861,251064700,NVDA,2026-04-10 21:05:38.692965
2025-04-28,108.70439147949219,110.34400455936343,105.9950231207954,109.66416443154382,207708500,NVDA,2026-04-10 21:05:38.692965
2025-04-29,108.99431610107422,110.17403844763395,107.41469407982767,107.64463563001284,170444300,NVDA,2026-04-10 21:05:38.692965
2025-04-30,108.89433288574219,108.89433288574219,104.05547701680861,104.44538450923935,235044600,NVDA,2026-04-10 21:05:38.692965
2025-05-01,111.58370208740234,114.91291927434723,111.27377757314032,113.05335693358144,236121500,NVDA,2026-04-10 21:05:38.692965
2025-05-02,114.47303009033203,115.37281962529518,113.34329900218786,114.15310576985596,190194800,NVDA,2026-04-10 21:05:38.692965
2025-05-05,113.7931900024414,114.64298826396649,112.63346720059009,112.88340831442672,133163200,NVDA,2026-04-10 21:05:38.692965
2025-05-06,113.51325988769531,114.7129742117387,110.7938992837595,111.4537475013017,158525600,NVDA,2026-04-10 21:05:38.692965
2025-05-07,117.03242492675781,117.65228163619798,112.25355204144066,113.02337494499027,206758800,NVDA,2026-04-10 21:05:38.692965
2025-05-08,117.34235382080078,118.65204278244111,115.82270761670769,118.22214377270919,198428100,NVDA,2026-04-10 21:05:38.692965
2025-05-09,116.62252044677734,118.20215005190205,115.18285724943865,117.32235248570746,132972200,NVDA,2026-04-10 21:05:38.692965
2025-05-12,122.97103118896484,122.97103118896484,120.25167057965504,121.94127499373305,225023300,NVDA,2026-04-10 21:05:38.692965
2025-05-13,129.89938354492188,131.18908818741485,124.44067836400953,124.95056035306071,330430100,NVDA,2026-04-10 21:05:38.692965
2025-05-14,135.30810546875,135.40808800730593,131.6489642323906,133.16861033831793,281180800,NVDA,2026-04-10 21:05:38.692965
2025-05-15,134.79823303222656,136.2678878895653,132.6287461607251,134.258351724734,226632600,NVDA,2026-04-10 21:05:38.692965
2025-05-16,135.36810302734375,136.31789147723805,133.42857277146337,136.18791721457987,226542500,NVDA,2026-04-10 21:05:38.692965
2025-05-19,135.53805541992188,135.83797251007488,132.35879696756518,132.35879696756518,193154600,NVDA,2026-04-10 21:05:38.692965
2025-05-20,134.34832763671875,134.54827743990722,132.58873275619902,134.25833725837063,161514200,NVDA,2026-04-10 21:05:38.692965
2025-05-21,131.76895141601562,137.36762292180558,130.55922977564506,133.02864907239967,270608700,NVDA,2026-04-10 21:05:38.692965
2025-05-22,132.7987060546875,134.21836966107523,131.51900885300861,132.19884131725317,187344000,NVDA,2026-04-10 21:05:38.692965
2025-05-23,131.25906372070312,132.64873565144939,129.12957588399638,129.96937433382988,198821300,NVDA,2026-04-10 21:05:38.692965
2025-05-27,135.4680633544922,135.6280293045703,133.27857708527512,134.1183754403962,192953600,NVDA,2026-04-10 21:05:38.692965
2025-05-28,134.7782440185547,137.2176717346689,134.75824445795843,135.9979578766118,304021100,NVDA,2026-04-10 21:05:38.692965
2025-05-29,139.15721130371094,143.45620133736625,137.87751407348716,142.21648797143945,369241900,NVDA,2026-04-10 21:05:38.692965
2025-05-30,135.09817504882812,139.58710766728817,132.88868890141003,138.6873257641086,333170900,NVDA,2026-04-10 21:05:38.692965
2025-06-02,137.34764099121094,138.08745689917103,135.36809645457458,135.45808684638126,197663100,NVDA,2026-04-10 21:05:38.692965
2025-06-03,141.1867218017578,141.9665367692297,137.91748812723765,138.74729436292043,225578800,NVDA,2026-04-10 21:05:38.692965
2025-06-04,141.88656616210938,142.3564566649135,139.5071219355859,142.15650682982962,167120800,NVDA,2026-04-10 21:05:38.692965
2025-06-05,139.95703125,143.96608121416313,138.79730082341692,142.13651043477643,231397900,NVDA,2026-04-10 21:05:38.692965
2025-06-06,141.6865997314453,143.23623746842864,141.47664251332282,142.47640682683559,153986200,NVDA,2026-04-10 21:05:38.692965
2025-06-09,142.59640502929688,144.96584183837217,141.9065651342004,143.15627066728982,185114500,NVDA,2026-04-10 21:05:38.692965
2025-06-10,143.92608642578125,144.25599524562207,141.4966510569608,142.65638139553192,155881900,NVDA,2026-04-10 21:05:38.692965
2025-06-11,142.80625915527344,144.96590375929992,141.84641202362192,144.5859620448177,167694000,NVDA,2026-04-10 21:05:38.692965
2025-06-12,144.9759063720703,144.9759063720703,141.82643588786814,141.94641106631286,162365000,NVDA,2026-04-10 21:05:38.692965
2025-06-13,141.94639587402344,143.556128789635,140.8265869783813,142.4563055840922,180820600,NVDA,2026-04-10 21:05:38.692965
2025-06-16,144.66595458984375,146.1556971839991,143.1761967394354,143.32618096280035,183133700,NVDA,2026-04-10 21:05:38.692965
2025-06-17,144.09603881835938,145.1958620737219,143.75609899624828,144.46598768948277,139108000,NVDA,2026-04-10 21:05:38.692965
2025-06-18,145.455810546875,145.62578045463974,143.0962022725339,143.9860537050978,161494100,NVDA,2026-04-10 21:05:38.692965
2025-06-20,143.8260955810547,146.17569581398777,142.6262828381709,145.42582047781178,242956200,NVDA,2026-04-10 21:05:38.692965
2025-06-23,144.1460418701172,144.7559411184857,142.00639807778802,142.47632119978937,154308900,NVDA,2026-04-10 21:05:38.692965
2025-06-24,147.87539672851562,147.93539956519925,145.47580197371775,145.53578955415,187566100,NVDA,2026-04-10 21:05:38.692965
2025-06-25,154.28436279296875,154.4243389252029,149.23519867353343,149.24520677628502,269146500,NVDA,2026-04-10 21:05:38.692965
2025-06-26,154.99423217773438,156.69394650127538,153.97439748110884,155.95406403411533,198145700,NVDA,2026-04-10 21:05:38.692965
2025-06-27,157.72378540039062,158.68363258213975,155.23419369167684,156.01406285223712,263234500,NVDA,2026-04-10 21:05:38.692965
2025-06-30,157.96376037597656,158.6336472456001,155.93409881773164,158.37368067249696,194580300,NVDA,2026-04-10 21:05:38.692965
2025-07-01,153.2745361328125,157.17388214393176,151.46483925954294,156.26402965591922,213143600,NVDA,2026-04-10 21:05:38.692965
2025-07-02,157.22386169433594,157.57380961936815,152.94457434216997,152.9545671877056,171224100,NVDA,2026-04-10 21:05:38.692965
2025-07-03,159.3135223388672,160.95324924613055,157.74379112425564,158.34368228178877,143716100,NVDA,2026-04-10 21:05:38.692965
2025-07-07,158.21371459960938,159.28352889047815,157.31385497697042,158.17371270193448,140139000,NVDA,2026-04-10 21:05:38.692965
2025-07-08,159.97340393066406,160.19336858156893,158.36367094336165,159.30351713245472,138133000,NVDA,2026-04-10 21:05:38.692965
2025-07-09,162.85293579101562,164.39267314506114,161.13322041798892,161.1932080055649,183656400,NVDA,2026-04-10 21:05:38.692965
2025-07-10,164.07273864746094,164.4726660794993,161.5831469026993,164.29270331195812,167704100,NVDA,2026-04-10 21:05:38.692965
2025-07-11,164.89259338378906,167.862101078866,163.44283738179527,163.6927958392512,193633300,NVDA,2026-04-10 21:05:38.692965
2025-07-14,164.04273986816406,165.4625020418882,161.99307751467913,165.3425116109199,136975800,NVDA,2026-04-10 21:05:38.692965
2025-07-15,170.671630859375,172.37134531045626,169.17188012202328,171.1615549258278,230627400,NVDA,2026-04-10 21:05:38.692965
2025-07-16,171.34152221679688,171.72146396229547,168.87193138356372,171.03157616389174,158831500,NVDA,2026-04-10 21:05:38.692965
2025-07-17,172.97125244140625,174.13106334471073,170.80161486292053,171.99141956059896,160841100,NVDA,2026-04-10 21:05:38.692965
2025-07-18,172.38134765625,174.22103817113316,171.23152964225835,173.61113894806013,146456400,NVDA,2026-04-10 21:05:38.692965
2025-07-21,171.35153198242188,173.35119970444802,170.97159023323564,172.72129949000853,123126100,NVDA,2026-04-10 21:05:38.692965
2025-07-22,167.00225830078125,171.36153479867312,164.55266825003173,171.31154005146294,193114300,NVDA,2026-04-10 21:05:38.692965
2025-07-23,170.75161743164062,171.23153339032083,167.94208685699226,169.5018251648929,154082200,NVDA,2026-04-10 21:05:38.692965
2025-07-24,173.7111358642578,173.80111724784433,171.27153886755505,172.41134882841166,128984600,NVDA,2026-04-10 21:05:38.692965
2025-07-25,173.47117614746094,174.69097468726906,172.9312725713388,173.58115848322245,122316800,NVDA,2026-04-10 21:05:38.692965
2025-07-28,176.7206268310547,176.97058528484683,173.94109004538618,173.99108478739527,140023500,NVDA,2026-04-10 21:05:38.692965
2025-07-29,175.48081970214844,179.35018677118867,174.99091091823115,177.93042464674528,154077500,NVDA,2026-04-10 21:05:38.692965
2025-07-30,179.24021911621094,179.86011122312902,176.01074478620916,176.48066791766442,174312200,NVDA,2026-04-10 21:05:38.692965
2025-07-31,177.84043884277344,183.26954448460754,175.9007587673991,182.86960179799485,221685400,NVDA,2026-04-10 21:05:38.692965
2025-08-01,173.69113159179688,176.51065501732398,170.86160006411595,174.06106522140865,204529000,NVDA,2026-04-10 21:05:38.692965
2025-08-04,179.9700927734375,180.17005649193501,174.49100755408614,175.1309006070304,148174600,NVDA,2026-04-10 21:05:38.692965
2025-08-05,178.23037719726562,180.23004490386853,175.87076869322405,179.59015184800575,156407600,NVDA,2026-04-10 21:05:38.692965
2025-08-06,179.3901824951172,179.87009845787975,176.22071111043454,176.30069964693718,137192300,NVDA,2026-04-10 21:05:38.692965
2025-08-07,180.73997497558594,183.84945895635624,178.7703010091291,181.53984513179375,151878400,NVDA,2026-04-10 21:05:38.692965
2025-08-08,182.66964721679688,183.2695536485861,180.37002623661053,181.51984435483087,123396700,NVDA,2026-04-10 21:05:38.692965
2025-08-11,182.0297393798828,183.80944232526838,180.2200426409657,182.01974653412333,138323200,NVDA,2026-04-10 21:05:38.692965
2025-08-12,183.1295623779297,184.44933506001817,179.4301803710301,182.9295986692803,145485700,NVDA,2026-04-10 21:05:38.692965
2025-08-13,181.55982971191406,183.93943921657484,179.3202115957667,182.58965738273272,179871700,NVDA,2026-04-10 21:05:38.692965
2025-08-14,181.98974609375,182.98957985829236,179.43017409752198,179.72011917648817,129554000,NVDA,2026-04-10 21:05:38.692965
2025-08-15,180.42001342773438,181.86976944489334,178.01041021115256,181.84978375259033,156602200,NVDA,2026-04-10 21:05:38.692965
2025-08-18,181.979736328125,182.90958965389834,180.55997422620712,180.56998232776263,132008000,NVDA,2026-04-10 21:05:38.692965
2025-08-19,175.61080932617188,182.46966985536903,175.46084035755914,182.39967416584764,185229200,NVDA,2026-04-10 21:05:38.692965
2025-08-20,175.370849609375,175.9707560164781,168.77195541250927,175.1408920976954,215142700,NVDA,2026-04-10 21:05:38.692965
2025-08-21,174.95091247558594,176.87059152353538,173.78110877087863,174.8209444570093,140040900,NVDA,2026-04-10 21:05:38.692965
2025-08-22,177.96043395996094,178.56032512128596,171.17155351749952,172.58132291943235,172789400,NVDA,2026-04-10 21:05:38.692965
2025-08-25,179.78012084960938,181.87977802218637,176.54066896263805,178.3203719824875,163012800,NVDA,2026-04-10 21:05:38.692965
2025-08-26,181.7397918701172,182.35968393651802,178.7802771456414,180.03006938032237,168688200,NVDA,2026-04-10 21:05:38.692965
2025-08-27,181.56983947753906,182.45969102424806,179.07025476697962,181.94976597929116,235518900,NVDA,2026-04-10 21:05:38.692965
2025-08-28,180.1400604248047,184.43934897141472,176.3806906932069,180.7899615720414,281787800,NVDA,2026-04-10 21:05:38.692965
2025-08-29,174.1510467529297,178.12038822306508,173.12121914292007,178.08040158317536,243257900,NVDA,2026-04-10 21:05:38.692965
2025-09-02,170.75161743164062,172.351357635579,167.19221149694363,169.9717482776903,231164900,NVDA,2026-04-10 21:05:38.692965
2025-09-03,170.59165954589844,172.38137081666613,168.851958278929,171.03158891427162,164424900,NVDA,2026-04-10 21:05:38.692965
2025-09-04,171.63148498535156,171.83144870716828,169.381858788342,170.54166973363456,141670100,NVDA,2026-04-10 21:05:38.692965
2025-09-05,166.9922637939453,169.0019244592772,164.04275681292185,168.00209055003162,224441400,NVDA,2026-04-10 21:05:38.692965
2025-09-08,168.2820281982422,170.93159698121408,167.32219627229085,167.5221599855096,163769100,NVDA,2026-04-10 21:05:38.692965
2025-09-09,170.7316131591797,170.95157781434446,166.71229229208453,169.0618925540675,157548400,NVDA,2026-04-10 21:05:38.692965
2025-09-10,177.300537109375,179.26020289704138,175.44084555219968,176.61064931709572,226852000,NVDA,2026-04-10 21:05:38.692965
2025-09-11,177.1505584716797,180.26021784214308,176.4606317396978,179.66027757334626,151159300,NVDA,2026-04-10 21:05:38.692965
2025-09-12,177.80047607421875,178.5803891806412,176.43061617633268,177.75047851465564,124911000,NVDA,2026-04-10 21:05:38.692965
2025-09-15,177.73049926757812,178.83038469078608,174.49084923140515,175.650725630949,147061600,NVDA,2026-04-10 21:05:38.692965
2025-09-16,174.86080932617188,177.4805168617991,174.36086420825131,176.98057174387853,140737800,NVDA,2026-04-10 21:05:38.692965
2025-09-17,170.27130126953125,173.18098551277336,168.39151800406466,172.62104942275718,211843800,NVDA,2026-04-10 21:05:38.692965
2025-09-18,176.2206573486328,177.08056354559588,172.94101865721873,173.96089569350613,191763300,NVDA,2026-04-10 21:05:38.692965
2025-09-19,176.6505889892578,178.06043774665943,175.16074718989944,175.7506939671915,237182100,NVDA,2026-04-10 21:05:38.692965
2025-09-22,183.58984375,184.52974299714734,174.69082690233378,175.28075846993005,269637000,NVDA,2026-04-10 21:05:38.692965
2025-09-23,178.410400390625,182.3999677661597,176.19065819152993,181.95002022927713,192559600,NVDA,2026-04-10 21:05:38.692965
2025-09-24,176.9505615234375,179.76025041106172,175.38072666046574,179.75025700209653,143564100,NVDA,2026-04-10 21:05:38.692965
2025-09-25,177.67050170898438,180.2402117285651,173.11100459099512,174.4608472798892,191586700,NVDA,2026-04-10 21:05:38.692965
2025-09-26,178.17044067382812,179.750269051669,174.91078879333958,178.15043859744398,148573700,NVDA,2026-04-10 21:05:38.692965
2025-09-29,181.83004760742188,183.97980553666213,180.30021674934378,180.41019002973698,193063500,NVDA,2026-04-10 21:05:38.692965
2025-09-30,186.55950927734375,187.32942897828707,181.4600633204032,182.06000352373024,236981000,NVDA,2026-04-10 21:05:38.692965
2025-10-01,187.21945190429688,188.11934700723293,183.87980694521147,185.21967144700423,173844900,NVDA,2026-04-10 21:05:38.692965
2025-10-02,188.8692626953125,191.0290292282152,188.03935198339767,189.57919146332628,136805800,NVDA,2026-04-10 21:05:38.692965
2025-10-03,187.5994110107422,190.33911589327732,185.35966652947783,189.16924608680657,137596900,NVDA,2026-04-10 21:05:38.692965
2025-10-06,185.51962280273438,187.20943969833962,183.3098739831843,185.4796339074747,157678100,NVDA,2026-04-10 21:05:38.692965
2025-10-07,185.01968383789062,189.03924688644503,183.97980469837793,186.20955566811082,140088000,NVDA,2026-04-10 21:05:38.692965
2025-10-08,189.0892333984375,189.57918508139647,186.51950830089396,186.5495190429729,130168900,NVDA,2026-04-10 21:05:38.692965
2025-10-09,192.54885864257812,195.27855455286462,191.039014711271,192.20888438710807,182997200,NVDA,2026-04-10 21:05:38.692965
2025-10-10,183.139892578125,195.59851591827854,182.03001384654092,193.4887469873255,268774400,NVDA,2026-04-10 21:05:38.692965
2025-10-13,188.29933166503906,190.08912842775598,185.93959015922437,187.9493639887039,153482800,NVDA,2026-04-10 21:05:38.692965
2025-10-14,180.01022338867188,184.77970370013514,179.6802578066599,184.74970821605342,205641400,NVDA,2026-04-10 21:05:38.692965
2025-10-15,179.8102569580078,184.84969686580231,177.2705272995106,184.77971248532194,214450500,NVDA,2026-04-10 21:05:38.692965
2025-10-16,181.7900390625,183.2598789113643,179.75026972003684,182.20999112544493,179723300,NVDA,2026-04-10 21:05:38.692965
2025-10-17,183.19989013671875,184.07979842608083,179.7302697995737,180.1602152773484,173135200,NVDA,2026-04-10 21:05:38.692965
2025-10-20,182.6199493408203,185.1796658652692,181.7100455780644,183.10990104163824,128544700,NVDA,2026-04-10 21:05:38.692965
2025-10-21,181.14010620117188,182.76991679751694,179.7802549646251,182.76991679751694,124240200,NVDA,2026-04-10 21:05:38.692965
2025-10-22,180.2602081298828,183.4198648953589,176.74059027394597,181.12011433169937,162249600,NVDA,2026-04-10 21:05:38.692965
2025-10-23,182.13999938964844,183.0098989665471,179.7702492811968,180.4001849787377,111363700,NVDA,2026-04-10 21:05:38.692965
2025-10-24,186.23953247070312,187.44940625639555,183.47984116964938,183.81980015643103,131296700,NVDA,2026-04-10 21:05:38.692965
2025-10-27,191.46897888183594,191.97891738858848,188.4093020699799,189.9691435897376,153452700,NVDA,2026-04-10 21:05:38.692965
2025-10-28,201.0079345703125,203.12769700573313,191.8889404255143,193.0288146936141,297986200,NVDA,2026-04-10 21:05:38.692965
2025-10-29,207.01727294921875,212.1667169482571,204.7575264516481,207.95717223581016,308829600,NVDA,2026-04-10 21:05:38.692965
2025-10-30,202.8677215576172,206.13736677538768,201.38788833732997,205.12746791137428,178864400,NVDA,2026-04-10 21:05:38.692965
2025-10-31,202.4677734375,207.94716749796044,202.04782138155986,206.42733011185774,179802200,NVDA,2026-04-10 21:05:38.692965
2025-11-03,206.85728454589844,211.31678618801203,205.53742218982754,208.05714970598171,180267300,NVDA,2026-04-10 21:05:38.692965
2025-11-04,198.66818237304688,203.9476013046771,197.90825607143535,202.9777066091775,188919300,NVDA,2026-04-10 21:05:38.692965
2025-11-05,195.18858337402344,202.89772869539195,194.6286320152979,198.7481902403631,171350300,NVDA,2026-04-10 21:05:38.692965
2025-11-06,188.05935668945312,197.59830279082226,186.35954634625867,196.39843756369172,223029800,NVDA,2026-04-10 21:05:38.692965
2025-11-07,188.1293487548828,188.29934352754728,178.8903723972709,184.87970536775757,264942300,NVDA,2026-04-10 21:05:38.692965
2025-11-10,199.0281524658203,199.91805415635875,193.76872011438098,195.08858253564551,198897100,NVDA,2026-04-10 21:05:38.692965
2025-11-11,193.1387939453125,195.3985402959953,191.2789975702345,195.13857433756354,176483300,NVDA,2026-04-10 21:05:38.692965
2025-11-12,193.7787322998047,195.86849924763862,191.1090271797132,195.69851973704638,154935300,NVDA,2026-04-10 21:05:38.692965
2025-11-13,186.8394775390625,191.4189763426968,183.82981362374773,191.02901978717685,207423100,NVDA,2026-04-10 21:05:38.692965
2025-11-14,190.14910888671875,190.98901295495202,180.56016596493993,182.8399142970662,186591900,NVDA,2026-04-10 21:05:38.692965
2025-11-17,186.5795135498047,188.9792438771453,184.29976516169708,185.9495778546046,173628900,NVDA,2026-04-10 21:05:38.692965
2025-11-18,181.340087890625,184.7797126313021,179.6302689297591,183.3598703733926,213598900,NVDA,2026-04-10 21:05:38.692965
2025-11-19,186.49952697753906,187.8393762025218,182.8099296469334,184.76970592228736,247246400,NVDA,2026-04-10 21:05:38.692965
2025-11-20,180.6201629638672,195.97847686300787,179.83025642841662,195.92847930218133,343504800,NVDA,2026-04-10 21:05:38.692965
2025-11-21,178.86036682128906,184.5397359279593,172.91100782704066,181.22010834266524,346926200,NVDA,2026-04-10 21:05:38.692965
2025-11-24,182.52996826171875,183.4798609481747,176.4606271183833,179.47030653663683,256618300,NVDA,2026-04-10 21:05:38.692965
2025-11-25,177.80047607421875,178.14043506786686,169.53138015579162,174.89079203873564,320600300,NVDA,2026-04-10 21:05:38.692965
2025-11-26,180.24020385742188,182.8899220695924,178.22043661727494,181.6100638206842,183852000,NVDA,2026-04-10 21:05:38.692965
2025-11-28,176.98056030273438,179.2703020816569,176.48061521713345,178.99033405428943,121332800,NVDA,2026-04-10 21:05:38.692965
2025-12-01,179.90025329589844,180.2802164760195,173.66093259662904,174.7408159055669,188131000,NVDA,2026-04-10 21:05:38.692965
2025-12-02,181.44007873535156,185.63961443898967,179.98023235974816,181.7400335835938,182632200,NVDA,2026-04-10 21:05:38.692965
2025-12-03,179.57028198242188,182.4299686383783,179.09033894604931,181.06012391136443,165138000,NVDA,2026-04-10 21:05:38.692965
2025-12-04,183.37008666992188,184.51002440204854,179.95027347354184,181.61017209543593,167364900,NVDA,2026-04-10 21:05:38.692965
2025-12-05,182.40013122558594,184.6500094505641,180.9002124089338,183.88004685245298,143971100,NVDA,2026-04-10 21:05:38.692965
2025-12-08,185.5399627685547,187.98982714518382,182.39012406320575,182.6301165694494,204378100,NVDA,2026-04-10 21:05:38.692965
2025-12-09,184.95999145507812,185.70995086836587,183.31008684903045,185.54995586495326,144719700,NVDA,2026-04-10 21:05:38.692965
2025-12-10,183.77005004882812,185.46995496958337,182.03013874897007,184.9599880707457,162785400,NVDA,2026-04-10 21:05:38.692965
2025-12-11,180.92019653320312,181.31019006496976,176.61043233199788,180.27023782951787,182136600,NVDA,2026-04-10 21:05:38.692965
2025-12-12,175.01052856445312,182.81010931847595,174.61054106596097,181.10019518559332,204274900,NVDA,2026-04-10 21:05:38.692965
2025-12-15,176.28045654296875,178.4103461991077,175.02053019793698,177.93037643785232,164775600,NVDA,2026-04-10 21:05:38.692965
2025-12-16,177.71038818359375,178.48035080582065,174.8905333961456,176.25046044282257,148588100,NVDA,2026-04-10 21:05:38.692965
2025-12-17,170.93075561523438,176.12047730871902,170.30078481189744,176.0904801521757,222775500,NVDA,2026-04-10 21:05:38.692965
2025-12-18,174.1305694580078,176.14045512074784,171.8107030234881,174.52054772862792,176096000,NVDA,2026-04-10 21:05:38.692965
2025-12-19,180.98020935058594,181.4401759084778,176.3304518785618,176.6604358481607,324925900,NVDA,2026-04-10 21:05:38.692965
2025-12-22,183.6800537109375,184.15002947616998,182.34012994783166,183.91003698180788,129064400,NVDA,2026-04-10 21:05:38.692965
2025-12-23,189.19976806640625,189.31975669034466,182.89009670029142,182.96010023623109,174873600,NVDA,2026-04-10 21:05:38.692965
2025-12-24,188.59979248046875,188.899779295176,186.57989753660073,187.92983057380172,65528500,NVDA,2026-04-10 21:05:38.692965
2025-12-26,190.51968383789062,192.67957056140054,187.98982202804387,189.9097162518428,139740300,NVDA,2026-04-10 21:05:38.692965
2025-12-29,188.20980834960938,188.749772392931,185.8999358866866,187.6998414610299,120006100,NVDA,2026-04-10 21:05:38.692965
2025-12-30,187.52984619140625,188.9797799436452,186.91987858592935,188.22982052336855,97687300,NVDA,2026-04-10 21:05:38.692965
2025-12-31,186.4899139404297,190.54969193131708,186.47991997410415,189.55975523635485,120100500,NVDA,2026-04-10 21:05:38.692965
2026-01-02,188.83978271484375,192.91954841717475,188.24980305842183,189.82971935613102,148240500,NVDA,2026-04-10 21:05:38.692965
2026-01-05,188.1098175048828,193.61952916959007,186.13992286460274,191.74961996436147,183529700,NVDA,2026-04-10 21:05:38.692965
2026-01-06,187.22987365722656,192.15959956375178,186.80989821500853,190.50969495089785,176862600,NVDA,2026-04-10 21:05:38.692965
2026-01-07,189.09976196289062,191.35963411085106,186.54989697142676,188.55979791265688,153543200,NVDA,2026-04-10 21:05:38.692965
2026-01-08,185.0299835205078,189.53974931649188,183.70006889406122,189.09977067708235,172457000,NVDA,2026-04-10 21:05:38.692965
2026-01-09,184.84999084472656,186.32990643372668,183.66005283935564,185.06998015284367,131327500,NVDA,2026-04-10 21:05:38.692965
2026-01-12,184.92999267578125,187.10986736077922,183.010098425574,183.2100845491025,137968500,NVDA,2026-04-10 21:05:38.692965
2026-01-13,185.79994201660156,188.0998205983224,183.3900687774691,184.9899882929175,160128900,NVDA,2026-04-10 21:05:38.692965
2026-01-14,183.1300811767578,184.45001701406107,180.79021156477043,184.3100252062831,159586100,NVDA,2026-04-10 21:05:38.692965
2026-01-15,187.03988647460938,189.6897370464893,186.31992419508657,186.48991316970114,206188600,NVDA,2026-04-10 21:05:38.692965
2026-01-16,186.21990966796875,190.4296883714215,186.06992389502736,189.06976141755646,187967200,NVDA,2026-04-10 21:05:38.692965
2026-01-20,178.06036376953125,182.37012791600927,177.60038196777572,181.89014292514364,223345300,NVDA,2026-04-10 21:05:38.692965
2026-01-21,183.31008911132812,185.3699752173061,178.3903418724365,179.04031586008543,200381000,NVDA,2026-04-10 21:05:38.692965
2026-01-22,184.82998657226562,186.15991637882954,183.92003219020145,184.7399951080077,139636600,NVDA,2026-04-10 21:05:38.692965
2026-01-23,187.6598358154297,189.58973923983262,186.80989099781206,187.48984685190618,142748100,NVDA,2026-04-10 21:05:38.692965
2026-01-26,186.4599151611328,189.1097657209082,185.97994539629804,187.1498802806874,124799600,NVDA,2026-04-10 21:05:38.692965
2026-01-27,188.50979614257812,189.9897117301412,185.6899415183402,187.22986667366473,143711600,NVDA,2026-04-10 21:05:38.692965
2026-01-28,191.5096435546875,192.33960048487265,189.82972650403363,191.25965707901594,148552700,NVDA,2026-04-10 21:05:38.692965
2026-01-29,192.49957275390625,193.46952146246272,186.04992498376654,191.32963792417547,171764400,NVDA,2026-04-10 21:05:38.692965
2026-01-30,191.11965942382812,194.47947816452233,189.45974561417185,191.19965692455457,179489500,NVDA,2026-04-10 21:05:38.692965
2026-02-02,185.59996032714844,190.2897090701948,184.87000408758857,187.1898706566695,165794100,NVDA,2026-04-10 21:05:38.692965
2026-02-03,180.33023071289062,186.25991753048794,176.22045266395375,186.22992037566058,204019600,NVDA,2026-04-10 21:05:38.692965
2026-02-04,174.18057250976562,179.57028010697434,171.90069716024271,179.45029148582987,207014100,NVDA,2026-04-10 21:05:38.692965
2026-02-05,171.87069702148438,176.81043194569037,171.020736948564,174.92051964769362,206312900,NVDA,2026-04-10 21:05:38.692965
2026-02-06,185.39996337890625,186.98987361565233,174.59055120100808,176.6804343618602,231346200,NVDA,2026-04-10 21:05:38.692965
2026-02-09,190.0297088623047,193.64952333361757,183.9400420976916,184.25002288009932,196387400,NVDA,2026-04-10 21:05:38.692965
2026-02-10,188.52978515625,192.46957427391544,188.10980972728564,191.36964298604585,136764800,NVDA,2026-04-10 21:05:38.692965
2026-02-11,190.0397186279297,193.24953637655122,188.75978911487715,192.43958265041238,144192700,NVDA,2026-04-10 21:05:38.692965
2026-02-12,186.9298858642578,193.5995230748733,186.49990120030046,193.01955263160718,189932500,NVDA,2026-04-10 21:05:38.692965
2026-02-13,182.80010986328125,187.4898586352177,181.58017462912434,187.4698554447334,161888000,NVDA,2026-04-10 21:05:38.692965
2026-02-17,184.95999145507812,187.13986615921206,179.17029624003743,181.74016448672575,162276900,NVDA,2026-04-10 21:05:38.692965
2026-02-18,187.96981811523438,190.3596881055438,186.7498829478333,188.73978069812654,164749100,NVDA,2026-04-10 21:05:38.692965
2026-02-19,187.88983154296875,188.41980165789556,185.64996245587088,187.04988063530703,126554500,NVDA,2026-04-10 21:05:38.692965
2026-02-20,189.8097381591797,190.31970507557438,185.92994318264132,186.5599139825128,178422300,NVDA,2026-04-10 21:05:38.692965
2026-02-23,191.53964233398438,193.93950641757905,189.56974766836524,191.3896412925324,171584800,NVDA,2026-04-10 21:05:38.692965
2026-02-24,192.83956909179688,193.75951747058733,187.38985183856119,191.47964208446245,175123600,NVDA,2026-04-10 21:05:38.692965
2026-02-25,195.54940795898438,197.61930319203404,193.77949953248776,194.43946745531196,250637100,NVDA,2026-04-10 21:05:38.692965
2026-02-26,184.87998962402344,194.27947461393586,184.31002841741252,194.25948668244985,360807900,NVDA,2026-04-10 21:05:38.692965
2026-02-27,177.180419921875,182.5801217841234,176.3704661683341,181.2401979138715,311636500,NVDA,2026-04-10 21:05:38.692965
2026-03-02,182.47012329101562,183.45008125730604,174.63055110847353,175.00052620838028,209095300,NVDA,2026-04-10 21:05:38.692965
2026-03-03,180.04025268554688,180.8901975001603,176.91041730394699,178.4803396065267,178099400,NVDA,2026-04-10 21:05:38.692965
2026-03-04,183.03009033203125,184.69000418349444,180.0502558302461,180.4302401537762,177731200,NVDA,2026-04-10 21:05:38.692965
2026-03-05,183.330078125,184.05004039552568,177.87038204113773,181.1601973472636,198779700,NVDA,2026-04-10 21:05:38.692965
2026-03-06,177.8103790283203,182.7500987288974,176.81043317462274,179.83025866705609,189021900,NVDA,2026-04-10 21:05:38.692965
2026-03-09,182.64010620117188,182.90010189125664,175.55049367782217,176.82042919903367,177213600,NVDA,2026-04-10 21:05:38.692965
2026-03-10,184.760009765625,186.42991760168223,182.00014929336922,182.39012758732315,179118500,NVDA,2026-04-10 21:05:38.692965
2026-03-11,186.02999877929688,187.6199951171875,184.4499969482422,185.91000366210938,145280400,NVDA,2026-04-10 21:05:38.692965
2026-03-12,183.13999938964844,184.94000244140625,181.75,184.0500030517578,155762700,NVDA,2026-04-10 21:05:38.692965
2026-03-13,180.25,186.08999633789062,179.94000244140625,184.9199981689453,160988400,NVDA,2026-04-10 21:05:38.692965
2026-03-16,183.22000122070312,188.8800048828125,181.41000366210938,182.97000122070312,217307400,NVDA,2026-04-10 21:05:38.692965
2026-03-17,181.92999267578125,185.39999389648438,181.67999267578125,185.05999755859375,182497800,NVDA,2026-04-10 21:05:38.692965
2026-03-18,180.39999389648438,183.3800048828125,180.3300018310547,182.47999572753906,156683100,NVDA,2026-04-10 21:05:38.692965
2026-03-19,178.55999755859375,179.97999572753906,175.7899932861328,178.00999450683594,170968500,NVDA,2026-04-10 21:05:38.692965
2026-03-20,172.6999969482422,178.25999450683594,171.72000122070312,178,241323500,NVDA,2026-04-10 21:05:38.692965
2026-03-23,175.63999938964844,178.3699951171875,174.75999450683594,177.25999450683594,182836300,NVDA,2026-04-10 21:05:38.692965
2026-03-24,175.1999969482422,176.22000122070312,173.97999572753906,174.8300018310547,147667800,NVDA,2026-04-10 21:05:38.692965
2026-03-25,178.67999267578125,181.22000122070312,176.85000610351562,177.10000610351562,162602100,NVDA,2026-04-10 21:05:38.692965
2026-03-26,171.24000549316406,176.50999450683594,171.13999938964844,176.07000732421875,186152200,NVDA,2026-04-10 21:05:38.692965
2026-03-27,167.52000427246094,170.97000122070312,167.00999450683594,170,196212700,NVDA,2026-04-10 21:05:38.692965
2026-03-30,165.1699981689453,169.4499969482422,164.27000427246094,168.77999877929688,185627000,NVDA,2026-04-10 21:05:38.692965
2026-03-31,174.39999389648438,174.6199951171875,166.9600067138672,166.97000122070312,226181300,NVDA,2026-04-10 21:05:38.692965
2026-04-01,175.75,177.3699951171875,174.75,176,168132000,NVDA,2026-04-10 21:05:38.692965
2026-04-02,177.38999938964844,177.49000549316406,171.3699951171875,172.17999267578125,143143200,NVDA,2026-04-10 21:05:38.692965
2026-04-06,177.63999938964844,177.7899932861328,175.75999450683594,177.16000366210938,107564300,NVDA,2026-04-10 21:05:38.692965
2024-01-01,44167.33203125,44175.4375,42214.9765625,42280.234375,18426978443,BTC-USD,2026-04-10 21:05:39.940207
2024-01-02,44957.96875,45899.70703125,44176.94921875,44187.140625,39335274536,BTC-USD,2026-04-10 21:05:39.940207
2024-01-03,42848.17578125,45503.2421875,40813.53515625,44961.6015625,46342323118,BTC-USD,2026-04-10 21:05:39.940207
2024-01-04,44179.921875,44770.0234375,42675.17578125,42855.81640625,30448091210,BTC-USD,2026-04-10 21:05:39.940207
2024-01-05,44162.69140625,44353.28515625,42784.71875,44192.98046875,32336029347,BTC-USD,2026-04-10 21:05:39.940207
2024-01-06,43989.1953125,44227.6328125,43475.15625,44178.953125,16092503468,BTC-USD,2026-04-10 21:05:39.940207
2024-01-07,43943.09765625,44495.5703125,43662.23046875,43998.46484375,19330573863,BTC-USD,2026-04-10 21:05:39.940207
2024-01-08,46970.50390625,47218,43244.08203125,43948.70703125,42746192015,BTC-USD,2026-04-10 21:05:39.940207
2024-01-09,46139.73046875,47893.69921875,45244.71484375,46987.640625,39821290992,BTC-USD,2026-04-10 21:05:39.940207
2024-01-10,46627.77734375,47647.22265625,44483.15234375,46121.5390625,50114613298,BTC-USD,2026-04-10 21:05:39.940207
2024-01-11,46368.5859375,48969.37109375,45678.64453125,46656.07421875,45833734549,BTC-USD,2026-04-10 21:05:39.940207
2024-01-12,42853.16796875,46498.13671875,41903.76953125,46354.79296875,43332698900,BTC-USD,2026-04-10 21:05:39.940207
2024-01-13,42842.3828125,43234.66015625,42464.14453125,42799.4453125,20601860469,BTC-USD,2026-04-10 21:05:39.940207
2024-01-14,41796.26953125,43065.59765625,41724.61328125,42842.26171875,17521429522,BTC-USD,2026-04-10 21:05:39.940207
2024-01-15,42511.96875,43319.72265625,41705.41796875,41715.06640625,22320220558,BTC-USD,2026-04-10 21:05:39.940207
2024-01-16,43154.9453125,43566.2734375,42085.99609375,42499.3359375,24062872740,BTC-USD,2026-04-10 21:05:39.940207
2024-01-17,42742.65234375,43189.890625,42189.30859375,43132.1015625,20851232595,BTC-USD,2026-04-10 21:05:39.940207
2024-01-18,41262.05859375,42876.34765625,40631.171875,42742.3125,25218357242,BTC-USD,2026-04-10 21:05:39.940207
2024-01-19,41618.40625,42134.16015625,40297.45703125,41278.4609375,25752407154,BTC-USD,2026-04-10 21:05:39.940207
2024-01-20,41665.5859375,41877.89453125,41446.82421875,41624.58984375,11586690904,BTC-USD,2026-04-10 21:05:39.940207
2024-01-21,41545.78515625,41855.3671875,41497.0078125,41671.48828125,9344043642,BTC-USD,2026-04-10 21:05:39.940207
2024-01-22,39507.3671875,41651.20703125,39450.1171875,41553.65234375,31338708143,BTC-USD,2026-04-10 21:05:39.940207
2024-01-23,39845.55078125,40127.3515625,38521.89453125,39518.71484375,29244553045,BTC-USD,2026-04-10 21:05:39.940207
2024-01-24,40077.07421875,40483.78515625,39508.796875,39877.59375,22359526178,BTC-USD,2026-04-10 21:05:39.940207
2024-01-25,39933.80859375,40254.48046875,39545.6640625,40075.55078125,18491782013,BTC-USD,2026-04-10 21:05:39.940207
2024-01-26,41816.87109375,42209.38671875,39825.69140625,39936.81640625,25598119893,BTC-USD,2026-04-10 21:05:39.940207
2024-01-27,42120.0546875,42195.6328125,41431.28125,41815.625,11422941934,BTC-USD,2026-04-10 21:05:39.940207
2024-01-28,42035.59375,42797.17578125,41696.91015625,42126.125,16858971687,BTC-USD,2026-04-10 21:05:39.940207
2024-01-29,43288.24609375,43305.8671875,41818.33203125,42030.9140625,20668476578,BTC-USD,2026-04-10 21:05:39.940207
2024-01-30,42952.609375,43838.9453125,42711.37109375,43300.2265625,23842814518,BTC-USD,2026-04-10 21:05:39.940207
2024-01-31,42582.60546875,43717.40625,42298.9453125,42946.25,24673628793,BTC-USD,2026-04-10 21:05:39.940207
2024-02-01,43075.7734375,43243.16796875,41879.19140625,42569.76171875,21423953779,BTC-USD,2026-04-10 21:05:39.940207
2024-02-02,43185.859375,43422.48828125,42584.3359375,43077.640625,18603843039,BTC-USD,2026-04-10 21:05:39.940207
2024-02-03,42992.25,43359.94140625,42890.80859375,43184.96484375,11169245236,BTC-USD,2026-04-10 21:05:39.940207
2024-02-04,42583.58203125,43097.64453125,42374.83203125,42994.94140625,14802225490,BTC-USD,2026-04-10 21:05:39.940207
2024-02-05,42658.66796875,43494.25,42264.81640625,42577.62109375,18715487317,BTC-USD,2026-04-10 21:05:39.940207
2024-02-06,43084.671875,43344.1484375,42529.01953125,42657.390625,16798476726,BTC-USD,2026-04-10 21:05:39.940207
2024-02-07,44318.22265625,44341.94921875,42775.95703125,43090.01953125,21126587775,BTC-USD,2026-04-10 21:05:39.940207
2024-02-08,45301.56640625,45575.83984375,44332.125,44332.125,26154524080,BTC-USD,2026-04-10 21:05:39.940207
2024-02-09,47147.19921875,48152.49609375,45260.82421875,45297.3828125,39316770844,BTC-USD,2026-04-10 21:05:39.940207
2024-02-10,47771.27734375,48146.171875,46905.3203125,47153.52734375,16398681570,BTC-USD,2026-04-10 21:05:39.940207
2024-02-11,48293.91796875,48535.9375,47617.40625,47768.96875,19315867136,BTC-USD,2026-04-10 21:05:39.940207
2024-02-12,49958.22265625,50280.4765625,47745.76171875,48296.38671875,34511985805,BTC-USD,2026-04-10 21:05:39.940207
2024-02-13,49742.44140625,50358.390625,48406.49609375,49941.359375,35593051468,BTC-USD,2026-04-10 21:05:39.940207
2024-02-14,51826.6953125,52021.37109375,49296.83203125,49733.4453125,39105608050,BTC-USD,2026-04-10 21:05:39.940207
2024-02-15,51938.5546875,52820.06640625,51371.62890625,51836.78515625,38564360533,BTC-USD,2026-04-10 21:05:39.940207
2024-02-16,52160.203125,52537.96875,51641.3671875,51937.7265625,28180567298,BTC-USD,2026-04-10 21:05:39.940207
2024-02-17,51662.99609375,52191.9140625,50669.66796875,52161.67578125,20009091006,BTC-USD,2026-04-10 21:05:39.940207
2024-02-18,52122.546875,52356.96484375,51233.70703125,51661.96875,17595377311,BTC-USD,2026-04-10 21:05:39.940207
2024-02-19,51779.14453125,52483.32421875,51711.8203125,52134.8125,21362184346,BTC-USD,2026-04-10 21:05:39.940207
2024-02-20,52284.875,52945.05078125,50792.3125,51777.7265625,33353758256,BTC-USD,2026-04-10 21:05:39.940207
2024-02-21,51839.1796875,52368.81640625,50671.7578125,52273.53515625,28624907020,BTC-USD,2026-04-10 21:05:39.940207
2024-02-22,51304.97265625,52009.61328125,50926.29296875,51854.64453125,25413900611,BTC-USD,2026-04-10 21:05:39.940207
2024-02-23,50731.94921875,51497.93359375,50561.77734375,51283.90625,21427078270,BTC-USD,2026-04-10 21:05:39.940207
2024-02-24,51571.1015625,51684.1953125,50585.4453125,50736.37109375,15174077879,BTC-USD,2026-04-10 21:05:39.940207
2024-02-25,51733.23828125,51950.02734375,51306.171875,51565.21484375,15413239245,BTC-USD,2026-04-10 21:05:39.940207
2024-02-26,54522.40234375,54938.17578125,50931.03125,51730.5390625,34074411896,BTC-USD,2026-04-10 21:05:39.940207
2024-02-27,57085.37109375,57537.83984375,54484.19921875,54519.36328125,49756832031,BTC-USD,2026-04-10 21:05:39.940207
2024-02-28,62504.7890625,63913.1328125,56738.42578125,57071.09765625,83239156760,BTC-USD,2026-04-10 21:05:39.940207
2024-02-29,61198.3828125,63585.64453125,60498.73046875,62499.18359375,65496611844,BTC-USD,2026-04-10 21:05:39.940207
2024-03-01,62440.6328125,63155.1015625,60802.52734375,61168.0625,40186368423,BTC-USD,2026-04-10 21:05:39.940207
2024-03-02,62029.84765625,62458.69921875,61657.2890625,62431.65234375,23888473685,BTC-USD,2026-04-10 21:05:39.940207
2024-03-03,63167.37109375,63230.2109375,61435.0234375,62031.578125,26253811450,BTC-USD,2026-04-10 21:05:39.940207
2024-03-04,68330.4140625,68537.03125,62386.51953125,63137.00390625,70670471105,BTC-USD,2026-04-10 21:05:39.940207
2024-03-05,63801.19921875,69170.625,59323.91015625,68341.0546875,102802940877,BTC-USD,2026-04-10 21:05:39.940207
2024-03-06,66106.8046875,67637.9296875,62848.671875,63776.05078125,68750229073,BTC-USD,2026-04-10 21:05:39.940207
2024-03-07,66925.484375,68029.921875,65655.53125,66099.7421875,46989543159,BTC-USD,2026-04-10 21:05:39.940207
2024-03-08,68300.09375,70083.0546875,66230.453125,66938.09375,59202881172,BTC-USD,2026-04-10 21:05:39.940207
2024-03-09,68498.8828125,68673.0546875,68053.125,68299.2578125,21609650379,BTC-USD,2026-04-10 21:05:39.940207
2024-03-10,69019.7890625,70005.203125,68239.9765625,68500.2578125,35683977532,BTC-USD,2026-04-10 21:05:39.940207
2024-03-11,72123.90625,72850.7109375,67194.8828125,69020.546875,65716656765,BTC-USD,2026-04-10 21:05:39.940207
2024-03-12,71481.2890625,72825.65625,68728.8515625,72125.125,62554434520,BTC-USD,2026-04-10 21:05:39.940207
2024-03-13,73083.5,73637.4765625,71334.09375,71482.1171875,48212536929,BTC-USD,2026-04-10 21:05:39.940207
2024-03-14,71396.59375,73750.0703125,68563.0234375,73079.375,59594605698,BTC-USD,2026-04-10 21:05:39.940207
2024-03-15,69403.7734375,72357.1328125,65630.6953125,71387.875,78320453976,BTC-USD,2026-04-10 21:05:39.940207
2024-03-16,65315.1171875,70046.2734375,64801.39453125,69392.484375,46842198371,BTC-USD,2026-04-10 21:05:39.940207
2024-03-17,68390.625,68845.71875,64545.31640625,65316.34375,44716864318,BTC-USD,2026-04-10 21:05:39.940207
2024-03-18,67548.59375,68897.1328125,66594.2265625,68371.3046875,49261579492,BTC-USD,2026-04-10 21:05:39.940207
2024-03-19,61912.7734375,68106.9296875,61536.1796875,67556.1328125,74215844794,BTC-USD,2026-04-10 21:05:39.940207
2024-03-20,67913.671875,68115.2578125,60807.78515625,61930.15625,66792634382,BTC-USD,2026-04-10 21:05:39.940207
2024-03-21,65491.390625,68199.9921875,64580.91796875,67911.5859375,44480350565,BTC-USD,2026-04-10 21:05:39.940207
2024-03-22,63778.76171875,66623.75,62355.37109375,65489.9296875,41401116964,BTC-USD,2026-04-10 21:05:39.940207
2024-03-23,64062.203125,65976.3984375,63038.4921875,63802.72265625,24738964812,BTC-USD,2026-04-10 21:05:39.940207
2024-03-24,67234.171875,67622.7578125,63825.8515625,64070.75390625,27206630673,BTC-USD,2026-04-10 21:05:39.940207
2024-03-25,69958.8125,71162.59375,66414.8359375,67234.09375,42700139523,BTC-USD,2026-04-10 21:05:39.940207
2024-03-26,69987.8359375,71535.7421875,69335.609375,69931.328125,36010437368,BTC-USD,2026-04-10 21:05:39.940207
2024-03-27,69455.34375,71727.6875,68381.9296875,69991.8984375,40827113309,BTC-USD,2026-04-10 21:05:39.940207
2024-03-28,70744.953125,71546.0234375,68895.5078125,69452.7734375,34374900617,BTC-USD,2026-04-10 21:05:39.940207
2024-03-29,69892.828125,70913.09375,69076.65625,70744.796875,25230851763,BTC-USD,2026-04-10 21:05:39.940207
2024-03-30,69645.3046875,70355.4921875,69601.0625,69893.4453125,17130241883,BTC-USD,2026-04-10 21:05:39.940207
2024-03-31,71333.6484375,71377.78125,69624.8671875,69647.78125,20050941373,BTC-USD,2026-04-10 21:05:39.940207
2024-04-01,69702.1484375,71342.09375,68110.6953125,71333.484375,34873527352,BTC-USD,2026-04-10 21:05:39.940207
2024-04-02,65446.97265625,69708.3828125,64586.59375,69705.0234375,50705240709,BTC-USD,2026-04-10 21:05:39.940207
2024-04-03,65980.8125,66914.3203125,64559.8984375,65446.671875,34488018367,BTC-USD,2026-04-10 21:05:39.940207
2024-04-04,68508.84375,69291.2578125,65113.796875,65975.6953125,34439527442,BTC-USD,2026-04-10 21:05:39.940207
2024-04-05,67837.640625,68725.7578125,66011.4765625,68515.7578125,33748230056,BTC-USD,2026-04-10 21:05:39.940207
2024-04-06,68896.109375,69629.6015625,67491.71875,67840.5703125,19967785809,BTC-USD,2026-04-10 21:05:39.940207
2024-04-07,69362.5546875,70284.4296875,68851.6328125,68897.109375,21204930369,BTC-USD,2026-04-10 21:05:39.940207
2024-04-08,71631.359375,72715.359375,69064.2421875,69362.5546875,37261432669,BTC-USD,2026-04-10 21:05:39.940207
2024-04-09,69139.015625,71742.5078125,68212.921875,71632.5,36426900409,BTC-USD,2026-04-10 21:05:39.940207
2024-04-10,70587.8828125,71093.4296875,67503.5625,69140.2421875,38318601774,BTC-USD,2026-04-10 21:05:39.940207
2024-04-11,70060.609375,71256.234375,69571.8125,70575.734375,30153382941,BTC-USD,2026-04-10 21:05:39.940207
2024-04-12,67195.8671875,71222.7421875,65254.8359375,70061.3828125,44129299406,BTC-USD,2026-04-10 21:05:39.940207
2024-04-13,63821.47265625,67931.4296875,60919.10546875,67188.375,52869738185,BTC-USD,2026-04-10 21:05:39.940207
2024-04-14,65738.7265625,65824.4296875,62205.8515625,63836.23046875,49084320047,BTC-USD,2026-04-10 21:05:39.940207
2024-04-15,63426.2109375,66878.6484375,62332.0703125,65739.6484375,43595917654,BTC-USD,2026-04-10 21:05:39.940207
2024-04-16,63811.86328125,64355.66796875,61716.40234375,63419.296875,42847528078,BTC-USD,2026-04-10 21:05:39.940207
2024-04-17,61276.69140625,64486.36328125,59768.5859375,63831.84765625,41915247049,BTC-USD,2026-04-10 21:05:39.940207
2024-04-18,63512.75390625,64125.6875,60833.48046875,61275.31640625,36006307335,BTC-USD,2026-04-10 21:05:39.940207
2024-04-19,63843.5703125,65481.59765625,59651.390625,63510.75,49920425401,BTC-USD,2026-04-10 21:05:39.940207
2024-04-20,64994.44140625,65442.45703125,63172.40234375,63851.1015625,23097485495,BTC-USD,2026-04-10 21:05:39.940207
2024-04-21,64926.64453125,65723.2421875,64277.72265625,64992.81640625,20506644853,BTC-USD,2026-04-10 21:05:39.940207
2024-04-22,66837.6796875,67233.9609375,64548.1796875,64935.6328125,28282686673,BTC-USD,2026-04-10 21:05:39.940207
2024-04-23,66407.2734375,67199.2421875,65864.8671875,66839.890625,24310975583,BTC-USD,2026-04-10 21:05:39.940207
2024-04-24,64276.8984375,67075.3671875,63589.87109375,66408.71875,30276655120,BTC-USD,2026-04-10 21:05:39.940207
2024-04-25,64481.70703125,65275.20703125,62783.6328125,64275.01953125,32155786816,BTC-USD,2026-04-10 21:05:39.940207
2024-04-26,63755.3203125,64789.65625,63322.3984375,64485.37109375,24139372950,BTC-USD,2026-04-10 21:05:39.940207
2024-04-27,63419.140625,63898.36328125,62424.71875,63750.98828125,19530783039,BTC-USD,2026-04-10 21:05:39.940207
2024-04-28,63113.23046875,64321.484375,62793.59765625,63423.515625,17334827993,BTC-USD,2026-04-10 21:05:39.940207
2024-04-29,63841.12109375,64174.87890625,61795.45703125,63106.36328125,26635912073,BTC-USD,2026-04-10 21:05:39.940207
2024-04-30,60636.85546875,64703.33203125,59120.06640625,63839.41796875,37840840057,BTC-USD,2026-04-10 21:05:39.940207
2024-05-01,58254.01171875,60780.5,56555.29296875,60609.49609375,48439780271,BTC-USD,2026-04-10 21:05:39.940207
2024-05-02,59123.43359375,59602.296875,56937.203125,58253.703125,32711813559,BTC-USD,2026-04-10 21:05:39.940207
2024-05-03,62889.8359375,63320.50390625,58848.3125,59122.30078125,33172023048,BTC-USD,2026-04-10 21:05:39.940207
2024-05-04,63891.47265625,64494.95703125,62599.3515625,62891.03125,20620477992,BTC-USD,2026-04-10 21:05:39.940207
2024-05-05,64031.1328125,64610.890625,62955.3046875,63892.453125,18296164805,BTC-USD,2026-04-10 21:05:39.940207
2024-05-06,63161.94921875,65494.90234375,62746.23828125,64038.3125,28697928697,BTC-USD,2026-04-10 21:05:39.940207
2024-05-07,62334.81640625,64390.45703125,62285.98046875,63162.76171875,25930730982,BTC-USD,2026-04-10 21:05:39.940207
2024-05-08,61187.94140625,62986.0859375,60877.12890625,62332.640625,26088172222,BTC-USD,2026-04-10 21:05:39.940207
2024-05-09,63049.9609375,63404.9140625,60648.07421875,61191.19921875,25453338161,BTC-USD,2026-04-10 21:05:39.940207
2024-05-10,60792.77734375,63446.7421875,60208.78125,63055.19140625,27804954694,BTC-USD,2026-04-10 21:05:39.940207
2024-05-11,60793.7109375,61451.15234375,60492.625,60793.35546875,13842272968,BTC-USD,2026-04-10 21:05:39.940207
2024-05-12,61448.39453125,61818.15625,60632.6015625,60793.50390625,13800459405,BTC-USD,2026-04-10 21:05:39.940207
2024-05-13,62901.44921875,63422.66015625,60769.83984375,61451.21875,27889181179,BTC-USD,2026-04-10 21:05:39.940207
2024-05-14,61552.7890625,63092.125,61123.765625,62900.7734375,28186271527,BTC-USD,2026-04-10 21:05:39.940207
2024-05-15,66267.4921875,66454.453125,61330.41015625,61553.98828125,39815167074,BTC-USD,2026-04-10 21:05:39.940207
2024-05-16,65231.58203125,66712.4296875,64613.0546875,66256.109375,31573077994,BTC-USD,2026-04-10 21:05:39.940207
2024-05-17,67051.875,67459.4609375,65119.31640625,65231.296875,28031279310,BTC-USD,2026-04-10 21:05:39.940207
2024-05-18,66940.8046875,67387.328125,66663.5,67066.2109375,16712277406,BTC-USD,2026-04-10 21:05:39.940207
2024-05-19,66278.3671875,67694.296875,65937.1796875,66937.9296875,19249094538,BTC-USD,2026-04-10 21:05:39.940207
2024-05-20,71448.1953125,71483.5625,66086.171875,66278.7421875,43850655717,BTC-USD,2026-04-10 21:05:39.940207
2024-05-21,70136.53125,71946.4609375,69191.125,71443.0625,46932005990,BTC-USD,2026-04-10 21:05:39.940207
2024-05-22,69122.3359375,70623.6953125,68977.6953125,70135.3203125,32802561717,BTC-USD,2026-04-10 21:05:39.940207
2024-05-23,67929.5625,70041.2734375,66356.953125,69121.3046875,41895680979,BTC-USD,2026-04-10 21:05:39.940207
2024-05-24,68526.1015625,69220.296875,66622.671875,67928.1328125,29197308153,BTC-USD,2026-04-10 21:05:39.940207
2024-05-25,69265.9453125,69579.3203125,68515.8203125,68526.921875,15473071741,BTC-USD,2026-04-10 21:05:39.940207
2024-05-26,68518.09375,69506.2265625,68183.890625,69264.2890625,15628433737,BTC-USD,2026-04-10 21:05:39.940207
2024-05-27,69394.5546875,70597.8828125,68232.5,68512.1796875,25870990717,BTC-USD,2026-04-10 21:05:39.940207
2024-05-28,68296.21875,69514.640625,67227.15625,69392.1953125,32722265965,BTC-USD,2026-04-10 21:05:39.940207
2024-05-29,67578.09375,68852.4609375,67101.4921875,68296.3515625,26707072906,BTC-USD,2026-04-10 21:05:39.940207
2024-05-30,68364.9921875,69500.5390625,67118.078125,67576.0859375,29509712534,BTC-USD,2026-04-10 21:05:39.940207
2024-05-31,67491.4140625,68999.5625,66633.421875,68362.515625,27387283769,BTC-USD,2026-04-10 21:05:39.940207
2024-06-01,67706.9375,67839.765625,67386.1953125,67489.609375,11641495604,BTC-USD,2026-04-10 21:05:39.940207
2024-06-02,67751.6015625,68409.1640625,67315.5234375,67710.2734375,17110588415,BTC-USD,2026-04-10 21:05:39.940207
2024-06-03,68804.78125,70230.8203125,67589.8359375,67753.8984375,32401285324,BTC-USD,2026-04-10 21:05:39.940207
2024-06-04,70567.765625,71047.40625,68564.640625,68804.5703125,33149696545,BTC-USD,2026-04-10 21:05:39.940207
2024-06-05,71082.8203125,71735.4140625,70390.7109375,70568.3515625,32810771409,BTC-USD,2026-04-10 21:05:39.940207
2024-06-06,70757.1640625,71625.734375,70119.125,71082.84375,25223152007,BTC-USD,2026-04-10 21:05:39.940207
2024-06-07,69342.5859375,71907.8515625,68507.2578125,70759.1875,36188381096,BTC-USD,2026-04-10 21:05:39.940207
2024-06-08,69305.7734375,69533.3203125,69210.7421875,69324.1796875,14262185861,BTC-USD,2026-04-10 21:05:39.940207
2024-06-09,69647.9921875,69817.5234375,69160.84375,69297.4921875,13534028500,BTC-USD,2026-04-10 21:05:39.940207
2024-06-10,69512.28125,70146.0703125,69232.421875,69644.3125,20597699541,BTC-USD,2026-04-10 21:05:39.940207
2024-06-11,67332.03125,69549.4140625,66123.6015625,69508.078125,37116136345,BTC-USD,2026-04-10 21:05:39.940207
2024-06-12,68241.1875,69977.890625,66902.453125,67321.375,34497940694,BTC-USD,2026-04-10 21:05:39.940207
2024-06-13,66756.3984375,68365.78125,66304.5625,68243.1015625,28955204146,BTC-USD,2026-04-10 21:05:39.940207
2024-06-14,66011.09375,67294.6484375,65056.89453125,66747.5703125,27403884779,BTC-USD,2026-04-10 21:05:39.940207
2024-06-15,66191,66402.1875,65871.7734375,66006.7421875,14121265576,BTC-USD,2026-04-10 21:05:39.940207
2024-06-16,66639.046875,66894.84375,66018.25,66189.359375,13281140541,BTC-USD,2026-04-10 21:05:39.940207
2024-06-17,66490.296875,67188.3203125,65094.96484375,66636.515625,30006354476,BTC-USD,2026-04-10 21:05:39.940207
2024-06-18,65140.74609375,66556.703125,64066.95703125,66490.9765625,39481285950,BTC-USD,2026-04-10 21:05:39.940207
2024-06-19,64960.296875,65695.3515625,64693.30078125,65146.66015625,21103423504,BTC-USD,2026-04-10 21:05:39.940207
2024-06-20,64828.65625,66438.9609375,64547.84765625,64960.296875,25641109124,BTC-USD,2026-04-10 21:05:39.940207
2024-06-21,64096.19921875,65007.546875,63378.89453125,64837.98828125,26188171739,BTC-USD,2026-04-10 21:05:39.940207
2024-06-22,64252.578125,64475.46875,63929.7578125,64113.86328125,9858198793,BTC-USD,2026-04-10 21:05:39.940207
2024-06-23,63180.796875,64491.703125,63180.796875,64248.96484375,11170471802,BTC-USD,2026-04-10 21:05:39.940207
2024-06-24,60277.4140625,63292.52734375,58601.69921875,63173.3515625,43152133651,BTC-USD,2026-04-10 21:05:39.940207
2024-06-25,61804.640625,62258.26171875,60239.75,60266.28125,29201215431,BTC-USD,2026-04-10 21:05:39.940207
2024-06-26,60811.27734375,62434.13671875,60695.1875,61789.67578125,22506003064,BTC-USD,2026-04-10 21:05:39.940207
2024-06-27,61604.80078125,62293.86328125,60585.33203125,60811.2265625,21231745045,BTC-USD,2026-04-10 21:05:39.940207
2024-06-28,60320.13671875,62126.09765625,59985.40234375,61612.8046875,24952866877,BTC-USD,2026-04-10 21:05:39.940207
2024-06-29,60887.37890625,61097.62109375,60300.96484375,60319.875,12652903396,BTC-USD,2026-04-10 21:05:39.940207
2024-06-30,62678.29296875,62892.828125,60632.94921875,60888.4453125,17333226409,BTC-USD,2026-04-10 21:05:39.940207
2024-07-01,62851.98046875,63777.2265625,62495.51171875,62673.60546875,25468379421,BTC-USD,2026-04-10 21:05:39.940207
2024-07-02,62029.015625,63203.359375,61752.74609375,62844.41015625,20151616992,BTC-USD,2026-04-10 21:05:39.940207
2024-07-03,60173.921875,62187.703125,59419.38671875,62034.33203125,29756701685,BTC-USD,2026-04-10 21:05:39.940207
2024-07-04,56977.703125,60399.67578125,56777.8046875,60147.13671875,41149609230,BTC-USD,2026-04-10 21:05:39.940207
2024-07-05,56662.375,57497.15234375,53717.375,57022.80859375,55417544033,BTC-USD,2026-04-10 21:05:39.940207
2024-07-06,58303.5390625,58472.546875,56038.9609375,56659.07421875,20610320577,BTC-USD,2026-04-10 21:05:39.940207
2024-07-07,55849.109375,58371.12109375,55793.32421875,58239.4296875,20553359505,BTC-USD,2026-04-10 21:05:39.940207
2024-07-08,56705.09765625,58131.3359375,54321.01953125,55849.57421875,39766159899,BTC-USD,2026-04-10 21:05:39.940207
2024-07-09,58009.2265625,58239.1953125,56316.875,56704.59765625,27849512607,BTC-USD,2026-04-10 21:05:39.940207
2024-07-10,57742.49609375,59359.43359375,57178.4140625,58033.8828125,26175260526,BTC-USD,2026-04-10 21:05:39.940207
2024-07-11,57344.9140625,59299.43359375,57120.37890625,57729.890625,28707803842,BTC-USD,2026-04-10 21:05:39.940207
2024-07-12,57899.46484375,58532.5546875,56590.17578125,57341.1953125,25604805221,BTC-USD,2026-04-10 21:05:39.940207
2024-07-13,59231.953125,59787.078125,57796.44140625,57908.73828125,17080061806,BTC-USD,2026-04-10 21:05:39.940207
2024-07-14,60787.79296875,61329.52734375,59225.25,59225.25,22223416061,BTC-USD,2026-04-10 21:05:39.940207
2024-07-15,64870.15234375,64870.15234375,60704.9296875,60815.45703125,38094526099,BTC-USD,2026-04-10 21:05:39.940207
2024-07-16,65097.1484375,65354.33984375,62487.96875,64784.41796875,41617346768,BTC-USD,2026-04-10 21:05:39.940207
2024-07-17,64118.79296875,66066.734375,63896.0859375,65091.83203125,32525071311,BTC-USD,2026-04-10 21:05:39.940207
2024-07-18,63974.06640625,65104.66015625,63246.1640625,64104.73828125,27239305337,BTC-USD,2026-04-10 21:05:39.940207
2024-07-19,66710.15625,67442.640625,63329.34375,63972.32421875,37003855410,BTC-USD,2026-04-10 21:05:39.940207
2024-07-20,67163.6484375,67610.734375,66299.6171875,66709.921875,19029581250,BTC-USD,2026-04-10 21:05:39.940207
2024-07-21,68154.5234375,68372.90625,65842.296875,67164.9140625,26652190004,BTC-USD,2026-04-10 21:05:39.940207
2024-07-22,67585.25,68480.0625,66611.296875,68152.9765625,42649109453,BTC-USD,2026-04-10 21:05:39.940207
2024-07-23,65927.671875,67779.015625,65484.4609375,67584.8046875,35605668666,BTC-USD,2026-04-10 21:05:39.940207
2024-07-24,65372.1328125,67113.984375,65146.99609375,65927.859375,27470942309,BTC-USD,2026-04-10 21:05:39.940207
2024-07-25,65777.2265625,66112.421875,63473.47265625,65375.875,38315761670,BTC-USD,2026-04-10 21:05:39.940207
2024-07-26,67912.0625,68207.6015625,65743.765625,65771.8125,30488630457,BTC-USD,2026-04-10 21:05:39.940207
2024-07-27,67813.3359375,69398.5078125,66705.21875,67911.8125,34691905492,BTC-USD,2026-04-10 21:05:39.940207
2024-07-28,68255.8671875,68301.8515625,67085.828125,67808.65625,18043166945,BTC-USD,2026-04-10 21:05:39.940207
2024-07-29,66819.9140625,69987.5390625,66532.59375,68259.0546875,40780682628,BTC-USD,2026-04-10 21:05:39.940207
2024-07-30,66201.015625,66987.671875,65323.19140625,66819.0546875,31380492109,BTC-USD,2026-04-10 21:05:39.940207
2024-07-31,64619.25,66810.2109375,64532.046875,66201.2734375,31292785994,BTC-USD,2026-04-10 21:05:39.940207
2024-08-01,65357.5,65593.2421875,62248.94140625,64625.83984375,40975554494,BTC-USD,2026-04-10 21:05:39.940207
2024-08-02,61415.06640625,65523.22265625,61184.89453125,65353.5,43060875727,BTC-USD,2026-04-10 21:05:39.940207
2024-08-03,60680.09375,62148.37109375,59836.52734375,61414.80859375,31753030589,BTC-USD,2026-04-10 21:05:39.940207
2024-08-04,58116.9765625,61062.98828125,57210.8046875,60676.09375,31758917219,BTC-USD,2026-04-10 21:05:39.940207
2024-08-05,53991.45703125,58268.828125,49121.23828125,58110.296875,108991085584,BTC-USD,2026-04-10 21:05:39.940207
2024-08-06,56034.31640625,57059.91796875,53973.2734375,53991.34765625,49300484106,BTC-USD,2026-04-10 21:05:39.940207
2024-08-07,55027.4609375,57726.8828125,54620.5078125,56040.6328125,41637562185,BTC-USD,2026-04-10 21:05:39.940207
2024-08-08,61710.13671875,62673.765625,54766.7265625,55030.02734375,45298472567,BTC-USD,2026-04-10 21:05:39.940207
2024-08-09,60880.11328125,61751.86328125,59587.859375,61728.20703125,33425553115,BTC-USD,2026-04-10 21:05:39.940207
2024-08-10,60945.8125,61464.51171875,60287.56640625,60881.23046875,15745822278,BTC-USD,2026-04-10 21:05:39.940207
2024-08-11,58719.484375,61778.66015625,58348.82421875,60944.890625,22759754812,BTC-USD,2026-04-10 21:05:39.940207
2024-08-12,59354.515625,60680.33203125,57688.8984375,58719.39453125,37078637820,BTC-USD,2026-04-10 21:05:39.940207
2024-08-13,60609.56640625,61572.3984375,58506.25390625,59356.20703125,30327698167,BTC-USD,2026-04-10 21:05:39.940207
2024-08-14,58737.26953125,61687.7578125,58472.875,60611.05078125,29961696180,BTC-USD,2026-04-10 21:05:39.940207
2024-08-15,57560.09765625,59838.6484375,56161.59375,58733.26171875,35682112440,BTC-USD,2026-04-10 21:05:39.940207
2024-08-16,58894.10546875,59847.359375,57110.01953125,57560.2734375,29350938673,BTC-USD,2026-04-10 21:05:39.940207
2024-08-17,59478.97265625,59694.66796875,58814.83203125,58893.53125,13589684021,BTC-USD,2026-04-10 21:05:39.940207
2024-08-18,58483.96484375,60262.71875,58445.40234375,59468.1328125,17740625837,BTC-USD,2026-04-10 21:05:39.940207
2024-08-19,59493.453125,59612.66015625,57864.7109375,58480.7109375,25911207712,BTC-USD,2026-04-10 21:05:39.940207
2024-08-20,59012.79296875,61396.328125,58610.8828125,59493.453125,31613400008,BTC-USD,2026-04-10 21:05:39.940207
2024-08-21,61175.19140625,61834.3515625,58823.4453125,59014.98828125,32731154072,BTC-USD,2026-04-10 21:05:39.940207
2024-08-22,60381.9140625,61408.109375,59815.25390625,61168.31640625,27625734377,BTC-USD,2026-04-10 21:05:39.940207
2024-08-23,64094.35546875,64947.0625,60372.05078125,60380.953125,42530509233,BTC-USD,2026-04-10 21:05:39.940207
2024-08-24,64178.9921875,64513.7890625,63619.91796875,64103.87109375,21430585163,BTC-USD,2026-04-10 21:05:39.940207
2024-08-25,64333.54296875,64996.421875,63833.51953125,64176.3671875,18827683555,BTC-USD,2026-04-10 21:05:39.940207
2024-08-26,62880.66015625,64489.70703125,62849.55859375,64342.2265625,27682040631,BTC-USD,2026-04-10 21:05:39.940207
2024-08-27,59504.1328125,63210.796875,58116.75,62879.70703125,39103882198,BTC-USD,2026-04-10 21:05:39.940207
2024-08-28,59027.625,60236.44921875,57890.67578125,59507.92578125,40289564698,BTC-USD,2026-04-10 21:05:39.940207
2024-08-29,59388.1796875,61184.08203125,58786.2265625,59027.46875,32224990582,BTC-USD,2026-04-10 21:05:39.940207
2024-08-30,59119.4765625,59896.88671875,57768.53125,59388.6015625,32292756405,BTC-USD,2026-04-10 21:05:39.940207
2024-08-31,58969.8984375,59432.59375,58768.78515625,59117.48046875,12403470760,BTC-USD,2026-04-10 21:05:39.940207
2024-09-01,57325.48828125,59062.0703125,57217.82421875,58969.80078125,24592449997,BTC-USD,2026-04-10 21:05:39.940207
2024-09-02,59112.48046875,59403.0703125,57136.02734375,57326.96875,27036454524,BTC-USD,2026-04-10 21:05:39.940207
2024-09-03,57431.0234375,59815.05859375,57425.16796875,59106.19140625,26666961053,BTC-USD,2026-04-10 21:05:39.940207
2024-09-04,57971.5390625,58511.5703125,55673.1640625,57430.34765625,35627680312,BTC-USD,2026-04-10 21:05:39.940207
2024-09-05,56160.48828125,58300.58203125,55712.453125,57971.703125,31030280656,BTC-USD,2026-04-10 21:05:39.940207
2024-09-06,53948.75390625,56976.109375,52598.69921875,56160.19140625,49361693566,BTC-USD,2026-04-10 21:05:39.940207
2024-09-07,54139.6875,54838.14453125,53740.0703125,53949.0859375,19061486526,BTC-USD,2026-04-10 21:05:39.940207
2024-09-08,54841.56640625,55300.859375,53653.7578125,54147.93359375,18268287531,BTC-USD,2026-04-10 21:05:39.940207
2024-09-09,57019.53515625,58041.125,54598.43359375,54851.88671875,34618096173,BTC-USD,2026-04-10 21:05:39.940207
2024-09-10,57648.7109375,58029.9765625,56419.4140625,57020.09765625,28857630507,BTC-USD,2026-04-10 21:05:39.940207
2024-09-11,57343.171875,57991.3203125,55567.33984375,57650.2890625,37049062672,BTC-USD,2026-04-10 21:05:39.940207
2024-09-12,58127.01171875,58534.359375,57330.1015625,57343.171875,33835707949,BTC-USD,2026-04-10 21:05:39.940207
2024-09-13,60571.30078125,60648.0234375,57650.11328125,58130.32421875,32490528356,BTC-USD,2026-04-10 21:05:39.940207
2024-09-14,60005.12109375,60656.72265625,59517.8828125,60569.1171875,16428405496,BTC-USD,2026-04-10 21:05:39.940207
2024-09-15,59182.8359375,60381.91796875,58696.30859375,60000.7265625,18120960867,BTC-USD,2026-04-10 21:05:39.940207
2024-09-16,58192.5078125,59205.51171875,57501.33984375,59185.2265625,32032822113,BTC-USD,2026-04-10 21:05:39.940207
2024-09-17,60308.5390625,61316.08984375,57628.0703125,58192.5078125,38075570118,BTC-USD,2026-04-10 21:05:39.940207
2024-09-18,61649.6796875,61664.06640625,59218.25390625,60309,40990702891,BTC-USD,2026-04-10 21:05:39.940207
2024-09-19,62940.45703125,63872.44140625,61609.8671875,61651.15625,42710252573,BTC-USD,2026-04-10 21:05:39.940207
2024-09-20,63192.9765625,64119.53125,62364.60546875,62941.42578125,35177164222,BTC-USD,2026-04-10 21:05:39.940207
2024-09-21,63394.83984375,63543.359375,62783.10546875,63184.33984375,14408616220,BTC-USD,2026-04-10 21:05:39.940207
2024-09-22,63648.7109375,63993.421875,62440.7265625,63396.8046875,20183348802,BTC-USD,2026-04-10 21:05:39.940207
2024-09-23,63329.80078125,64733.55859375,62628.078125,63643.1015625,31400285425,BTC-USD,2026-04-10 21:05:39.940207
2024-09-24,64301.96875,64695.21484375,62737.41796875,63326.83984375,29938335243,BTC-USD,2026-04-10 21:05:39.940207
2024-09-25,63143.14453125,64804.50390625,62945.375,64302.58984375,25078377700,BTC-USD,2026-04-10 21:05:39.940207
2024-09-26,65181.01953125,65790.796875,62669.26953125,63138.546875,36873129847,BTC-USD,2026-04-10 21:05:39.940207
2024-09-27,65790.6640625,66480.6953125,64852.9921875,65180.6640625,32058813449,BTC-USD,2026-04-10 21:05:39.940207
2024-09-28,65887.6484375,66255.53125,65458.03515625,65792.1796875,15243637984,BTC-USD,2026-04-10 21:05:39.940207
2024-09-29,65635.3046875,66069.34375,65450.015625,65888.8984375,14788214575,BTC-USD,2026-04-10 21:05:39.940207
2024-09-30,63329.5,65635.0546875,62873.6171875,65634.65625,37112957475,BTC-USD,2026-04-10 21:05:39.940207
2024-10-01,60837.0078125,64110.98046875,60189.27734375,63335.60546875,50220923500,BTC-USD,2026-04-10 21:05:39.940207
2024-10-02,60632.78515625,62357.6875,59996.94921875,60836.32421875,40762722398,BTC-USD,2026-04-10 21:05:39.940207
2024-10-03,60759.40234375,61469.0390625,59878.8046875,60632.484375,36106447279,BTC-USD,2026-04-10 21:05:39.940207
2024-10-04,62067.4765625,62465.9921875,60459.94140625,60754.625,29585472513,BTC-USD,2026-04-10 21:05:39.940207
2024-10-05,62089.94921875,62371.0234375,61689.58203125,62067.609375,13305410749,BTC-USD,2026-04-10 21:05:39.940207
2024-10-06,62818.953125,62959.5703125,61833.1484375,62084.98828125,14776233667,BTC-USD,2026-04-10 21:05:39.940207
2024-10-07,62236.66015625,64443.70703125,62152.55078125,62819.109375,34253562610,BTC-USD,2026-04-10 21:05:39.940207
2024-10-08,62131.96875,63174.3046875,61843.5625,62221.64453125,28134475157,BTC-USD,2026-04-10 21:05:39.940207
2024-10-09,60582.1015625,62508.8359375,60314.61328125,62131.7265625,27670982363,BTC-USD,2026-04-10 21:05:39.940207
2024-10-10,60274.5,61236.72265625,58895.20703125,60581.9296875,30452813570,BTC-USD,2026-04-10 21:05:39.940207
2024-10-11,62445.08984375,63400.87109375,60046.125,60275.4609375,30327141594,BTC-USD,2026-04-10 21:05:39.940207
2024-10-12,63193.0234375,63448.78515625,62443.26953125,62444.6171875,16744110886,BTC-USD,2026-04-10 21:05:39.940207
2024-10-13,62851.375,63272.65234375,62035.63671875,63192.9453125,18177529690,BTC-USD,2026-04-10 21:05:39.940207
2024-10-14,66046.125,66482.4921875,62442.15234375,62848.3984375,43706958056,BTC-USD,2026-04-10 21:05:39.940207
2024-10-15,67041.109375,67881.6796875,64809.1953125,66050.3671875,48863870879,BTC-USD,2026-04-10 21:05:39.940207
2024-10-16,67612.71875,68375.2890625,66758.7265625,67042.4609375,38195189534,BTC-USD,2026-04-10 21:05:39.940207
2024-10-17,67399.8359375,67912.2109375,66647.390625,67617.078125,32790898511,BTC-USD,2026-04-10 21:05:39.940207
2024-10-18,68418.7890625,68969.75,67177.8203125,67419.109375,36857165014,BTC-USD,2026-04-10 21:05:39.940207
2024-10-19,68362.734375,68668.0078125,68024.640625,68418.9765625,14443497908,BTC-USD,2026-04-10 21:05:39.940207
2024-10-20,69001.703125,69359.0078125,68105.71875,68364.1796875,18975847518,BTC-USD,2026-04-10 21:05:39.940207
2024-10-21,67367.8515625,69462.734375,66829.8515625,69002,37498611780,BTC-USD,2026-04-10 21:05:39.940207
2024-10-22,67361.40625,67801.578125,66581.3671875,67360.703125,31808472566,BTC-USD,2026-04-10 21:05:39.940207
2024-10-23,66432.1953125,67402.7421875,65188.03515625,67362.375,32263980353,BTC-USD,2026-04-10 21:05:39.940207
2024-10-24,68161.0546875,68798.9609375,66454.1015625,66653.703125,31414428647,BTC-USD,2026-04-10 21:05:39.940207
2024-10-25,66642.4140625,68722.15625,65521.79296875,68165.296875,41469984306,BTC-USD,2026-04-10 21:05:39.940207
2024-10-26,67014.6953125,67317.921875,66360.59375,66628.734375,19588098156,BTC-USD,2026-04-10 21:05:39.940207
2024-10-27,67929.296875,68221.3125,66847.2265625,67023.4765625,16721307878,BTC-USD,2026-04-10 21:05:39.940207
2024-10-28,69907.7578125,70212.265625,67535.1328125,67922.671875,38799856657,BTC-USD,2026-04-10 21:05:39.940207
2024-10-29,72720.4921875,73577.2109375,69729.9140625,69910.046875,58541874402,BTC-USD,2026-04-10 21:05:39.940207
2024-10-30,72339.5390625,72905.296875,71411.734375,72715.3671875,40646637831,BTC-USD,2026-04-10 21:05:39.940207
2024-10-31,70215.1875,72662.3125,69590.5,72335.046875,40627912076,BTC-USD,2026-04-10 21:05:39.940207
2024-11-01,69482.46875,71559.015625,68779.703125,70216.8984375,49989795365,BTC-USD,2026-04-10 21:05:39.940207
2024-11-02,69289.2734375,69867.3515625,69033.71875,69486.0234375,18184612091,BTC-USD,2026-04-10 21:05:39.940207
2024-11-03,68741.1171875,69361.65625,67482.5234375,69296.3828125,34868307655,BTC-USD,2026-04-10 21:05:39.940207
2024-11-04,67811.5078125,69433.1796875,66803.6484375,68742.1328125,41184819348,BTC-USD,2026-04-10 21:05:39.940207
2024-11-05,69359.5625,70522.7890625,67458.8671875,67811.171875,46046889204,BTC-USD,2026-04-10 21:05:39.940207
2024-11-06,75639.078125,76460.15625,69322.03125,69358.5,118592653963,BTC-USD,2026-04-10 21:05:39.940207
2024-11-07,75904.859375,76943.1171875,74480.421875,75637.0859375,63467654989,BTC-USD,2026-04-10 21:05:39.940207
2024-11-08,76545.4765625,77252.75,75648.7421875,75902.8359375,55176858003,BTC-USD,2026-04-10 21:05:39.940207
2024-11-09,76778.8671875,76932.765625,75773.7890625,76556.1875,29009480361,BTC-USD,2026-04-10 21:05:39.940207
2024-11-10,80474.1875,81474.421875,76565.4296875,76775.546875,82570594495,BTC-USD,2026-04-10 21:05:39.940207
2024-11-11,88701.484375,89604.5,80283.25,80471.4140625,117966845037,BTC-USD,2026-04-10 21:05:39.940207
2024-11-12,87955.8125,89956.8828125,85155.109375,88705.5625,133673285375,BTC-USD,2026-04-10 21:05:39.940207
2024-11-13,90584.1640625,93434.3515625,86256.9296875,87929.96875,123559027869,BTC-USD,2026-04-10 21:05:39.940207
2024-11-14,87250.4296875,91765.21875,86682.8125,90574.8828125,87616705248,BTC-USD,2026-04-10 21:05:39.940207
2024-11-15,91066.0078125,91868.7421875,87124.8984375,87284.1796875,78243109518,BTC-USD,2026-04-10 21:05:39.940207
2024-11-16,90558.4765625,91763.9453125,90094.2265625,91064.3671875,44333192814,BTC-USD,2026-04-10 21:05:39.940207
2024-11-17,89845.8515625,91433.0390625,88741.6640625,90558.4609375,46350159305,BTC-USD,2026-04-10 21:05:39.940207
2024-11-18,90542.640625,92596.7890625,89393.59375,89843.71875,75535775084,BTC-USD,2026-04-10 21:05:39.940207
2024-11-19,92343.7890625,94002.8671875,90426.984375,90536.8125,74521048295,BTC-USD,2026-04-10 21:05:39.940207
2024-11-20,94339.4921875,94902.0234375,91619.5,92341.890625,71730956426,BTC-USD,2026-04-10 21:05:39.940207
2024-11-21,98504.7265625,99014.21875,94132.6015625,94334.640625,106024505582,BTC-USD,2026-04-10 21:05:39.940207
2024-11-22,98997.6640625,99655.5,97222.6640625,98496.4296875,78473580551,BTC-USD,2026-04-10 21:05:39.940207
2024-11-23,97777.28125,99014.6796875,97232.890625,99006.7421875,44414644677,BTC-USD,2026-04-10 21:05:39.940207
2024-11-24,98013.8203125,98647.1796875,95788.078125,97778.09375,51712020623,BTC-USD,2026-04-10 21:05:39.940207
2024-11-25,93102.296875,98935.03125,92642.9140625,98033.4453125,80909462490,BTC-USD,2026-04-10 21:05:39.940207
2024-11-26,91985.3203125,94991.75,90770.8125,93087.28125,91656519855,BTC-USD,2026-04-10 21:05:39.940207
2024-11-27,95962.53125,97361.1796875,91778.6640625,91978.140625,71133452438,BTC-USD,2026-04-10 21:05:39.940207
2024-11-28,95652.46875,96650.203125,94677.3515625,95954.9453125,52260008261,BTC-USD,2026-04-10 21:05:39.940207
2024-11-29,97461.5234375,98693.171875,95407.8828125,95653.953125,54968682476,BTC-USD,2026-04-10 21:05:39.940207
2024-11-30,96449.0546875,97499.34375,96144.21875,97468.8125,31634227866,BTC-USD,2026-04-10 21:05:39.940207
2024-12-01,97279.7890625,97888.125,95770.1875,96461.3359375,36590695296,BTC-USD,2026-04-10 21:05:39.940207
2024-12-02,95865.3046875,98152.6015625,94482.8671875,97276.0078125,72680784305,BTC-USD,2026-04-10 21:05:39.940207
2024-12-03,96002.1640625,96297.203125,93629.5625,95854.59375,67067810961,BTC-USD,2026-04-10 21:05:39.940207
2024-12-04,98768.53125,99207.328125,94660.5234375,95988.53125,77199817112,BTC-USD,2026-04-10 21:05:39.940207
2024-12-05,96593.5703125,103900.46875,91998.78125,98741.5390625,149218945580,BTC-USD,2026-04-10 21:05:39.940207
2024-12-06,99920.7109375,102039.8828125,96514.875,97074.2265625,94534772658,BTC-USD,2026-04-10 21:05:39.940207
2024-12-07,99923.3359375,100563.3828125,99030.8828125,99916.7109375,44177510897,BTC-USD,2026-04-10 21:05:39.940207
2024-12-08,101236.015625,101399.9921875,98771.515625,99921.9140625,44125751925,BTC-USD,2026-04-10 21:05:39.940207
2024-12-09,97432.71875,101272.5078125,94355.9140625,101237.0625,110676473908,BTC-USD,2026-04-10 21:05:39.940207
2024-12-10,96675.4296875,98270.15625,94321.2578125,97441.234375,104823780634,BTC-USD,2026-04-10 21:05:39.940207
2024-12-11,101173.03125,101913.359375,95747.2265625,96656.0625,85391409936,BTC-USD,2026-04-10 21:05:39.940207
2024-12-12,100043,102524.9140625,99339.953125,101167.8046875,72073983533,BTC-USD,2026-04-10 21:05:39.940207
2024-12-13,101459.2578125,101888.8046875,99233.28125,100046.6484375,56894751583,BTC-USD,2026-04-10 21:05:39.940207
2024-12-14,101372.96875,102618.8828125,100634.0546875,101451.4375,40422968793,BTC-USD,2026-04-10 21:05:39.940207
2024-12-15,104298.6953125,105047.5390625,101227.03125,101373.53125,51145914137,BTC-USD,2026-04-10 21:05:39.940207
2024-12-16,106029.71875,107780.578125,103322.984375,104293.578125,91020417816,BTC-USD,2026-04-10 21:05:39.940207
2024-12-17,106140.6015625,108268.4453125,105291.734375,106030.6875,68589364868,BTC-USD,2026-04-10 21:05:39.940207
2024-12-18,100041.5390625,106470.609375,100041.5390625,106147.296875,93865656139,BTC-USD,2026-04-10 21:05:39.940207
2024-12-19,97490.953125,102748.1484375,95587.6796875,100070.6875,97221662392,BTC-USD,2026-04-10 21:05:39.940207
2024-12-20,97755.9296875,98098.9140625,92175.1796875,97484.6953125,105634083408,BTC-USD,2026-04-10 21:05:39.940207
2024-12-21,97224.7265625,99507.1015625,96426.5234375,97756.1953125,51765334294,BTC-USD,2026-04-10 21:05:39.940207
2024-12-22,95104.9375,97360.265625,94202.1875,97218.3203125,43147981314,BTC-USD,2026-04-10 21:05:39.940207
2024-12-23,94686.2421875,96416.2109375,92403.1328125,95099.390625,65239002919,BTC-USD,2026-04-10 21:05:39.940207
2024-12-24,98676.09375,99404.0625,93448.015625,94684.34375,47114953674,BTC-USD,2026-04-10 21:05:39.940207
2024-12-25,99299.1953125,99478.75,97593.46875,98675.9140625,33700394629,BTC-USD,2026-04-10 21:05:39.940207
2024-12-26,95795.515625,99884.5703125,95137.8828125,99297.6953125,47054980873,BTC-USD,2026-04-10 21:05:39.940207
2024-12-27,94164.859375,97294.84375,93310.7421875,95704.9765625,52419934565,BTC-USD,2026-04-10 21:05:39.940207
2024-12-28,95163.9296875,95525.8984375,94014.2890625,94160.1875,24107436185,BTC-USD,2026-04-10 21:05:39.940207
2024-12-29,93530.2265625,95174.875,92881.7890625,95174.0546875,29635885267,BTC-USD,2026-04-10 21:05:39.940207
2024-12-30,92643.2109375,94903.3203125,91317.1328125,93527.1953125,56188003691,BTC-USD,2026-04-10 21:05:39.940207
2024-12-31,93429.203125,96090.6015625,91914.03125,92643.25,43625106843,BTC-USD,2026-04-10 21:05:39.940207
2025-01-01,94419.7578125,94929.8671875,92788.125,93425.1015625,24519888919,BTC-USD,2026-04-10 21:05:39.940207
2025-01-02,96886.875,97739.8203125,94201.5703125,94416.2890625,46009564411,BTC-USD,2026-04-10 21:05:39.940207
2025-01-03,98107.4296875,98956.9140625,96034.6171875,96881.7265625,35611391163,BTC-USD,2026-04-10 21:05:39.940207
2025-01-04,98236.2265625,98734.4296875,97562.9765625,98106.9921875,22342608078,BTC-USD,2026-04-10 21:05:39.940207
2025-01-05,98314.9609375,98813.3046875,97291.765625,98233.90625,20525254825,BTC-USD,2026-04-10 21:05:39.940207
2025-01-06,102078.0859375,102482.875,97926.1484375,98314.953125,51823432705,BTC-USD,2026-04-10 21:05:39.940207
2025-01-07,96922.703125,102712.484375,96132.875,102248.8515625,58685738547,BTC-USD,2026-04-10 21:05:39.940207
2025-01-08,95043.5234375,97258.3203125,92525.84375,96924.1640625,63875859171,BTC-USD,2026-04-10 21:05:39.940207
2025-01-09,92484.0390625,95349.71875,91220.84375,95043.484375,62777261693,BTC-USD,2026-04-10 21:05:39.940207
2025-01-10,94701.453125,95770.609375,92250.09375,92494.4921875,62058693684,BTC-USD,2026-04-10 21:05:39.940207
2025-01-11,94566.59375,94977.6875,93840.046875,94700.8359375,18860894100,BTC-USD,2026-04-10 21:05:39.940207
2025-01-12,94488.4375,95367.5390625,93712.5078125,94565.7265625,20885130965,BTC-USD,2026-04-10 21:05:39.940207
2025-01-13,94516.5234375,95837,89260.1015625,94488.890625,72978998252,BTC-USD,2026-04-10 21:05:39.940207
2025-01-14,96534.046875,97352.6640625,94322.15625,94519.0078125,53769675818,BTC-USD,2026-04-10 21:05:39.940207
2025-01-15,100504.4921875,100697.234375,96501.640625,96534.046875,57805923627,BTC-USD,2026-04-10 21:05:39.940207
2025-01-16,99756.90625,100781.5859375,97364.4453125,100505.296875,54103781805,BTC-USD,2026-04-10 21:05:39.940207
2025-01-17,104462.0390625,105884.2265625,99948.90625,100025.765625,71888972663,BTC-USD,2026-04-10 21:05:39.940207
2025-01-18,104408.0703125,104913.203125,102226.6171875,104124.953125,50445655726,BTC-USD,2026-04-10 21:05:39.940207
2025-01-19,101089.609375,106299.796875,99570.53125,104411.2890625,76789928525,BTC-USD,2026-04-10 21:05:39.940207
2025-01-20,102016.6640625,109114.8828125,99471.359375,101083.75,126279678351,BTC-USD,2026-04-10 21:05:39.940207
2025-01-21,106146.265625,107180.921875,100103.953125,102052.578125,88733878242,BTC-USD,2026-04-10 21:05:39.940207
2025-01-22,103653.0703125,106294.34375,103360.265625,106136.3828125,53878181052,BTC-USD,2026-04-10 21:05:39.940207
2025-01-23,103960.171875,106820.328125,101257.8046875,103657.671875,104104515428,BTC-USD,2026-04-10 21:05:39.940207
2025-01-24,104819.484375,107098.546875,102772.125,103965.671875,52388229265,BTC-USD,2026-04-10 21:05:39.940207
2025-01-25,104714.6484375,105243.7890625,104120.375,104824.03125,23888996502,BTC-USD,2026-04-10 21:05:39.940207
2025-01-26,102682.5,105438.6484375,102507.7109375,104713.2109375,22543395879,BTC-USD,2026-04-10 21:05:39.940207
2025-01-27,102087.6875,103214.109375,97795.9375,102680.3046875,89006608428,BTC-USD,2026-04-10 21:05:39.940207
2025-01-28,101332.4765625,103730.8203125,100238.1875,102095.4140625,47180685494,BTC-USD,2026-04-10 21:05:39.940207
2025-01-29,103703.2109375,104750.8046875,101283.8203125,101317.5234375,47432049818,BTC-USD,2026-04-10 21:05:39.940207
2025-01-30,104735.3046875,106418.765625,103321.6484375,103709.3359375,41915744521,BTC-USD,2026-04-10 21:05:39.940207
2025-01-31,102405.0234375,106026.3515625,101543.8828125,104737.5625,45732764360,BTC-USD,2026-04-10 21:05:39.940207
2025-02-01,100655.90625,102755.7265625,100297.7109375,102402.796875,27757944848,BTC-USD,2026-04-10 21:05:39.940207
2025-02-02,97688.9765625,101430.6640625,96216.078125,100661.5390625,63091816853,BTC-USD,2026-04-10 21:05:39.940207
2025-02-03,101405.421875,102514.171875,91242.890625,97681.1015625,115400897748,BTC-USD,2026-04-10 21:05:39.940207
2025-02-04,97871.8203125,101745.6171875,96208.109375,101398.71875,73002130211,BTC-USD,2026-04-10 21:05:39.940207
2025-02-05,96615.4453125,99113.2109375,96174.828125,97878.0078125,49125911241,BTC-USD,2026-04-10 21:05:39.940207
2025-02-06,96593.296875,99168.609375,95707.3515625,96610.640625,45302471947,BTC-USD,2026-04-10 21:05:39.940207
2025-02-07,96529.0859375,100154.140625,95653.8828125,96581.3203125,55741290456,BTC-USD,2026-04-10 21:05:39.940207
2025-02-08,96482.453125,96877.8046875,95702.4921875,96533.2578125,22447526395,BTC-USD,2026-04-10 21:05:39.940207
2025-02-09,96500.09375,97325.28125,94745.2578125,96481.3125,27732901800,BTC-USD,2026-04-10 21:05:39.940207
2025-02-10,97437.5546875,98333.21875,95320.84375,96499.4609375,40078962391,BTC-USD,2026-04-10 21:05:39.940207
2025-02-11,95747.4296875,98492.8984375,94875.0390625,97438.1328125,37488783272,BTC-USD,2026-04-10 21:05:39.940207
2025-02-12,97885.859375,98151.0234375,94101.203125,95745.6953125,49340445530,BTC-USD,2026-04-10 21:05:39.940207
2025-02-13,96623.8671875,98111.0859375,95269.7109375,97888.75,37147280860,BTC-USD,2026-04-10 21:05:39.940207
2025-02-14,97508.96875,98819.46875,96342.8046875,96623.3671875,32697987277,BTC-USD,2026-04-10 21:05:39.940207
2025-02-15,97580.3515625,97975.0390625,97240.1953125,97508.3828125,17047266288,BTC-USD,2026-04-10 21:05:39.940207
2025-02-16,96175.03125,97725.59375,96060.9765625,97580.4921875,16536755396,BTC-USD,2026-04-10 21:05:39.940207
2025-02-17,95773.3828125,97032.234375,95243.546875,96179.0078125,27336550690,BTC-USD,2026-04-10 21:05:39.940207
2025-02-18,95539.546875,96695.375,93388.8359375,95773.8125,37325720482,BTC-USD,2026-04-10 21:05:39.940207
2025-02-19,96635.609375,96855.59375,95011.96875,95532.53125,28990872862,BTC-USD,2026-04-10 21:05:39.940207
2025-02-20,98333.9375,98767.1953125,96442.671875,96632.6796875,31668022771,BTC-USD,2026-04-10 21:05:39.940207
2025-02-21,96125.546875,99497.96875,94852.9609375,98340.671875,49608706470,BTC-USD,2026-04-10 21:05:39.940207
2025-02-22,96577.7578125,96950.15625,95765.34375,96134.203125,18353824477,BTC-USD,2026-04-10 21:05:39.940207
2025-02-23,96273.921875,96671.875,95270.453125,96577.8046875,16999478976,BTC-USD,2026-04-10 21:05:39.940207
2025-02-24,91418.171875,96503.453125,91371.7421875,96277.9609375,44046480529,BTC-USD,2026-04-10 21:05:39.940207
2025-02-25,88736.171875,92511.078125,86008.234375,91437.1171875,92139104128,BTC-USD,2026-04-10 21:05:39.940207
2025-02-26,84347.0234375,89286.25,82131.8984375,88638.890625,64597492134,BTC-USD,2026-04-10 21:05:39.940207
2025-02-27,84704.2265625,87000.78125,83144.9609375,84076.859375,52659591954,BTC-USD,2026-04-10 21:05:39.940207
2025-02-28,84373.0078125,85036.3203125,78248.9140625,84705.625,83610570576,BTC-USD,2026-04-10 21:05:39.940207
2025-03-01,86031.9140625,86522.3046875,83794.234375,84373.8671875,29190628396,BTC-USD,2026-04-10 21:05:39.940207
2025-03-02,94248.3515625,95043.4375,85040.2109375,86036.2578125,58398341092,BTC-USD,2026-04-10 21:05:39.940207
2025-03-03,86065.671875,94429.75,85081.3046875,94248.421875,70072228536,BTC-USD,2026-04-10 21:05:39.940207
2025-03-04,87222.1953125,88911.2734375,81529.2421875,86064.0703125,68095241474,BTC-USD,2026-04-10 21:05:39.940207
2025-03-05,90623.5625,90998.2421875,86379.7734375,87222.953125,50498988027,BTC-USD,2026-04-10 21:05:39.940207
2025-03-06,89961.7265625,92804.9375,87852.140625,90622.359375,47749810486,BTC-USD,2026-04-10 21:05:39.940207
2025-03-07,86742.671875,91191.046875,84717.6796875,89963.28125,65945677657,BTC-USD,2026-04-10 21:05:39.940207
2025-03-08,86154.59375,86847.265625,85247.484375,86742.65625,18206118081,BTC-USD,2026-04-10 21:05:39.940207
2025-03-09,80601.0390625,86471.1328125,80052.484375,86154.3046875,30899345977,BTC-USD,2026-04-10 21:05:39.940207
2025-03-10,78532,83955.9296875,77420.59375,80597.1484375,54061099422,BTC-USD,2026-04-10 21:05:39.940207
2025-03-11,82862.2109375,83577.7578125,76624.25,78523.875,54702837196,BTC-USD,2026-04-10 21:05:39.940207
2025-03-12,83722.359375,84358.578125,80635.25,82857.375,40353484454,BTC-USD,2026-04-10 21:05:39.940207
2025-03-13,81066.703125,84301.6953125,79931.8515625,83724.921875,31412940153,BTC-USD,2026-04-10 21:05:39.940207
2025-03-14,83969.1015625,85263.2890625,80797.5625,81066.9921875,29588112414,BTC-USD,2026-04-10 21:05:39.940207
2025-03-15,84343.109375,84672.671875,83639.59375,83968.40625,13650491277,BTC-USD,2026-04-10 21:05:39.940207
2025-03-16,82579.6875,85051.6015625,82017.90625,84333.3203125,21330270174,BTC-USD,2026-04-10 21:05:39.940207
2025-03-17,84075.6875,84725.328125,82492.15625,82576.3359375,25092785558,BTC-USD,2026-04-10 21:05:39.940207
2025-03-18,82718.5,84075.71875,81179.9921875,84075.71875,24095774594,BTC-USD,2026-04-10 21:05:39.940207
2025-03-19,86854.2265625,87021.1875,82569.7265625,82718.8046875,34931960257,BTC-USD,2026-04-10 21:05:39.940207
2025-03-20,84167.1953125,87443.265625,83647.1953125,86872.953125,29028988961,BTC-USD,2026-04-10 21:05:39.940207
2025-03-21,84043.2421875,84782.2734375,83171.0703125,84164.5390625,19030452299,BTC-USD,2026-04-10 21:05:39.940207
2025-03-22,83832.484375,84513.875,83674.78125,84046.2578125,9863214091,BTC-USD,2026-04-10 21:05:39.940207
2025-03-23,86054.375,86094.78125,83794.9140625,83831.8984375,12594615537,BTC-USD,2026-04-10 21:05:39.940207
2025-03-24,87498.9140625,88758.7265625,85541.1953125,86070.9296875,34582604933,BTC-USD,2026-04-10 21:05:39.940207
2025-03-25,87471.703125,88542.3984375,86346.078125,87512.8203125,30005840049,BTC-USD,2026-04-10 21:05:39.940207
2025-03-26,86900.8828125,88292.15625,85861.453125,87460.234375,26704046038,BTC-USD,2026-04-10 21:05:39.940207
2025-03-27,87177.1015625,87786.7265625,85837.9375,86896.2578125,24413471941,BTC-USD,2026-04-10 21:05:39.940207
2025-03-28,84353.1484375,87489.859375,83557.640625,87185.234375,34198619509,BTC-USD,2026-04-10 21:05:39.940207
2025-03-29,82597.5859375,84567.3359375,81634.140625,84352.0703125,16969396135,BTC-USD,2026-04-10 21:05:39.940207
2025-03-30,82334.5234375,83505,81573.25,82596.984375,14763760943,BTC-USD,2026-04-10 21:05:39.940207
2025-03-31,82548.9140625,83870.125,81293.890625,82336.0625,29004228247,BTC-USD,2026-04-10 21:05:39.940207
2025-04-01,85169.171875,85487.3671875,82429.359375,82551.921875,28175650319,BTC-USD,2026-04-10 21:05:39.940207
2025-04-02,82485.7109375,88466.953125,82343.5390625,85180.609375,47584398470,BTC-USD,2026-04-10 21:05:39.940207
2025-04-03,83102.828125,83909.296875,81282.1015625,82487.4765625,36852112080,BTC-USD,2026-04-10 21:05:39.940207
2025-04-04,83843.8046875,84696.1484375,81670.75,83100.25,45157640207,BTC-USD,2026-04-10 21:05:39.940207
2025-04-05,83504.796875,84207.015625,82377.734375,83844.703125,14380803631,BTC-USD,2026-04-10 21:05:39.940207
2025-04-06,78214.484375,83704.71875,77097.7421875,83504.5078125,36294853736,BTC-USD,2026-04-10 21:05:39.940207
2025-04-07,79235.3359375,81119.0625,74436.6796875,78221.3359375,91262424987,BTC-USD,2026-04-10 21:05:39.940207
2025-04-08,76271.953125,80823.890625,76198.0234375,79218.4765625,48314590749,BTC-USD,2026-04-10 21:05:39.940207
2025-04-09,82573.953125,83541,74589.671875,76273.5625,84213627038,BTC-USD,2026-04-10 21:05:39.940207
2025-04-10,79626.140625,82700.9296875,78456.1328125,82565.9765625,44718000633,BTC-USD,2026-04-10 21:05:39.940207
2025-04-11,83404.8359375,84247.4765625,78936.3203125,79625.046875,41656778779,BTC-USD,2026-04-10 21:05:39.940207
2025-04-12,85287.109375,85856.1875,82769.375,83404.515625,24258059104,BTC-USD,2026-04-10 21:05:39.940207
2025-04-13,83684.9765625,86015.1875,83027.0078125,85279.46875,28796984817,BTC-USD,2026-04-10 21:05:39.940207
2025-04-14,84542.390625,85785,83690.640625,83694.5234375,34090769777,BTC-USD,2026-04-10 21:05:39.940207
2025-04-15,83668.9921875,86429.3515625,83598.8203125,84539.6953125,28040322885,BTC-USD,2026-04-10 21:05:39.940207
2025-04-16,84033.8671875,85428.28125,83100.6171875,83674.5078125,29617804112,BTC-USD,2026-04-10 21:05:39.940207
2025-04-17,84895.75,85449.0703125,83749.75,84030.671875,21276866029,BTC-USD,2026-04-10 21:05:39.940207
2025-04-18,84450.8046875,85095.046875,84298.8828125,84900.1875,12728372364,BTC-USD,2026-04-10 21:05:39.940207
2025-04-19,85063.4140625,85597.703125,84353.4609375,84450.8671875,15259300427,BTC-USD,2026-04-10 21:05:39.940207
2025-04-20,85174.3046875,85306.3828125,83976.84375,85066.0703125,14664050812,BTC-USD,2026-04-10 21:05:39.940207
2025-04-21,87518.90625,88460.09375,85143.8359375,85171.5390625,41396190190,BTC-USD,2026-04-10 21:05:39.940207
2025-04-22,93441.890625,93817.3828125,87084.53125,87521.875,55899038456,BTC-USD,2026-04-10 21:05:39.940207
2025-04-23,93699.109375,94535.734375,91962.9609375,93427.5859375,41719568821,BTC-USD,2026-04-10 21:05:39.940207
2025-04-24,93943.796875,94016.1953125,91696.7109375,93692.3984375,31483175315,BTC-USD,2026-04-10 21:05:39.940207
2025-04-25,94720.5,95768.390625,92898.59375,93954.25,40915232364,BTC-USD,2026-04-10 21:05:39.940207
2025-04-26,94646.9296875,95251.359375,93927.25,94714.6484375,17612825123,BTC-USD,2026-04-10 21:05:39.940207
2025-04-27,93754.84375,95301.203125,93665.3984375,94660.90625,18090367764,BTC-USD,2026-04-10 21:05:39.940207
2025-04-28,94978.75,95598.4921875,92860.8046875,93755.3046875,32363449569,BTC-USD,2026-04-10 21:05:39.940207
2025-04-29,94284.7890625,95485.4140625,93796.6328125,94981.859375,25806129921,BTC-USD,2026-04-10 21:05:39.940207
2025-04-30,94207.3125,95249.3203125,92979.640625,94286.46875,28344679831,BTC-USD,2026-04-10 21:05:39.940207
2025-05-01,96492.3359375,97437.9609375,94153.6328125,94212.859375,32875889623,BTC-USD,2026-04-10 21:05:39.940207
2025-05-02,96910.0703125,97905.8984375,96375.9453125,96494.96875,26421924677,BTC-USD,2026-04-10 21:05:39.940207
2025-05-03,95891.796875,96943.8828125,95821.2890625,96904.6328125,15775154889,BTC-USD,2026-04-10 21:05:39.940207
2025-05-04,94315.9765625,96318.921875,94173.4296875,95877.1875,18198688416,BTC-USD,2026-04-10 21:05:39.940207
2025-05-05,94748.0546875,95193.1875,93566.265625,94319.5625,25816260327,BTC-USD,2026-04-10 21:05:39.940207
2025-05-06,96802.4765625,96889.1796875,93399.859375,94748.3828125,26551275827,BTC-USD,2026-04-10 21:05:39.940207
2025-05-07,97032.3203125,97625.8046875,95829.3359375,96800.1953125,76983822462,BTC-USD,2026-04-10 21:05:39.940207
2025-05-08,103241.4609375,103969.5390625,96913.875,97034.25,69895404397,BTC-USD,2026-04-10 21:05:39.940207
2025-05-09,102970.8515625,104297.4921875,102343.09375,103239.125,58198593958,BTC-USD,2026-04-10 21:05:39.940207
2025-05-10,104696.328125,104961.765625,102830.484375,102973.7109375,42276713994,BTC-USD,2026-04-10 21:05:39.940207
2025-05-11,104106.359375,104937.9921875,103364.7421875,104701.0703125,46285517406,BTC-USD,2026-04-10 21:05:39.940207
2025-05-12,102812.953125,105747.453125,100814.40625,104106.9609375,63250475404,BTC-USD,2026-04-10 21:05:39.940207
2025-05-13,104169.8125,104997.421875,101515.09375,102812.4921875,52608876410,BTC-USD,2026-04-10 21:05:39.940207
2025-05-14,103539.4140625,104303.5625,102618.296875,104167.328125,45956071155,BTC-USD,2026-04-10 21:05:39.940207
2025-05-15,103744.640625,104153.6171875,101440.8125,103538.828125,50408241840,BTC-USD,2026-04-10 21:05:39.940207
2025-05-16,103489.2890625,104533.484375,103137.4765625,103735.65625,44386499364,BTC-USD,2026-04-10 21:05:39.940207
2025-05-17,103191.0859375,103716.9453125,102659.1796875,103489.2890625,37898552742,BTC-USD,2026-04-10 21:05:39.940207
2025-05-18,106446.0078125,106597.171875,103142.6015625,103186.953125,49887082058,BTC-USD,2026-04-10 21:05:39.940207
2025-05-19,105606.1796875,107068.71875,102112.6875,106430.53125,61761126647,BTC-USD,2026-04-10 21:05:39.940207
2025-05-20,106791.0859375,107307.1171875,104206.515625,105605.40625,36515726122,BTC-USD,2026-04-10 21:05:39.940207
2025-05-21,109678.078125,110724.4609375,106127.234375,106791.3125,78086364051,BTC-USD,2026-04-10 21:05:39.940207
2025-05-22,111673.28125,111970.171875,109285.0703125,109673.4921875,70157575642,BTC-USD,2026-04-10 21:05:39.940207
2025-05-23,107287.796875,111798.90625,106841.3046875,111679.359375,67548133399,BTC-USD,2026-04-10 21:05:39.940207
2025-05-24,107791.15625,109454.5234375,106895.2890625,107278.5078125,45903627163,BTC-USD,2026-04-10 21:05:39.940207
2025-05-25,109035.390625,109313.3046875,106683.375,107802.2734375,47518041841,BTC-USD,2026-04-10 21:05:39.940207
2025-05-26,109440.3671875,110376.8828125,108735.640625,109023.78125,45950461571,BTC-USD,2026-04-10 21:05:39.940207
2025-05-27,108994.640625,110744.2109375,107609.5546875,109440.40625,57450176272,BTC-USD,2026-04-10 21:05:39.940207
2025-05-28,107802.328125,109298.2890625,106812.9296875,108992.171875,49155377493,BTC-USD,2026-04-10 21:05:39.940207
2025-05-29,105641.7578125,108910.046875,105374.3984375,107795.5703125,56022752042,BTC-USD,2026-04-10 21:05:39.940207
2025-05-30,103998.5703125,106308.9453125,103685.7890625,105646.2109375,57655287183,BTC-USD,2026-04-10 21:05:39.940207
2025-05-31,104638.09375,104927.1015625,103136.1171875,103994.71875,38997843858,BTC-USD,2026-04-10 21:05:39.940207
2025-06-01,105652.1015625,105884.546875,103826.953125,104637.296875,37397056873,BTC-USD,2026-04-10 21:05:39.940207
2025-06-02,105881.53125,105958.3125,103727.546875,105649.8125,45819706290,BTC-USD,2026-04-10 21:05:39.940207
2025-06-03,105432.46875,106813.578125,104920.84375,105888.4765625,46196508367,BTC-USD,2026-04-10 21:05:39.940207
2025-06-04,104731.984375,105997.6953125,104232.703125,105434.3671875,44544857105,BTC-USD,2026-04-10 21:05:39.940207
2025-06-05,101575.953125,105936.6875,100436.8828125,104750.78125,57479298400,BTC-USD,2026-04-10 21:05:39.940207
2025-06-06,104390.34375,105376.7734375,101169.5703125,101574.3671875,48856653697,BTC-USD,2026-04-10 21:05:39.940207
2025-06-07,105615.625,105972.7578125,103987.3125,104390.6484375,38365033776,BTC-USD,2026-04-10 21:05:39.940207
2025-06-08,105793.6484375,106497.0625,105075.328125,105617.5078125,36626232328,BTC-USD,2026-04-10 21:05:39.940207
2025-06-09,110294.1015625,110561.421875,105400.234375,105793.0234375,55903193732,BTC-USD,2026-04-10 21:05:39.940207
2025-06-10,110257.234375,110380.125,108367.7109375,110295.6875,54700101509,BTC-USD,2026-04-10 21:05:39.940207
2025-06-11,108686.625,110384.21875,108086.328125,110261.796875,50842662052,BTC-USD,2026-04-10 21:05:39.940207
2025-06-12,105929.0546875,108780.6953125,105785.6875,108685.9140625,54843867968,BTC-USD,2026-04-10 21:05:39.940207
2025-06-13,106090.96875,106182.546875,102822.0234375,105924.59375,69550440846,BTC-USD,2026-04-10 21:05:39.940207
2025-06-14,105472.40625,106203.7578125,104379.3671875,106108.0859375,38007870453,BTC-USD,2026-04-10 21:05:39.940207
2025-06-15,105552.0234375,106157.1015625,104519.8828125,105464.84375,36744307742,BTC-USD,2026-04-10 21:05:39.940207
2025-06-16,106796.7578125,108915.375,104997.625,105555.59375,50366626945,BTC-USD,2026-04-10 21:05:39.940207
2025-06-17,104601.1171875,107750.1953125,103396.53125,106794.1171875,55964092176,BTC-USD,2026-04-10 21:05:39.940207
2025-06-18,104883.328125,105581.8515625,103602.265625,104602.0703125,47318089133,BTC-USD,2026-04-10 21:05:39.940207
2025-06-19,104684.2890625,105250.890625,103940.7734375,104886.7734375,37333806920,BTC-USD,2026-04-10 21:05:39.940207
2025-06-20,103309.6015625,106539.3828125,102372.2109375,104681.03125,50951862476,BTC-USD,2026-04-10 21:05:39.940207
2025-06-21,102257.40625,104015.78125,100973.0625,103315.078125,38360555118,BTC-USD,2026-04-10 21:05:39.940207
2025-06-22,100987.140625,103351.6328125,98286.203125,102212.03125,65536997201,BTC-USD,2026-04-10 21:05:39.940207
2025-06-23,105577.7734375,106116.859375,99705.75,100987.4765625,65237759656,BTC-USD,2026-04-10 21:05:39.940207
2025-06-24,106045.6328125,106316.828125,104740.2421875,105571.515625,48822986421,BTC-USD,2026-04-10 21:05:39.940207
2025-06-25,107361.2578125,108168.3984375,105881.390625,106047.40625,51624120283,BTC-USD,2026-04-10 21:05:39.940207
2025-06-26,106960,108305.546875,106666.3515625,107375.0703125,43891990613,BTC-USD,2026-04-10 21:05:39.940207
2025-06-27,107088.4296875,107772.46875,106449.9921875,106954.921875,45353692675,BTC-USD,2026-04-10 21:05:39.940207
2025-06-28,107327.703125,107567.8828125,106883.9765625,107090.546875,30037708335,BTC-USD,2026-04-10 21:05:39.940207
2025-06-29,108385.5703125,108526.3046875,107230.109375,107327.8203125,35534874438,BTC-USD,2026-04-10 21:05:39.940207
2025-06-30,107135.3359375,108798.7890625,106759.6484375,108383.4375,42064804590,BTC-USD,2026-04-10 21:05:39.940207
2025-07-01,105698.28125,107550.6796875,105270.2265625,107144.3828125,44110692247,BTC-USD,2026-04-10 21:05:39.940207
2025-07-02,108859.3203125,109763.65625,105157.3984375,105703.1015625,56248657737,BTC-USD,2026-04-10 21:05:39.940207
2025-07-03,109647.9765625,110541.4609375,108605.796875,108845.015625,50494742270,BTC-USD,2026-04-10 21:05:39.940207
2025-07-04,108034.3359375,109751.984375,107296.3828125,109635.65625,42616442656,BTC-USD,2026-04-10 21:05:39.940207
2025-07-05,108231.1796875,108381.34375,107842.2734375,108015.8359375,30615537520,BTC-USD,2026-04-10 21:05:39.940207
2025-07-06,109232.0703125,109731.625,107847.015625,108231.1875,36746020463,BTC-USD,2026-04-10 21:05:39.940207
2025-07-07,108299.8515625,109710.25,107527.0546875,109235.328125,45415696597,BTC-USD,2026-04-10 21:05:39.940207
2025-07-08,108950.2734375,109198.96875,107499.5546875,108298.2265625,44282204127,BTC-USD,2026-04-10 21:05:39.940207
2025-07-09,111326.5546875,111925.375,108357.6796875,108950.2734375,57927418065,BTC-USD,2026-04-10 21:05:39.940207
2025-07-10,115987.203125,116608.78125,110660.75,111329.1953125,95911605728,BTC-USD,2026-04-10 21:05:39.940207
2025-07-11,117516.9921875,118856.4765625,115245.6875,115986.234375,86928361085,BTC-USD,2026-04-10 21:05:39.940207
2025-07-12,117435.2265625,118219.8984375,116977.0234375,117530.7109375,45524560304,BTC-USD,2026-04-10 21:05:39.940207
2025-07-13,119116.1171875,119449.5703125,117265.4375,117432.203125,49021091807,BTC-USD,2026-04-10 21:05:39.940207
2025-07-14,119849.703125,123091.609375,118959.1953125,119115.7890625,181746419401,BTC-USD,2026-04-10 21:05:39.940207
2025-07-15,117777.1875,119935.5625,115765.6875,119853.8515625,98321661181,BTC-USD,2026-04-10 21:05:39.940207
2025-07-16,118738.5078125,120065.515625,117064.8203125,117777.1875,72162029070,BTC-USD,2026-04-10 21:05:39.940207
2025-07-17,119289.84375,120999.609375,117508.21875,118738.5078125,72363841798,BTC-USD,2026-04-10 21:05:39.940207
2025-07-18,118003.2265625,120851.9140625,116925.984375,119284.109375,77945799785,BTC-USD,2026-04-10 21:05:39.940207
2025-07-19,117939.9765625,118541.3984375,117388.4140625,117998.125,47564562765,BTC-USD,2026-04-10 21:05:39.940207
2025-07-20,117300.7890625,118865.03125,116550.1328125,117944.109375,57515447231,BTC-USD,2026-04-10 21:05:39.940207
2025-07-21,117439.5390625,119671.5625,116584.3984375,117306.46875,69820091744,BTC-USD,2026-04-10 21:05:39.940207
2025-07-22,119995.4140625,120269.96875,116233.2265625,117426.5,79217583118,BTC-USD,2026-04-10 21:05:39.940207
2025-07-23,118754.9609375,120113.3515625,117391.390625,119997.4453125,66608604537,BTC-USD,2026-04-10 21:05:39.940207
2025-07-24,118368,119535.453125,117247.96875,118770.984375,72627318560,BTC-USD,2026-04-10 21:05:39.940207
2025-07-25,117635.8828125,118486.9765625,114759.8203125,118368,104857024569,BTC-USD,2026-04-10 21:05:39.940207
2025-07-26,117947.3671875,118335.6875,117181.2265625,117644.84375,48508954046,BTC-USD,2026-04-10 21:05:39.940207
2025-07-27,119448.4921875,119815.59375,117859.6875,117944.7265625,54683390892,BTC-USD,2026-04-10 21:05:39.940207
2025-07-28,117924.4765625,119819.7890625,117441.4375,119457.5234375,64822943193,BTC-USD,2026-04-10 21:05:39.940207
2025-07-29,117922.1484375,119273.8671875,116987.3671875,117938.5859375,68463107433,BTC-USD,2026-04-10 21:05:39.940207
2025-07-30,117831.1875,118780.7265625,115800.828125,117921.9921875,68896148592,BTC-USD,2026-04-10 21:05:39.940207
2025-07-31,115758.203125,118919.984375,115505.21875,117833.6328125,69370346018,BTC-USD,2026-04-10 21:05:39.940207
2025-08-01,113320.0859375,116060.7734375,112724.4453125,115738.953125,91294530181,BTC-USD,2026-04-10 21:05:39.940207
2025-08-02,112526.9140625,114021.6015625,112005.765625,113320.390625,56870866000,BTC-USD,2026-04-10 21:05:39.940207
2025-08-03,114217.671875,114747.421875,111943.8046875,112525.8046875,48099615826,BTC-USD,2026-04-10 21:05:39.940207
2025-08-04,115071.8828125,115729.46875,114130.40625,114223.921875,35783028986,BTC-USD,2026-04-10 21:05:39.940207
2025-08-05,114141.4453125,115117.4375,112701.109375,115072.1875,61039182286,BTC-USD,2026-04-10 21:05:39.940207
2025-08-06,115028,115737.8359375,113372.25,114140.9140625,56379133510,BTC-USD,2026-04-10 21:05:39.940207
2025-08-07,117496.8984375,117676.90625,114279.7109375,115030.0546875,64051649681,BTC-USD,2026-04-10 21:05:39.940207
2025-08-08,116688.7265625,117689.203125,115917.4609375,117505.5,59713005166,BTC-USD,2026-04-10 21:05:39.940207
2025-08-09,116500.359375,117906.609375,116363.8359375,116678.2734375,54004312429,BTC-USD,2026-04-10 21:05:39.940207
2025-08-10,119306.7578125,119320.7109375,116485.1640625,116497.71875,64755458694,BTC-USD,2026-04-10 21:05:39.940207
2025-08-11,118731.4453125,122321.09375,118159.03125,119306.8125,90528784177,BTC-USD,2026-04-10 21:05:39.940207
2025-08-12,120172.90625,120302.46875,118228.71875,118717.6640625,72803657984,BTC-USD,2026-04-10 21:05:39.940207
2025-08-13,123344.0625,123682.453125,118939.6328125,120168.9765625,90904808795,BTC-USD,2026-04-10 21:05:39.940207
2025-08-14,118359.578125,124457.1171875,117254.8828125,123339.3984375,104055627395,BTC-USD,2026-04-10 21:05:39.940207
2025-08-15,117398.3515625,119332.3125,116864.5703125,118365.78125,68665353159,BTC-USD,2026-04-10 21:05:39.940207
2025-08-16,117491.3515625,117996.0625,117271.953125,117398.421875,48036922378,BTC-USD,2026-04-10 21:05:39.940207
2025-08-17,117453.0625,118595.7734375,117279.5234375,117492.7890625,45852169525,BTC-USD,2026-04-10 21:05:39.940207
2025-08-18,116252.3125,117614.171875,114723.6796875,117453.90625,72787808090,BTC-USD,2026-04-10 21:05:39.940207
2025-08-19,112831.1796875,116764.5,112730.3984375,116241.859375,71657600353,BTC-USD,2026-04-10 21:05:39.940207
2025-08-20,114274.7421875,114625.796875,112387.9609375,112828.0234375,67993811526,BTC-USD,2026-04-10 21:05:39.940207
2025-08-21,112419.03125,114802.6484375,111986.234375,114275.6875,57817883700,BTC-USD,2026-04-10 21:05:39.940207
2025-08-22,116874.0859375,117377.3984375,111678.9453125,112433.734375,82528088240,BTC-USD,2026-04-10 21:05:39.940207
2025-08-23,115374.328125,116996.25,114536.109375,116866.3671875,55377142586,BTC-USD,2026-04-10 21:05:39.940207
2025-08-24,113458.4296875,115615.0859375,111060.546875,115387.390625,73961489632,BTC-USD,2026-04-10 21:05:39.940207
2025-08-25,110124.3515625,113637.84375,109324.28125,113456.8984375,85706860190,BTC-USD,2026-04-10 21:05:39.940207
2025-08-26,111802.65625,112397.015625,108762.0390625,110124.1015625,69396320317,BTC-USD,2026-04-10 21:05:39.940207
2025-08-27,111222.0625,112619.4140625,110398.265625,111795.7109375,62137056409,BTC-USD,2026-04-10 21:05:39.940207
2025-08-28,112544.8046875,113450.078125,110900.921875,111219.0546875,58860155962,BTC-USD,2026-04-10 21:05:39.940207
2025-08-29,108410.8359375,112619.0546875,107559.625,112550.5234375,77843379644,BTC-USD,2026-04-10 21:05:39.940207
2025-08-30,108808.0703125,108929.3515625,107444.4453125,108409.40625,51486264208,BTC-USD,2026-04-10 21:05:39.940207
2025-08-31,108236.7109375,109491,108104.65625,108818.4609375,47986191770,BTC-USD,2026-04-10 21:05:39.940207
2025-09-01,109250.59375,109890.5859375,107271.1796875,108228.75,66870372995,BTC-USD,2026-04-10 21:05:39.940207
2025-09-02,111200.5859375,111748.015625,108454.03125,109243.0703125,74776999491,BTC-USD,2026-04-10 21:05:39.940207
2025-09-03,111723.2109375,112600.2265625,110582.9609375,111190.6953125,61119643565,BTC-USD,2026-04-10 21:05:39.940207
2025-09-04,110723.6015625,112208.328125,109347.2265625,111718.1484375,60131132901,BTC-USD,2026-04-10 21:05:39.940207
2025-09-05,110650.984375,113357.4921875,110233.3984375,110723.015625,60241647677,BTC-USD,2026-04-10 21:05:39.940207
2025-09-06,110224.6953125,111275.015625,110024.0859375,110650.5703125,21500719036,BTC-USD,2026-04-10 21:05:39.940207
2025-09-07,111167.6171875,111591.078125,110211.625,110221.328125,24618007520,BTC-USD,2026-04-10 21:05:39.940207
2025-09-08,112071.4296875,112869.234375,110630.609375,111163.015625,40212813407,BTC-USD,2026-04-10 21:05:39.940207
2025-09-09,111530.546875,113225.4375,110776.703125,112077.578125,45984480722,BTC-USD,2026-04-10 21:05:39.940207
2025-09-10,113955.359375,114275.25,110940.078125,111531.25,56377473784,BTC-USD,2026-04-10 21:05:39.940207
2025-09-11,115507.5390625,115522.546875,113453.8359375,113961.4296875,45685065332,BTC-USD,2026-04-10 21:05:39.940207
2025-09-12,116101.578125,116769.3828125,114794.484375,115507.7890625,54785725894,BTC-USD,2026-04-10 21:05:39.940207
2025-09-13,115950.5078125,116334.6328125,115248.2734375,116093.5625,34549454947,BTC-USD,2026-04-10 21:05:39.940207
2025-09-14,115407.65625,116181.5,115222.3984375,115950.2890625,32798036057,BTC-USD,2026-04-10 21:05:39.940207
2025-09-15,115444.875,116747.8828125,114461.0625,115399.6328125,52937859416,BTC-USD,2026-04-10 21:05:39.940207
2025-09-16,116843.1875,117005.2734375,114813.09375,115423.7578125,45781744593,BTC-USD,2026-04-10 21:05:39.940207
2025-09-17,116468.5078125,117328.609375,114794.9765625,116840.5078125,60528025996,BTC-USD,2026-04-10 21:05:39.940207
2025-09-18,117137.203125,117911.7890625,116188.796875,116461.265625,49457272032,BTC-USD,2026-04-10 21:05:39.940207
2025-09-19,115688.859375,117479.7578125,115141.8203125,117137.671875,38828473971,BTC-USD,2026-04-10 21:05:39.940207
2025-09-20,115721.9609375,116191.1484375,115473.5234375,115691.125,22864449614,BTC-USD,2026-04-10 21:05:39.940207
2025-09-21,115306.09375,115901.0859375,115252.578125,115730.2265625,22495852193,BTC-USD,2026-04-10 21:05:39.940207
2025-09-22,112748.5078125,115431.3125,112037.6484375,115309.21875,70684158591,BTC-USD,2026-04-10 21:05:39.940207
2025-09-23,112014.5,113351.9140625,111535.5703125,112757.4765625,47211853279,BTC-USD,2026-04-10 21:05:39.940207
2025-09-24,113328.6328125,113986.2734375,111229.640625,112007.6640625,48044595085,BTC-USD,2026-04-10 21:05:39.940207
2025-09-25,109049.2890625,113541.0859375,108713.3984375,113330.1640625,75528654284,BTC-USD,2026-04-10 21:05:39.940207
2025-09-26,109712.828125,110359.1953125,108728.9765625,109041.296875,57738288949,BTC-USD,2026-04-10 21:05:39.940207
2025-09-27,109681.9453125,109778.5,109144.296875,109707.140625,26308042910,BTC-USD,2026-04-10 21:05:39.940207
2025-09-28,112122.640625,112375.484375,109236.9453125,109681.9453125,33371048505,BTC-USD,2026-04-10 21:05:39.940207
2025-09-29,114400.3828125,114473.5703125,111589.953125,112117.875,60000147466,BTC-USD,2026-04-10 21:05:39.940207
2025-09-30,114056.0859375,114836.6171875,112740.5625,114396.5234375,58986330258,BTC-USD,2026-04-10 21:05:39.940207
2025-10-01,118648.9296875,118648.9296875,113981.3984375,114057.59375,71328680132,BTC-USD,2026-04-10 21:05:39.940207
2025-10-02,120681.2578125,121086.40625,118383.15625,118652.3828125,71415163912,BTC-USD,2026-04-10 21:05:39.940207
2025-10-03,122266.53125,123944.703125,119344.3125,120656.984375,83941392228,BTC-USD,2026-04-10 21:05:39.940207
2025-10-04,122425.4296875,122857.640625,121577.5703125,122267.46875,36769171735,BTC-USD,2026-04-10 21:05:39.940207
2025-10-05,123513.4765625,125559.2109375,122191.9609375,122419.671875,73689317763,BTC-USD,2026-04-10 21:05:39.940207
2025-10-06,124752.53125,126198.0703125,123196.046875,123510.453125,72568881188,BTC-USD,2026-04-10 21:05:39.940207
2025-10-07,121451.3828125,125184.0234375,120681.96875,124752.140625,76149412513,BTC-USD,2026-04-10 21:05:39.940207
2025-10-08,123354.8671875,124167.09375,121119.1796875,121448.3515625,65354305286,BTC-USD,2026-04-10 21:05:39.940207
2025-10-09,121705.5859375,123739.34375,119812.03125,123337.0703125,74653009425,BTC-USD,2026-04-10 21:05:39.940207
2025-10-10,113214.3671875,122509.6640625,104582.4140625,121704.7421875,153125018868,BTC-USD,2026-04-10 21:05:39.940207
2025-10-11,110807.8828125,113429.7265625,109760.5625,113236.4296875,110236934340,BTC-USD,2026-04-10 21:05:39.940207
2025-10-12,115169.765625,115805.0625,109715.5390625,110811.515625,93710414091,BTC-USD,2026-04-10 21:05:39.940207
2025-10-13,115271.078125,116020.484375,113821.1875,115161.6796875,71582026739,BTC-USD,2026-04-10 21:05:39.940207
2025-10-14,113118.6640625,115502.8828125,110029.484375,115264.8828125,92212917403,BTC-USD,2026-04-10 21:05:39.940207
2025-10-15,110783.1640625,113622.3828125,110235.8359375,113113.96875,72574132855,BTC-USD,2026-04-10 21:05:39.940207
2025-10-16,108186.0390625,111990.8125,107537.03125,110782.171875,87306423067,BTC-USD,2026-04-10 21:05:39.940207
2025-10-17,106467.7890625,109235.8046875,103598.4296875,108179.1328125,99703051669,BTC-USD,2026-04-10 21:05:39.940207
2025-10-18,107198.265625,107490.984375,106387.453125,106483.734375,37779905278,BTC-USD,2026-04-10 21:05:39.940207
2025-10-19,108666.7109375,109488.9921875,106157.7890625,107204.3125,47657008953,BTC-USD,2026-04-10 21:05:39.940207
2025-10-20,110588.9296875,111711.03125,107485.015625,108667.4453125,63507793085,BTC-USD,2026-04-10 21:05:39.940207
2025-10-21,108476.890625,113996.34375,107534.75,110587.6328125,101194375480,BTC-USD,2026-04-10 21:05:39.940207
2025-10-22,107688.5859375,109115.1328125,106778,108491.53125,80807013218,BTC-USD,2026-04-10 21:05:39.940207
2025-10-23,110069.7265625,111288.59375,107548.4296875,107679.4375,54944076060,BTC-USD,2026-04-10 21:05:39.940207
2025-10-24,111033.921875,111842.53125,109770.1484375,110069.3515625,48160816980,BTC-USD,2026-04-10 21:05:39.940207
2025-10-25,111641.7265625,111947.703125,110704.40625,111032.6171875,24707667305,BTC-USD,2026-04-10 21:05:39.940207
2025-10-26,114472.4453125,115260.90625,111268.484375,111639.0546875,41708524143,BTC-USD,2026-04-10 21:05:39.940207
2025-10-27,114119.328125,116273.3125,113882.2890625,114479.8515625,61761358733,BTC-USD,2026-04-10 21:05:39.940207
2025-10-28,112956.1640625,116078.984375,112291.6796875,114129.0859375,64528066504,BTC-USD,2026-04-10 21:05:39.940207
2025-10-29,110055.3046875,113642.7265625,109368.71875,112921.328125,62192043469,BTC-USD,2026-04-10 21:05:39.940207
2025-10-30,108305.546875,111612.3515625,106376.6875,110059.1953125,69673964814,BTC-USD,2026-04-10 21:05:39.940207
2025-10-31,109556.1640625,111031.8203125,108288.2734375,108304.4140625,60090359560,BTC-USD,2026-04-10 21:05:39.940207
2025-11-01,110064.015625,110574.8984375,109372.953125,109558.625,25871668762,BTC-USD,2026-04-10 21:05:39.940207
2025-11-02,110639.625,111167.3125,109523.453125,110064.4296875,34284209459,BTC-USD,2026-04-10 21:05:39.940207
2025-11-03,106547.5234375,110764.9140625,105336.359375,110646.90625,72852006359,BTC-USD,2026-04-10 21:05:39.940207
2025-11-04,101590.5234375,107264.8828125,98962.0625,106541.421875,110967184773,BTC-USD,2026-04-10 21:05:39.940207
2025-11-05,103891.8359375,104534.703125,98989.9140625,101579.234375,77584934804,BTC-USD,2026-04-10 21:05:39.940207
2025-11-06,101301.2890625,104147.3046875,100336.8671875,103893.6640625,63932752861,BTC-USD,2026-04-10 21:05:39.940207
2025-11-07,103372.40625,104052.9140625,99257.0546875,101286.2421875,92168030081,BTC-USD,2026-04-10 21:05:39.940207
2025-11-08,102282.1171875,103373.5625,101458.0390625,103371.703125,51446691095,BTC-USD,2026-04-10 21:05:39.940207
2025-11-09,104719.640625,105418.3671875,101468.875,102278.984375,59679243013,BTC-USD,2026-04-10 21:05:39.940207
2025-11-10,105996.59375,106564.6953125,104350.6484375,104723.7734375,69585887229,BTC-USD,2026-04-10 21:05:39.940207
2025-11-11,102997.46875,107428.2578125,102457.328125,105996.859375,71130078574,BTC-USD,2026-04-10 21:05:39.940207
2025-11-12,101663.1875,105297.234375,100836.6171875,103011.4375,64347179408,BTC-USD,2026-04-10 21:05:39.940207
2025-11-13,99697.4921875,104005.4921875,97988.71875,101674.1484375,101546815416,BTC-USD,2026-04-10 21:05:39.940207
2025-11-14,94397.7890625,99804.4296875,94000.734375,99694.703125,114346441890,BTC-USD,2026-04-10 21:05:39.940207
2025-11-15,95549.1484375,96728.46875,94420.46875,94420.46875,38500716654,BTC-USD,2026-04-10 21:05:39.940207
2025-11-16,94177.078125,96564.1875,92971.1640625,95556.8671875,71086235862,BTC-USD,2026-04-10 21:05:39.940207
2025-11-17,92093.875,95928.3671875,91214.7578125,94180.875,94186165724,BTC-USD,2026-04-10 21:05:39.940207
2025-11-18,92948.875,93745.078125,89300.4609375,92094.53125,101333569062,BTC-USD,2026-04-10 21:05:39.940207
2025-11-19,91465.9921875,92946.1640625,88526.828125,92946.1640625,80350354656,BTC-USD,2026-04-10 21:05:39.940207
2025-11-20,86631.8984375,93025.0703125,86040.796875,91459.3515625,97970645638,BTC-USD,2026-04-10 21:05:39.940207
2025-11-21,85090.6875,87380.8046875,80659.8125,86528.7734375,129157506112,BTC-USD,2026-04-10 21:05:39.940207
2025-11-22,84648.359375,85503.0078125,83490.8984375,85098.5625,40793099246,BTC-USD,2026-04-10 21:05:39.940207
2025-11-23,86805.0078125,88038.46875,84641.7734375,84648.609375,58083435576,BTC-USD,2026-04-10 21:05:39.940207
2025-11-24,88270.5625,89206.3359375,85272.1953125,86798.7734375,74433896110,BTC-USD,2026-04-10 21:05:39.940207
2025-11-25,87341.890625,88457.3359375,86131.4296875,88269.9609375,64837343545,BTC-USD,2026-04-10 21:05:39.940207
2025-11-26,90518.3671875,90581.15625,86316.8984375,87345.5859375,66496301869,BTC-USD,2026-04-10 21:05:39.940207
2025-11-27,91285.375,91897.578125,90089.515625,90517.765625,57040622845,BTC-USD,2026-04-10 21:05:39.940207
2025-11-28,90919.265625,92969.0859375,90257.1171875,91285.3828125,60895830289,BTC-USD,2026-04-10 21:05:39.940207
2025-11-29,90851.7578125,91187.6171875,90260.1875,90918.7421875,37921773455,BTC-USD,2026-04-10 21:05:39.940207
2025-11-30,90394.3125,91965.046875,90394.3125,90838.2109375,38497902869,BTC-USD,2026-04-10 21:05:39.940207
2025-12-01,86321.5703125,90398.15625,83862.25,90389.109375,87962894424,BTC-USD,2026-04-10 21:05:39.940207
2025-12-02,91350.203125,92316.6328125,86202.1953125,86322.5390625,78546798211,BTC-USD,2026-04-10 21:05:39.940207
2025-12-03,93527.8046875,94060.7734375,91056.390625,91345.09375,77650204986,BTC-USD,2026-04-10 21:05:39.940207
2025-12-04,92141.625,94038.2421875,90976.1015625,93454.2578125,64538402681,BTC-USD,2026-04-10 21:05:39.940207
2025-12-05,89387.7578125,92702.640625,88152.140625,92133.6484375,63256398633,BTC-USD,2026-04-10 21:05:39.940207
2025-12-06,89272.375,90267.4609375,88951.6640625,89389.359375,37994042405,BTC-USD,2026-04-10 21:05:39.940207
2025-12-07,90405.640625,91740.84375,87799.5625,89277.8125,47394898960,BTC-USD,2026-04-10 21:05:39.940207
2025-12-08,90640.203125,92267.1171875,89644.890625,90424.5859375,57394099056,BTC-USD,2026-04-10 21:05:39.940207
2025-12-09,92691.7109375,94601.5703125,89586.9765625,90639.703125,66861721440,BTC-USD,2026-04-10 21:05:39.940207
2025-12-10,92020.9453125,94477.15625,91640.1328125,92695.234375,65420694513,BTC-USD,2026-04-10 21:05:39.940207
2025-12-11,92511.3359375,93554.265625,89335.296875,92011.3046875,64532834621,BTC-USD,2026-04-10 21:05:39.940207
2025-12-12,90270.4140625,92747.9296875,89532.6015625,92513.6640625,80275884583,BTC-USD,2026-04-10 21:05:39.940207
2025-12-13,90298.7109375,90647.5703125,89800.9921875,90257.796875,64237748110,BTC-USD,2026-04-10 21:05:39.940207
2025-12-14,88175.1796875,90498.109375,87634.9375,90296.4375,50465972205,BTC-USD,2026-04-10 21:05:39.940207
2025-12-15,86419.78125,89983.921875,85304.078125,88171.078125,45559514323,BTC-USD,2026-04-10 21:05:39.940207
2025-12-16,87843.984375,88170.09375,85381.6875,86424.40625,41262178223,BTC-USD,2026-04-10 21:05:39.940207
2025-12-17,86143.7578125,90264.5703125,85316.265625,87847.6171875,44243392914,BTC-USD,2026-04-10 21:05:39.940207
2025-12-18,85462.5078125,89412.6640625,84436.3125,86144.3671875,52667115348,BTC-USD,2026-04-10 21:05:39.940207
2025-12-19,88103.3828125,89339.1171875,85107.6640625,85476.1328125,46733310561,BTC-USD,2026-04-10 21:05:39.940207
2025-12-20,88344,88497.203125,87924.875,88101.671875,14688196659,BTC-USD,2026-04-10 21:05:39.940207
2025-12-21,88621.75,89027.953125,87613.203125,88344.703125,19845522660,BTC-USD,2026-04-10 21:05:39.940207
2025-12-22,88490.015625,90501.9296875,87908.0703125,88621.3984375,38047472118,BTC-USD,2026-04-10 21:05:39.940207
2025-12-23,87414,88898.3828125,86606.9765625,88490.03125,43683011533,BTC-USD,2026-04-10 21:05:39.940207
2025-12-24,87611.9609375,87956.8828125,86411.796875,87404.3203125,25550297986,BTC-USD,2026-04-10 21:05:39.940207
2025-12-25,87234.7421875,88501.7890625,86949.2578125,87608.3203125,19953216347,BTC-USD,2026-04-10 21:05:39.940207
2025-12-26,87301.4296875,89459.4296875,86628.140625,87235.5078125,42455674908,BTC-USD,2026-04-10 21:05:39.940207
2025-12-27,87802.15625,87874.78125,87182.9765625,87301.4296875,13741199310,BTC-USD,2026-04-10 21:05:39.940207
2025-12-28,87835.8359375,87986.890625,87394.953125,87799.34375,15156557929,BTC-USD,2026-04-10 21:05:39.940207
2025-12-29,87138.140625,90299.15625,86717.9140625,87835.7890625,48411625849,BTC-USD,2026-04-10 21:05:39.940207
2025-12-30,88430.1328125,89297.9375,86735.546875,87134.3515625,35586356225,BTC-USD,2026-04-10 21:05:39.940207
2025-12-31,87508.828125,89080.2890625,87130.5625,88429.5859375,33830210616,BTC-USD,2026-04-10 21:05:39.940207
2026-01-01,88731.984375,88803.2265625,87399.40625,87508.046875,18849043990,BTC-USD,2026-04-10 21:05:39.940207
2026-01-02,89944.6953125,90884.4609375,88298.6171875,88733.0625,46398906171,BTC-USD,2026-04-10 21:05:39.940207
2026-01-03,90603.1875,90679.5703125,89328.0703125,89945.0546875,20774828592,BTC-USD,2026-04-10 21:05:39.940207
2026-01-04,91413.4921875,91712.5859375,90595.1015625,90603,26770491368,BTC-USD,2026-04-10 21:05:39.940207
2026-01-05,93882.5546875,94762.0703125,91414.625,91414.625,53376407252,BTC-USD,2026-04-10 21:05:39.940207
2026-01-06,93729.03125,94395.296875,91286.546875,93876.9453125,52430605257,BTC-USD,2026-04-10 21:05:39.940207
2026-01-07,91308.0546875,93738.7890625,90601.8046875,93727.46875,43461295053,BTC-USD,2026-04-10 21:05:39.940207
2026-01-08,91027.125,91485.8515625,89233.875,91309.640625,42386697030,BTC-USD,2026-04-10 21:05:39.940207
2026-01-09,90513.1015625,91910.671875,89625.3828125,91026.2734375,38305906684,BTC-USD,2026-04-10 21:05:39.940207
2026-01-10,90386.6484375,90713.03125,90283.3984375,90510.1015625,12385895282,BTC-USD,2026-04-10 21:05:39.940207
2026-01-11,90827.4609375,91155.2265625,90212.0234375,90385.359375,17165568977,BTC-USD,2026-04-10 21:05:39.940207
2026-01-12,91192.9921875,92395.5234375,90055.0234375,90825.859375,41346275358,BTC-USD,2026-04-10 21:05:39.940207
2026-01-13,95321.78125,96011.625,90941.9296875,91185.3359375,54980674354,BTC-USD,2026-04-10 21:05:39.940207
2026-01-14,96929.328125,97860.6015625,94583.046875,95322.90625,60592490863,BTC-USD,2026-04-10 21:05:39.940207
2026-01-15,95551.1875,97150.171875,95103.2421875,96931.2890625,53086363027,BTC-USD,2026-04-10 21:05:39.940207
2026-01-16,95525.1171875,95801.890625,94259.2734375,95554.1015625,33248170537,BTC-USD,2026-04-10 21:05:39.940207
2026-01-17,95099.921875,95598.4765625,95005.6171875,95525.15625,16021715122,BTC-USD,2026-04-10 21:05:39.940207
2026-01-18,93634.4296875,95491.5078125,93588.8671875,95101.1796875,20809781232,BTC-USD,2026-04-10 21:05:39.940207
2026-01-19,92553.59375,93660.828125,92089.25,93655.671875,39195241508,BTC-USD,2026-04-10 21:05:39.940207
2026-01-20,88310.90625,92798.4296875,87814.9296875,92553.6015625,53072968031,BTC-USD,2026-04-10 21:05:39.940207
2026-01-21,89376.9609375,90430.40625,87231.5703125,88326.5078125,56330422434,BTC-USD,2026-04-10 21:05:39.940207
2026-01-22,89462.453125,90258.9609375,88438.4453125,89378.5234375,35549685694,BTC-USD,2026-04-10 21:05:39.940207
2026-01-23,89503.875,91100.25,88486.359375,89462.046875,38997586037,BTC-USD,2026-04-10 21:05:39.940207
2026-01-24,89110.734375,89811.609375,89044.2890625,89506.1484375,14558687712,BTC-USD,2026-04-10 21:05:39.940207
2026-01-25,86572.21875,89193.1484375,86003.7109375,89104.765625,36124986722,BTC-USD,2026-04-10 21:05:39.940207
2026-01-26,88267.140625,88743.0703125,86429.2890625,86566.5234375,45329286974,BTC-USD,2026-04-10 21:05:39.940207
2026-01-27,89102.5703125,89427.125,87228.921875,88257.4765625,38744942267,BTC-USD,2026-04-10 21:05:39.940207
2026-01-28,89184.5703125,90439.2890625,88721.4609375,89104.046875,39807419296,BTC-USD,2026-04-10 21:05:39.940207
2026-01-29,84561.5859375,89200.78125,83250.6015625,89169.8515625,64653083162,BTC-USD,2026-04-10 21:05:39.940207
2026-01-30,84128.65625,84602.1640625,81071.4765625,84562.7265625,72083816087,BTC-USD,2026-04-10 21:05:39.940207
2026-01-31,78621.1171875,84136.921875,75815.8828125,84126.5,70479259159,BTC-USD,2026-04-10 21:05:39.940207
2026-02-01,76974.4453125,79322.609375,75698.8984375,78626.125,53372509744,BTC-USD,2026-04-10 21:05:39.940207
2026-02-02,78688.765625,79258.609375,74551.3359375,76968.875,75140589684,BTC-USD,2026-04-10 21:05:39.940207
2026-02-03,75633.546875,79118.8515625,72897.140625,78693.5078125,68249110822,BTC-USD,2026-04-10 21:05:39.940207
2026-02-04,73019.703125,76864.65625,71779.9296875,75640.09375,67215363944,BTC-USD,2026-04-10 21:05:39.940207
2026-02-05,62702.09765625,73161.5546875,62353.53515625,73016.375,125509410908,BTC-USD,2026-04-10 21:05:39.940207
2026-02-06,70555.390625,71681.3046875,60074.203125,62704.453125,114674259489,BTC-USD,2026-04-10 21:05:39.940207
2026-02-07,69281.96875,71611.1484375,67364.4453125,70553.796875,62347107663,BTC-USD,2026-04-10 21:05:39.940207
2026-02-08,70264.7265625,72206.90625,68852.8984375,69283.7265625,39721722619,BTC-USD,2026-04-10 21:05:39.940207
2026-02-09,70120.78125,71369.96875,68291.03125,70243.328125,52081598792,BTC-USD,2026-04-10 21:05:39.940207
2026-02-10,68793.9609375,70464.265625,67913.09375,70137.390625,40593063077,BTC-USD,2026-04-10 21:05:39.940207
2026-02-11,66991.96875,69242.6796875,65757.3046875,68791.859375,49671946030,BTC-USD,2026-04-10 21:05:39.940207
2026-02-12,66221.84375,68339.4921875,65092.109375,66992.1953125,44651071271,BTC-USD,2026-04-10 21:05:39.940207
2026-02-13,68857.84375,69382.8359375,65835.78125,66213.375,40820775886,BTC-USD,2026-04-10 21:05:39.940207
2026-02-14,69767.625,70481.1640625,68706.6171875,68856.984375,36012397645,BTC-USD,2026-04-10 21:05:39.940207
2026-02-15,68788.1875,70939.2890625,68052.546875,69764.953125,40191152750,BTC-USD,2026-04-10 21:05:39.940207
2026-02-16,68843.15625,70067.234375,67301.5859375,68782.3984375,33618145426,BTC-USD,2026-04-10 21:05:39.940207
2026-02-17,67494.21875,69201.8671875,66615.28125,68843.09375,34866936040,BTC-USD,2026-04-10 21:05:39.940207
2026-02-18,66425.3203125,68434.4296875,65845.8984375,67488.0234375,33094301643,BTC-USD,2026-04-10 21:05:39.940207
2026-02-19,66957.5234375,67277.125,65637.4296875,66425.625,31492987019,BTC-USD,2026-04-10 21:05:39.940207
2026-02-20,68005.421875,68269.03125,66452.484375,66958.578125,47507867304,BTC-USD,2026-04-10 21:05:39.940207
2026-02-21,68003.765625,68657.703125,67533.0703125,68000.25,18357635642,BTC-USD,2026-04-10 21:05:39.940207
2026-02-22,67659.390625,68235.2265625,67185.6015625,67998.828125,17893536012,BTC-USD,2026-04-10 21:05:39.940207
2026-02-23,64616.73828125,67668.4296875,63924.4375,67668.4296875,50953457309,BTC-USD,2026-04-10 21:05:39.940207
2026-02-24,64080.04296875,64992.15625,62553.1875,64616.015625,40849331086,BTC-USD,2026-04-10 21:05:39.940207
2026-02-25,67960.125,69953.53125,63942.484375,64077.76953125,53629234355,BTC-USD,2026-04-10 21:05:39.940207
2026-02-26,67453.7734375,68843.3515625,66523.734375,67954.8671875,42988597523,BTC-USD,2026-04-10 21:05:39.940207
2026-02-27,65881.796875,68220.40625,64946.03515625,67456.515625,40283655942,BTC-USD,2026-04-10 21:05:39.940207
2026-02-28,66995.859375,67714.5234375,63062.21875,65878.9296875,42041497112,BTC-USD,2026-04-10 21:05:39.940207
2026-03-01,65738.1015625,68162.8203125,65076.73046875,67005.8828125,40733141929,BTC-USD,2026-04-10 21:05:39.940207
2026-03-02,68775.8515625,70044,65303.13671875,65734.078125,56698092052,BTC-USD,2026-04-10 21:05:39.940207
2026-03-03,68293.6484375,69232.890625,66237.6171875,68785.078125,47947999049,BTC-USD,2026-04-10 21:05:39.940207
2026-03-04,72710.578125,74051.8046875,67437.40625,68290.5625,75073101274,BTC-USD,2026-04-10 21:05:39.940207
2026-03-05,70841.125,73555.7890625,70654.8828125,72712.65625,51172841727,BTC-USD,2026-04-10 21:05:39.940207
2026-03-06,68136.4921875,71378.5703125,67757.8203125,70842.15625,43776962871,BTC-USD,2026-04-10 21:05:39.940207
2026-03-07,67272.59375,68515.1640625,66969.2578125,68136.6875,23258701211,BTC-USD,2026-04-10 21:05:39.940207
2026-03-08,65969.78125,68177.7890625,65639.1953125,67272.5,33195080116,BTC-USD,2026-04-10 21:05:39.940207
2026-03-09,68402.3828125,69474.9453125,65858.0078125,65969.5859375,49499875378,BTC-USD,2026-04-10 21:05:39.940207
2026-03-10,69926.921875,71770.8984375,68402.71875,68402.71875,54003996096,BTC-USD,2026-04-10 21:05:39.940207
2026-03-11,70204.8828125,71337.6640625,68998.8671875,69931.25,45236859848,BTC-USD,2026-04-10 21:05:39.940207
2026-03-12,70493.4609375,70775.828125,69230.15625,70209.765625,40871848129,BTC-USD,2026-04-10 21:05:39.940207
2026-03-13,70968.265625,73927.328125,70410.7265625,70497.046875,61167226505,BTC-USD,2026-04-10 21:05:39.940207
2026-03-14,71214.625,71291.203125,70339.5859375,70965.3828125,22283546496,BTC-USD,2026-04-10 21:05:39.940207
2026-03-15,72789.9140625,73173.0078125,70882.421875,71213.6796875,27991268669,BTC-USD,2026-04-10 21:05:39.940207
2026-03-16,74861.0859375,74901.859375,72300.6328125,72798.171875,55572438409,BTC-USD,2026-04-10 21:05:39.940207
2026-03-17,73922.4765625,75988.3984375,73444.2265625,74855.296875,49500721728,BTC-USD,2026-04-10 21:05:39.940207
2026-03-18,71245.578125,74658.9765625,70503.859375,73936.8515625,46229011155,BTC-USD,2026-04-10 21:05:39.940207
2026-03-19,69912.7890625,71598.84375,68805.5234375,71250.3515625,44631433398,BTC-USD,2026-04-10 21:05:39.940207
2026-03-20,70522.5859375,71346.796875,69398.8828125,69911.53125,38299078407,BTC-USD,2026-04-10 21:05:39.940207
2026-03-21,68711.5234375,71051.2734375,68602.9140625,70522.46875,21109354718,BTC-USD,2026-04-10 21:05:39.940207
2026-03-22,67845.2109375,69561.7734375,67372.875,68737.4453125,30108051508,BTC-USD,2026-04-10 21:05:39.940207
2026-03-23,70914.859375,71782.2578125,67458.84375,67843,51508669357,BTC-USD,2026-04-10 21:05:39.940207
2026-03-24,70517.859375,71371.3046875,68920.6953125,70912.671875,40181522399,BTC-USD,2026-04-10 21:05:39.940207
2026-03-25,71309.8828125,71985.7421875,70383.59375,70520.046875,35409791747,BTC-USD,2026-04-10 21:05:39.940207
2026-03-26,68791.625,71410.390625,68118.3515625,71310.1171875,38962070215,BTC-USD,2026-04-10 21:05:39.940207
2026-03-27,66338.375,69117.53125,65532.5703125,68790.8359375,46483453594,BTC-USD,2026-04-10 21:05:39.940207
2026-03-28,66319.6953125,67232.859375,65906.7421875,66338.5,20924883455,BTC-USD,2026-04-10 21:05:39.940207
2026-03-29,65954.921875,67052.953125,64971.70703125,66319.6953125,21645889785,BTC-USD,2026-04-10 21:05:39.940207
2026-03-30,66691.4453125,68087.2890625,65759.8046875,65958.3515625,37694994180,BTC-USD,2026-04-10 21:05:39.940207
2026-03-31,68233.3125,68495.2734375,65950.4375,66694.5859375,42997691338,BTC-USD,2026-04-10 21:05:39.940207
2026-04-01,68078.5546875,69230.359375,67555.359375,68232.890625,36465393617,BTC-USD,2026-04-10 21:05:39.940207
2026-04-02,66888.5703125,68633.1484375,65725.2578125,68077.8984375,39323384518,BTC-USD,2026-04-10 21:05:39.940207
2026-04-03,66931.1015625,67296.234375,66281.5390625,66889.015625,22815543346,BTC-USD,2026-04-10 21:05:39.940207
2026-04-04,67290.515625,67515.015625,66769.640625,66938.6484375,15878814963,BTC-USD,2026-04-10 21:05:39.940207
2026-04-05,68981.8984375,69087.65625,66610.6328125,67291.1953125,22972648674,BTC-USD,2026-04-10 21:05:39.940207
2026-04-06,68859.828125,70305.421875,68347.078125,68982.9140625,39542143229,BTC-USD,2026-04-10 21:05:39.940207
2024-01-01,2352.327880859375,2352.327880859375,2267.01806640625,2282.870361328125,6906765990,ETH-USD,2026-04-10 21:05:41.018368
2024-01-02,2355.83642578125,2431.21240234375,2348.892333984375,2352.593505859375,12910543630,ETH-USD,2026-04-10 21:05:41.018368
2024-01-03,2210.761962890625,2385.11767578125,2113.92529296875,2355.9814453125,19332933581,ETH-USD,2026-04-10 21:05:41.018368
2024-01-04,2269.0380859375,2294.608154296875,2204.86572265625,2210.529052734375,11044564896,ETH-USD,2026-04-10 21:05:41.018368
2024-01-05,2268.647216796875,2276.7646484375,2209.537109375,2269.409423828125,10860953290,ETH-USD,2026-04-10 21:05:41.018368
2024-01-06,2241.624755859375,2271.359375,2219.781982421875,2269.5400390625,5970741680,ETH-USD,2026-04-10 21:05:41.018368
2024-01-07,2222.865966796875,2257.1279296875,2211.5625,2242.0126953125,6490053615,ETH-USD,2026-04-10 21:05:41.018368
2024-01-08,2333.03271484375,2358.815673828125,2171.99365234375,2222.857666015625,13830287095,ETH-USD,2026-04-10 21:05:41.018368
2024-01-09,2344.8271484375,2369.6416015625,2243.21923828125,2332.8681640625,14891130716,ETH-USD,2026-04-10 21:05:41.018368
2024-01-10,2582.103515625,2626.976806640625,2341.943115234375,2344.923583984375,29042100476,ETH-USD,2026-04-10 21:05:41.018368
2024-01-11,2619.619140625,2687.779052734375,2567.99365234375,2584.171630859375,22575246883,ETH-USD,2026-04-10 21:05:41.018368
2024-01-12,2524.460205078125,2710.421875,2460.925537109375,2619.177001953125,23623839263,ETH-USD,2026-04-10 21:05:41.018368
2024-01-13,2576.597900390625,2589.079833984375,2498.594482421875,2522.933837890625,12250316867,ETH-USD,2026-04-10 21:05:41.018368
2024-01-14,2472.2412109375,2578.332275390625,2470.42431640625,2578.003662109375,9405587417,ETH-USD,2026-04-10 21:05:41.018368
2024-01-15,2511.36376953125,2550.76904296875,2470.82080078125,2471.6669921875,9700630000,ETH-USD,2026-04-10 21:05:41.018368
2024-01-16,2587.691162109375,2613.56689453125,2500.00390625,2510.627197265625,11063317095,ETH-USD,2026-04-10 21:05:41.018368
2024-01-17,2528.369384765625,2592.737060546875,2508.432861328125,2587.044677734375,10441017520,ETH-USD,2026-04-10 21:05:41.018368
2024-01-18,2467.018798828125,2546.263916015625,2426.135498046875,2528.59326171875,11900028080,ETH-USD,2026-04-10 21:05:41.018368
2024-01-19,2489.49853515625,2501.30517578125,2414.7109375,2468.68896484375,11405278376,ETH-USD,2026-04-10 21:05:41.018368
2024-01-20,2469.589111328125,2489.84765625,2456.095703125,2489.84765625,5297826161,ETH-USD,2026-04-10 21:05:41.018368
2024-01-21,2453.9130859375,2479.760498046875,2452.377685546875,2469.798583984375,4578471955,ETH-USD,2026-04-10 21:05:41.018368
2024-01-22,2310.826416015625,2463.447265625,2303.502685546875,2454.9873046875,13923771728,ETH-USD,2026-04-10 21:05:41.018368
2024-01-23,2240.68603515625,2348.03125,2167.282470703125,2310.95166015625,16182147521,ETH-USD,2026-04-10 21:05:41.018368
2024-01-24,2233.561767578125,2261.384521484375,2197.65673828125,2241.749755859375,10134722960,ETH-USD,2026-04-10 21:05:41.018368
2024-01-25,2217.710205078125,2240.380859375,2173.6865234375,2233.969970703125,9302247037,ETH-USD,2026-04-10 21:05:41.018368
2024-01-26,2267.19970703125,2280.3837890625,2196.14013671875,2217.44189453125,9975117607,ETH-USD,2026-04-10 21:05:41.018368
2024-01-27,2267.885986328125,2282.54443359375,2252.38525390625,2267.3193359375,5144367230,ETH-USD,2026-04-10 21:05:41.018368
2024-01-28,2257.208740234375,2306.898681640625,2242.683837890625,2268.19287109375,7296214994,ETH-USD,2026-04-10 21:05:41.018368
2024-01-29,2317.064208984375,2320.02734375,2237.711669921875,2256.995361328125,8948195551,ETH-USD,2026-04-10 21:05:41.018368
2024-01-30,2344.49365234375,2388.87060546875,2298.281982421875,2317.435791015625,10173440062,ETH-USD,2026-04-10 21:05:41.018368
2024-01-31,2282.54443359375,2349.611328125,2264.443603515625,2343.558837890625,10807883277,ETH-USD,2026-04-10 21:05:41.018368
2024-02-01,2303.82470703125,2309.842529296875,2243.57177734375,2282.17529296875,8895583113,ETH-USD,2026-04-10 21:05:41.018368
2024-02-02,2308.0380859375,2323.053466796875,2282.230224609375,2303.7060546875,7186143091,ETH-USD,2026-04-10 21:05:41.018368
2024-02-03,2296.038330078125,2327.346923828125,2293.5380859375,2307.980224609375,4647754021,ETH-USD,2026-04-10 21:05:41.018368
2024-02-04,2289.546142578125,2309.01123046875,2272.304931640625,2296.116943359375,5438100035,ETH-USD,2026-04-10 21:05:41.018368
2024-02-05,2298.888916015625,2334.6767578125,2270.06787109375,2289.20556640625,7277068110,ETH-USD,2026-04-10 21:05:41.018368
2024-02-06,2372.201904296875,2389.826171875,2296.78857421875,2298.955078125,9520885493,ETH-USD,2026-04-10 21:05:41.018368
2024-02-07,2423.7451171875,2442.63623046875,2353.7060546875,2372.2626953125,9660628536,ETH-USD,2026-04-10 21:05:41.018368
2024-02-08,2419.906494140625,2459.556640625,2414.74951171875,2424.080078125,9941841732,ETH-USD,2026-04-10 21:05:41.018368
2024-02-09,2487.515625,2522.724609375,2419.36279296875,2419.773681640625,13634203177,ETH-USD,2026-04-10 21:05:41.018368
2024-02-10,2501.228271484375,2516.7197265625,2475.857666015625,2487.650390625,6474444159,ETH-USD,2026-04-10 21:05:41.018368
2024-02-11,2507.570556640625,2537.67919921875,2495.21435546875,2501.1298828125,7347245813,ETH-USD,2026-04-10 21:05:41.018368
2024-02-12,2658.115966796875,2663.8427734375,2473.81201171875,2507.578857421875,13022696866,ETH-USD,2026-04-10 21:05:41.018368
2024-02-13,2642.185302734375,2686.455078125,2599.16943359375,2659.586181640625,18271237044,ETH-USD,2026-04-10 21:05:41.018368
2024-02-14,2777.90234375,2786.8935546875,2621.025390625,2641.685302734375,21448973822,ETH-USD,2026-04-10 21:05:41.018368
2024-02-15,2824.37890625,2865.845458984375,2764.010498046875,2777.601318359375,23734481937,ETH-USD,2026-04-10 21:05:41.018368
2024-02-16,2803.69140625,2858.450439453125,2760.3310546875,2825.480712890625,17057114638,ETH-USD,2026-04-10 21:05:41.018368
2024-02-17,2786.672607421875,2805.128662109375,2724.386962890625,2803.73583984375,17932379943,ETH-USD,2026-04-10 21:05:41.018368
2024-02-18,2878.998046875,2892.843505859375,2767.9130859375,2786.709716796875,23355830478,ETH-USD,2026-04-10 21:05:41.018368
2024-02-19,2943.57470703125,2983.37060546875,2860.263671875,2881.296875,15163110589,ETH-USD,2026-04-10 21:05:41.018368
2024-02-20,3013.503662109375,3031.5244140625,2879.9033203125,2944.1064453125,20341598470,ETH-USD,2026-04-10 21:05:41.018368
2024-02-21,2970.35546875,3017.1904296875,2875.41845703125,3015.6533203125,18897136867,ETH-USD,2026-04-10 21:05:41.018368
2024-02-22,2971.00732421875,3030.666015625,2907.109375,2969.599853515625,18058908246,ETH-USD,2026-04-10 21:05:41.018368
2024-02-23,2921.658203125,2991.32958984375,2906.583740234375,2970.1396484375,12822717059,ETH-USD,2026-04-10 21:05:41.018368
2024-02-24,2992.385986328125,3003.195068359375,2907.70068359375,2921.962890625,10701688842,ETH-USD,2026-04-10 21:05:41.018368
2024-02-25,3112.697265625,3117.428955078125,2984.39306640625,2992.36669921875,14620450464,ETH-USD,2026-04-10 21:05:41.018368
2024-02-26,3178.99365234375,3197.375,3037.95458984375,3112.529052734375,17504464351,ETH-USD,2026-04-10 21:05:41.018368
2024-02-27,3244.519287109375,3287.9580078125,3167.83056640625,3178.405029296875,21090315368,ETH-USD,2026-04-10 21:05:41.018368
2024-02-28,3385.703857421875,3485.450927734375,3201.575927734375,3243.893310546875,32885894265,ETH-USD,2026-04-10 21:05:41.018368
2024-02-29,3341.919677734375,3518.96923828125,3303.9052734375,3386.802734375,28469171094,ETH-USD,2026-04-10 21:05:41.018368
2024-03-01,3435.053955078125,3452.626220703125,3341.85107421875,3341.9658203125,16880101987,ETH-USD,2026-04-10 21:05:41.018368
2024-03-02,3422.0498046875,3459.747314453125,3398.89892578125,3436.1591796875,12024340617,ETH-USD,2026-04-10 21:05:41.018368
2024-03-03,3490.99365234375,3491.16845703125,3372.214111328125,3422.875244140625,13643324467,ETH-USD,2026-04-10 21:05:41.018368
2024-03-04,3630.433837890625,3641.459228515625,3446.017578125,3489.340087890625,26772963830,ETH-USD,2026-04-10 21:05:41.018368
2024-03-05,3554.964599609375,3828.15966796875,3224.119384765625,3631.928955078125,47706899137,ETH-USD,2026-04-10 21:05:41.018368
2024-03-06,3819.226318359375,3901.434326171875,3502.802490234375,3554.06787109375,34938642613,ETH-USD,2026-04-10 21:05:41.018368
2024-03-07,3874.34765625,3939.593994140625,3738.685302734375,3818.31103515625,22457177587,ETH-USD,2026-04-10 21:05:41.018368
2024-03-08,3892.06103515625,3998.826416015625,3828.36328125,3874.830810546875,26135487051,ETH-USD,2026-04-10 21:05:41.018368
2024-03-09,3915.4189453125,3950.396484375,3880.658935546875,3892.119140625,11926623780,ETH-USD,2026-04-10 21:05:41.018368
2024-03-10,3881.193115234375,3968.7236328125,3800.564453125,3915.590576171875,15783924355,ETH-USD,2026-04-10 21:05:41.018368
2024-03-11,4066.445068359375,4087.050048828125,3745.125244140625,3881.23779296875,28806262507,ETH-USD,2026-04-10 21:05:41.018368
2024-03-12,3980.273193359375,4092.2841796875,3831.889892578125,4066.6904296875,26917010932,ETH-USD,2026-04-10 21:05:41.018368
2024-03-13,4006.45703125,4083.00732421875,3936.627197265625,3980.26513671875,22028114691,ETH-USD,2026-04-10 21:05:41.018368
2024-03-14,3883.140380859375,4011.102783203125,3721.78857421875,4005.7451171875,25434810823,ETH-USD,2026-04-10 21:05:41.018368
2024-03-15,3735.22021484375,3928.775634765625,3571.774658203125,3882.85693359375,33505075433,ETH-USD,2026-04-10 21:05:41.018368
2024-03-16,3522.860107421875,3780.89453125,3468.079345703125,3736.10498046875,20199855932,ETH-USD,2026-04-10 21:05:41.018368
2024-03-17,3642.4130859375,3676.263427734375,3414.17236328125,3523.02978515625,19938757095,ETH-USD,2026-04-10 21:05:41.018368
2024-03-18,3517.985107421875,3642.4970703125,3456.09130859375,3642.298828125,21162220224,ETH-USD,2026-04-10 21:05:41.018368
2024-03-19,3157.6181640625,3546.582275390625,3149.286865234375,3518.34765625,34166976701,ETH-USD,2026-04-10 21:05:41.018368
2024-03-20,3513.39306640625,3534.826416015625,3059.65478515625,3158.396728515625,36605316331,ETH-USD,2026-04-10 21:05:41.018368
2024-03-21,3492.9912109375,3586.905029296875,3412.22265625,3514.017578125,22213647922,ETH-USD,2026-04-10 21:05:41.018368
2024-03-22,3333.68798828125,3541.898193359375,3254.96923828125,3492.89794921875,20574952329,ETH-USD,2026-04-10 21:05:41.018368
2024-03-23,3336.593994140625,3433.758056640625,3273.115478515625,3335.592529296875,13242137554,ETH-USD,2026-04-10 21:05:41.018368
2024-03-24,3454.636474609375,3470.344482421875,3301.27734375,3336.666015625,12156660941,ETH-USD,2026-04-10 21:05:41.018368
2024-03-25,3590.8837890625,3657.118896484375,3421.79052734375,3454.8857421875,18603921705,ETH-USD,2026-04-10 21:05:41.018368
2024-03-26,3587.5048828125,3678.789794921875,3545.4287109375,3591.085205078125,18505553577,ETH-USD,2026-04-10 21:05:41.018368
2024-03-27,3500.115234375,3664.383056640625,3460.3935546875,3587.313720703125,18753082145,ETH-USD,2026-04-10 21:05:41.018368
2024-03-28,3561.2939453125,3609.705322265625,3465.332275390625,3500.216064453125,16419674157,ETH-USD,2026-04-10 21:05:41.018368
2024-03-29,3511.80615234375,3583.701416015625,3475.7255859375,3561.01171875,12712701619,ETH-USD,2026-04-10 21:05:41.018368
2024-03-30,3507.9443359375,3566.08447265625,3489.902099609375,3511.82763671875,9389066783,ETH-USD,2026-04-10 21:05:41.018368
2024-03-31,3647.8564453125,3655.218994140625,3507.24267578125,3507.95166015625,10499881424,ETH-USD,2026-04-10 21:05:41.018368
2024-04-01,3505.030029296875,3648.129150390625,3418.6953125,3647.819580078125,16002098681,ETH-USD,2026-04-10 21:05:41.018368
2024-04-02,3277.234619140625,3506.962890625,3215.985107421875,3504.818359375,22076539151,ETH-USD,2026-04-10 21:05:41.018368
2024-04-03,3311.44189453125,3368.111572265625,3205.649169921875,3277.32421875,16010734587,ETH-USD,2026-04-10 21:05:41.018368
2024-04-04,3330.04052734375,3443.20751953125,3253.3193359375,3311.495361328125,14476330517,ETH-USD,2026-04-10 21:05:41.018368
2024-04-05,3318.88525390625,3345.66650390625,3214.244140625,3330.005859375,15214447092,ETH-USD,2026-04-10 21:05:41.018368
2024-04-06,3354.183837890625,3397.592529296875,3308.9833984375,3318.86474609375,8956926798,ETH-USD,2026-04-10 21:05:41.018368
2024-04-07,3453.49462890625,3458.50830078125,3346.11474609375,3354.2138671875,9931108526,ETH-USD,2026-04-10 21:05:41.018368
2024-04-08,3695.292724609375,3727.616455078125,3409.51171875,3453.498779296875,19055143129,ETH-USD,2026-04-10 21:05:41.018368
2024-04-09,3505.163330078125,3724.92236328125,3455.107666015625,3695.341796875,18279773833,ETH-USD,2026-04-10 21:05:41.018368
2024-04-10,3543.737060546875,3561.516357421875,3415.180419921875,3505.156005859375,16872482726,ETH-USD,2026-04-10 21:05:41.018368
2024-04-11,3505.247802734375,3616.1943359375,3477.171142578125,3543.4521484375,14076734489,ETH-USD,2026-04-10 21:05:41.018368
2024-04-12,3243.034912109375,3552.589111328125,3103.43017578125,3505.329833984375,22104869556,ETH-USD,2026-04-10 21:05:41.018368
2024-04-13,3004.900390625,3299.663818359375,2862.3935546875,3242.94091796875,29930408174,ETH-USD,2026-04-10 21:05:41.018368
2024-04-14,3156.94189453125,3174.66650390625,2914.4228515625,3005.547607421875,25486284994,ETH-USD,2026-04-10 21:05:41.018368
2024-04-15,3101.600341796875,3277.5615234375,3026.538818359375,3156.830078125,21925843181,ETH-USD,2026-04-10 21:05:41.018368
2024-04-16,3084.920166015625,3127.160888671875,2997.754638671875,3101.140625,19441391169,ETH-USD,2026-04-10 21:05:41.018368
2024-04-17,2984.7275390625,3123.669677734375,2918.5537109375,3084.923583984375,17711869375,ETH-USD,2026-04-10 21:05:41.018368
2024-04-18,3066.027587890625,3094.842041015625,2956.12744140625,2984.705322265625,15183777035,ETH-USD,2026-04-10 21:05:41.018368
2024-04-19,3059.278564453125,3127.114990234375,2868.7958984375,3065.953125,20399982867,ETH-USD,2026-04-10 21:05:41.018368
2024-04-20,3157.627197265625,3170.6728515625,3021.784912109375,3059.47802734375,9918642130,ETH-USD,2026-04-10 21:05:41.018368
2024-04-21,3147.28857421875,3197.50634765625,3119.552001953125,3157.571044921875,9394387894,ETH-USD,2026-04-10 21:05:41.018368
2024-04-22,3201.652099609375,3236.6591796875,3131.367431640625,3147.66357421875,12063858733,ETH-USD,2026-04-10 21:05:41.018368
2024-04-23,3219.91162109375,3264.41943359375,3154.58984375,3201.588623046875,11054442653,ETH-USD,2026-04-10 21:05:41.018368
2024-04-24,3139.80517578125,3292.921630859375,3105.982177734375,3219.95703125,14000234760,ETH-USD,2026-04-10 21:05:41.018368
2024-04-25,3156.509521484375,3190.976318359375,3074.8046875,3139.624267578125,13989030260,ETH-USD,2026-04-10 21:05:41.018368
2024-04-26,3130.164794921875,3166.188720703125,3103.10400390625,3156.384033203125,10622333862,ETH-USD,2026-04-10 21:05:41.018368
2024-04-27,3252.168212890625,3279.451171875,3071.340087890625,3129.72705078125,11820785577,ETH-USD,2026-04-10 21:05:41.018368
2024-04-28,3262.774658203125,3351.176513671875,3249.149169921875,3252.24560546875,11379192678,ETH-USD,2026-04-10 21:05:41.018368
2024-04-29,3215.428955078125,3285.46875,3116.199951171875,3262.3408203125,15032246816,ETH-USD,2026-04-10 21:05:41.018368
2024-04-30,3012.286865234375,3249.37841796875,2918.228759765625,3215.381103515625,18266894653,ETH-USD,2026-04-10 21:05:41.018368
2024-05-01,2969.78466796875,3020.17333984375,2815.92333984375,3011.015625,20005057445,ETH-USD,2026-04-10 21:05:41.018368
2024-05-02,2988.16845703125,3015.05029296875,2894.329833984375,2969.79443359375,13163903903,ETH-USD,2026-04-10 21:05:41.018368
2024-05-03,3103.5419921875,3127.1552734375,2960.18212890625,2988.134521484375,12862183229,ETH-USD,2026-04-10 21:05:41.018368
2024-05-04,3117.576416015625,3167.541259765625,3096.267578125,3103.61962890625,8283229638,ETH-USD,2026-04-10 21:05:41.018368
2024-05-05,3137.2490234375,3170.05517578125,3075.586181640625,3117.636962890625,8783447639,ETH-USD,2026-04-10 21:05:41.018368
2024-05-06,3062.728759765625,3220.15234375,3048.238525390625,3137.51025390625,13008587255,ETH-USD,2026-04-10 21:05:41.018368
2024-05-07,3006.5771484375,3129.081298828125,3003.013671875,3062.7509765625,11743187337,ETH-USD,2026-04-10 21:05:41.018368
2024-05-08,2973.6572265625,3037.196044921875,2938.47265625,3006.315673828125,11791662158,ETH-USD,2026-04-10 21:05:41.018368
2024-05-09,3036.0205078125,3057.958251953125,2951.223876953125,2973.9716796875,10861947179,ETH-USD,2026-04-10 21:05:41.018368
2024-05-10,2909.791259765625,3052.7294921875,2881.000732421875,3036.231201171875,12278653601,ETH-USD,2026-04-10 21:05:41.018368
2024-05-11,2911.60205078125,2942.1787109375,2888.083251953125,2909.845458984375,6795916454,ETH-USD,2026-04-10 21:05:41.018368
2024-05-12,2928.701904296875,2953.04736328125,2902.201904296875,2911.658203125,5908941395,ETH-USD,2026-04-10 21:05:41.018368
2024-05-13,2949.359619140625,2994.869140625,2865.134521484375,2928.81396484375,13352264795,ETH-USD,2026-04-10 21:05:41.018368
2024-05-14,2881.157958984375,2959.546630859375,2863.5458984375,2949.213134765625,12444516140,ETH-USD,2026-04-10 21:05:41.018368
2024-05-15,3037.056640625,3041.602294921875,2864.7353515625,2881.224609375,14666902956,ETH-USD,2026-04-10 21:05:41.018368
2024-05-16,2945.131103515625,3041.80712890625,2925.08740234375,3036.01416015625,13035465176,ETH-USD,2026-04-10 21:05:41.018368
2024-05-17,3094.11865234375,3120.3017578125,2934.112548828125,2945.136962890625,14449438097,ETH-USD,2026-04-10 21:05:41.018368
2024-05-18,3122.948974609375,3146.79052734375,3087.704345703125,3094.553466796875,9407051320,ETH-USD,2026-04-10 21:05:41.018368
2024-05-19,3071.843017578125,3137.1484375,3056.75439453125,3122.82470703125,8747800800,ETH-USD,2026-04-10 21:05:41.018368
2024-05-20,3663.85546875,3690.805908203125,3050.2978515625,3071.85888671875,31228143948,ETH-USD,2026-04-10 21:05:41.018368
2024-05-21,3789.312744140625,3837.372802734375,3628.096435546875,3663.01123046875,37643853967,ETH-USD,2026-04-10 21:05:41.018368
2024-05-22,3737.2177734375,3810.948486328125,3655.0751953125,3789.372802734375,25155809461,ETH-USD,2026-04-10 21:05:41.018368
2024-05-23,3776.92724609375,3943.553955078125,3552.642578125,3737.178466796875,45623656317,ETH-USD,2026-04-10 21:05:41.018368
2024-05-24,3726.9345703125,3825.12255859375,3631.990234375,3776.992431640625,22257061429,ETH-USD,2026-04-10 21:05:41.018368
2024-05-25,3749.236572265625,3776.006591796875,3710.5283203125,3726.9755859375,10000027764,ETH-USD,2026-04-10 21:05:41.018368
2024-05-26,3825.8974609375,3879.470703125,3732.02294921875,3749.179931640625,14650794791,ETH-USD,2026-04-10 21:05:41.018368
2024-05-27,3892.0068359375,3973.556396484375,3821.930419921875,3826.127197265625,18949181813,ETH-USD,2026-04-10 21:05:41.018368
2024-05-28,3840.25634765625,3924.895751953125,3771.2138671875,3892.096923828125,19846044324,ETH-USD,2026-04-10 21:05:41.018368
2024-05-29,3763.196533203125,3880.6484375,3742.041259765625,3840.235107421875,17411416736,ETH-USD,2026-04-10 21:05:41.018368
2024-05-30,3746.849609375,3823.643310546875,3702.263671875,3763.357666015625,15065849797,ETH-USD,2026-04-10 21:05:41.018368
2024-05-31,3760.026611328125,3843.857666015625,3723.835205078125,3746.861572265625,15290700646,ETH-USD,2026-04-10 21:05:41.018368
2024-06-01,3813.198974609375,3829.294677734375,3749.840087890625,3759.88427734375,8661024535,ETH-USD,2026-04-10 21:05:41.018368
2024-06-02,3780.89599609375,3834.911865234375,3752.41455078125,3813.275634765625,11126903059,ETH-USD,2026-04-10 21:05:41.018368
2024-06-03,3766.38916015625,3848.60302734375,3758.919921875,3780.854248046875,14082454300,ETH-USD,2026-04-10 21:05:41.018368
2024-06-04,3812.515869140625,3831.364990234375,3738.13427734375,3766.476318359375,13331489271,ETH-USD,2026-04-10 21:05:41.018368
2024-06-05,3864.260986328125,3887.48583984375,3778.65576171875,3812.560791015625,15480034434,ETH-USD,2026-04-10 21:05:41.018368
2024-06-06,3811.60595703125,3878.05224609375,3761.775390625,3864.263427734375,13606583873,ETH-USD,2026-04-10 21:05:41.018368
2024-06-07,3678.629150390625,3838.4521484375,3615.2802734375,3811.666015625,18220286186,ETH-USD,2026-04-10 21:05:41.018368
2024-06-08,3680.949951171875,3707.497314453125,3669.637939453125,3677.400390625,9096091805,ETH-USD,2026-04-10 21:05:41.018368
2024-06-09,3705.90380859375,3719.36767578125,3668.12353515625,3680.93603515625,7910768788,ETH-USD,2026-04-10 21:05:41.018368
2024-06-10,3666.717529296875,3711.4287109375,3648.16455078125,3705.877197265625,10377300126,ETH-USD,2026-04-10 21:05:41.018368
2024-06-11,3498.33056640625,3669.890869140625,3434.7490234375,3666.35888671875,19184721538,ETH-USD,2026-04-10 21:05:41.018368
2024-06-12,3559.61767578125,3652.4921875,3463.784912109375,3497.89697265625,17142905351,ETH-USD,2026-04-10 21:05:41.018368
2024-06-13,3469.28125,3559.725341796875,3431.33349609375,3559.725341796875,14472382154,ETH-USD,2026-04-10 21:05:41.018368
2024-06-14,3480.27197265625,3528.602294921875,3366.223876953125,3467.969970703125,15793876596,ETH-USD,2026-04-10 21:05:41.018368
2024-06-15,3565.549560546875,3589.887451171875,3473.45263671875,3479.78564453125,12733651076,ETH-USD,2026-04-10 21:05:41.018368
2024-06-16,3620.5634765625,3648.093017578125,3541.534423828125,3566.761962890625,9878388158,ETH-USD,2026-04-10 21:05:41.018368
2024-06-17,3511.37890625,3634.285400390625,3468.14892578125,3622.383544921875,17838856988,ETH-USD,2026-04-10 21:05:41.018368
2024-06-18,3483.681396484375,3514.17724609375,3371.59033203125,3510.565185546875,21022514455,ETH-USD,2026-04-10 21:05:41.018368
2024-06-19,3559.347412109375,3583.320068359375,3466.48095703125,3482.350830078125,15275373778,ETH-USD,2026-04-10 21:05:41.018368
2024-06-20,3511.0869140625,3623.886474609375,3485.4599609375,3559.347412109375,16115123753,ETH-USD,2026-04-10 21:05:41.018368
2024-06-21,3516.07568359375,3542.957275390625,3447.935546875,3511.268310546875,15933353456,ETH-USD,2026-04-10 21:05:41.018368
2024-06-22,3494.8134765625,3519.49755859375,3477.169921875,3516.55126953125,7423703673,ETH-USD,2026-04-10 21:05:41.018368
2024-06-23,3418.61181640625,3519.324951171875,3408.5830078125,3494.953857421875,9418141333,ETH-USD,2026-04-10 21:05:41.018368
2024-06-24,3350.25634765625,3430.698974609375,3244.241455078125,3418.783203125,23137744903,ETH-USD,2026-04-10 21:05:41.018368
2024-06-25,3395.029052734375,3422.21337890625,3335.556884765625,3350.5556640625,13235546063,ETH-USD,2026-04-10 21:05:41.018368
2024-06-26,3369.477294921875,3421.509521484375,3328.390625,3394.373291015625,11694054195,ETH-USD,2026-04-10 21:05:41.018368
2024-06-27,3444.800537109375,3470.923095703125,3362.2646484375,3368.88623046875,11771834016,ETH-USD,2026-04-10 21:05:41.018368
2024-06-28,3373.635986328125,3482.95751953125,3363.4375,3445.498779296875,12861158844,ETH-USD,2026-04-10 21:05:41.018368
2024-06-29,3372.9677734375,3401.730224609375,3369.552734375,3373.68994140625,6584792001,ETH-USD,2026-04-10 21:05:41.018368
2024-06-30,3432.88916015625,3453.21142578125,3352.284423828125,3373.07568359375,8396416013,ETH-USD,2026-04-10 21:05:41.018368
2024-07-01,3440.341552734375,3513.310791015625,3425.3232421875,3432.607421875,12281551839,ETH-USD,2026-04-10 21:05:41.018368
2024-07-02,3416.354736328125,3459.761474609375,3399.026123046875,3439.38134765625,9421757718,ETH-USD,2026-04-10 21:05:41.018368
2024-07-03,3292.916748046875,3426.332275390625,3254.521240234375,3416.2548828125,16121324440,ETH-USD,2026-04-10 21:05:41.018368
2024-07-04,3054.52197265625,3309.20361328125,3054.52197265625,3291.81787109375,20252514386,ETH-USD,2026-04-10 21:05:41.018368
2024-07-05,2981.5986328125,3106.152587890625,2826.014404296875,3057.833251953125,31131942647,ETH-USD,2026-04-10 21:05:41.018368
2024-07-06,3069.3779296875,3080.107421875,2957.395751953125,2981.988037109375,11586293705,ETH-USD,2026-04-10 21:05:41.018368
2024-07-07,2929.38720703125,3072.814453125,2923.959228515625,3067.405029296875,10857947538,ETH-USD,2026-04-10 21:05:41.018368
2024-07-08,3018.73193359375,3090.66455078125,2826.481689453125,2929.861572265625,22627377457,ETH-USD,2026-04-10 21:05:41.018368
2024-07-09,3064.032958984375,3105.800537109375,3005.522216796875,3018.80322265625,15269945822,ETH-USD,2026-04-10 21:05:41.018368
2024-07-10,3102.21875,3148.407470703125,3026.6083984375,3066.13720703125,14578679176,ETH-USD,2026-04-10 21:05:41.018368
2024-07-11,3100.330810546875,3208.9384765625,3057.21923828125,3101.335205078125,15230095766,ETH-USD,2026-04-10 21:05:41.018368
2024-07-12,3134.15869140625,3154.6015625,3048.508056640625,3099.989990234375,12751638331,ETH-USD,2026-04-10 21:05:41.018368
2024-07-13,3177.19873046875,3199.989501953125,3115.080322265625,3134.550537109375,8565105946,ETH-USD,2026-04-10 21:05:41.018368
2024-07-14,3244.0791015625,3266.487548828125,3166.43115234375,3176.741455078125,10517709666,ETH-USD,2026-04-10 21:05:41.018368
2024-07-15,3489.552734375,3494.098388671875,3235.776123046875,3246.131591796875,18305490390,ETH-USD,2026-04-10 21:05:41.018368
2024-07-16,3443.513427734375,3498.218994140625,3351.77978515625,3486.14404296875,20446664416,ETH-USD,2026-04-10 21:05:41.018368
2024-07-17,3388.75244140625,3516.104248046875,3379.099609375,3446.73681640625,16739123962,ETH-USD,2026-04-10 21:05:41.018368
2024-07-18,3426.258544921875,3488.715576171875,3374.990478515625,3388.030029296875,15035622003,ETH-USD,2026-04-10 21:05:41.018368
2024-07-19,3505.73486328125,3540.58837890625,3377.877685546875,3425.90869140625,17705629736,ETH-USD,2026-04-10 21:05:41.018368
2024-07-20,3519.29541015625,3539.904296875,3482.489013671875,3505.721435546875,10360198325,ETH-USD,2026-04-10 21:05:41.018368
2024-07-21,3536.60546875,3546.619140625,3415.44384765625,3519.426513671875,13845913681,ETH-USD,2026-04-10 21:05:41.018368
2024-07-22,3440.419921875,3560.075439453125,3425.795654296875,3536.627197265625,18723199034,ETH-USD,2026-04-10 21:05:41.018368
2024-07-23,3481.995849609375,3539.53173828125,3395.4208984375,3440.768310546875,24468405650,ETH-USD,2026-04-10 21:05:41.018368
2024-07-24,3336.33935546875,3487.653076171875,3304.039306640625,3482.15185546875,16040945448,ETH-USD,2026-04-10 21:05:41.018368
2024-07-25,3174.42724609375,3341.4384765625,3088.764404296875,3336.3623046875,25293745810,ETH-USD,2026-04-10 21:05:41.018368
2024-07-26,3275.951416015625,3285.760986328125,3172.777099609375,3174.051025390625,15993893521,ETH-USD,2026-04-10 21:05:41.018368
2024-07-27,3247.60791015625,3327.426513671875,3195.356689453125,3275.8916015625,15198233287,ETH-USD,2026-04-10 21:05:41.018368
2024-07-28,3271.464599609375,3283.152099609375,3201.76318359375,3247.50732421875,8959236446,ETH-USD,2026-04-10 21:05:41.018368
2024-07-29,3320.539306640625,3396.625732421875,3257.715576171875,3271.453369140625,18334852719,ETH-USD,2026-04-10 21:05:41.018368
2024-07-30,3278.667724609375,3365.322509765625,3235.760009765625,3320.63525390625,14045773047,ETH-USD,2026-04-10 21:05:41.018368
2024-07-31,3231.295654296875,3347.636474609375,3216.07177734375,3278.6865234375,16135380637,ETH-USD,2026-04-10 21:05:41.018368
2024-08-01,3201.564453125,3241.77734375,3078.5439453125,3231.248779296875,20217639556,ETH-USD,2026-04-10 21:05:41.018368
2024-08-02,2986.01318359375,3214.527099609375,2965.73388671875,3201.599365234375,21400241741,ETH-USD,2026-04-10 21:05:41.018368
2024-08-03,2903.3857421875,3015.296142578125,2861.177490234375,2985.950927734375,17844091431,ETH-USD,2026-04-10 21:05:41.018368
2024-08-04,2686.39892578125,2931.4716796875,2639.566650390625,2903.088623046875,21139601426,ETH-USD,2026-04-10 21:05:41.018368
2024-08-05,2417.206298828125,2695.88671875,2122.546142578125,2686.027587890625,67668132244,ETH-USD,2026-04-10 21:05:41.018368
2024-08-06,2458.723876953125,2553.5810546875,2416.527099609375,2417.269775390625,26041995921,ETH-USD,2026-04-10 21:05:41.018368
2024-08-07,2336.58935546875,2551.560791015625,2312.168701171875,2458.989013671875,24264218606,ETH-USD,2026-04-10 21:05:41.018368
2024-08-08,2683.352783203125,2721.95458984375,2322.529541015625,2336.9150390625,23468291180,ETH-USD,2026-04-10 21:05:41.018368
2024-08-09,2599.5986328125,2706.451171875,2555.2294921875,2683.719970703125,17907141655,ETH-USD,2026-04-10 21:05:41.018368
2024-08-10,2610.02294921875,2642.92578125,2580.661865234375,2599.582275390625,9361014219,ETH-USD,2026-04-10 21:05:41.018368
2024-08-11,2553.252197265625,2718.797607421875,2544.1748046875,2609.9697265625,13595441987,ETH-USD,2026-04-10 21:05:41.018368
2024-08-12,2724.431884765625,2749.135009765625,2513.39404296875,2553.49658203125,21653090666,ETH-USD,2026-04-10 21:05:41.018368
2024-08-13,2703.671875,2737.990478515625,2613.80126953125,2724.303466796875,16383053029,ETH-USD,2026-04-10 21:05:41.018368
2024-08-14,2662.914794921875,2775.281005859375,2636.705322265625,2703.5869140625,15825365408,ETH-USD,2026-04-10 21:05:41.018368
2024-08-15,2570.087646484375,2675.314453125,2518.670654296875,2662.885498046875,16345801912,ETH-USD,2026-04-10 21:05:41.018368
2024-08-16,2593.1865234375,2629.383544921875,2553.071533203125,2570.085205078125,13275561555,ETH-USD,2026-04-10 21:05:41.018368
2024-08-17,2614.546875,2626.6728515625,2588.78515625,2593.1669921875,6676568717,ETH-USD,2026-04-10 21:05:41.018368
2024-08-18,2613.357177734375,2684.031005859375,2596.735107421875,2614.109619140625,9207267415,ETH-USD,2026-04-10 21:05:41.018368
2024-08-19,2637.306396484375,2648.284423828125,2566.401123046875,2612.718505859375,11968963282,ETH-USD,2026-04-10 21:05:41.018368
2024-08-20,2573.10693359375,2695.913818359375,2556.74755859375,2637.306396484375,13249483464,ETH-USD,2026-04-10 21:05:41.018368
2024-08-21,2631.3955078125,2662.953369140625,2538.65771484375,2573.10888671875,12766015263,ETH-USD,2026-04-10 21:05:41.018368
2024-08-22,2622.951416015625,2644.82373046875,2587.110595703125,2630.8642578125,10723280428,ETH-USD,2026-04-10 21:05:41.018368
2024-08-23,2764.447021484375,2799.329833984375,2622.5810546875,2622.916015625,16857181970,ETH-USD,2026-04-10 21:05:41.018368
2024-08-24,2769.3896484375,2820.0205078125,2737.776611328125,2765.4814453125,11765811307,ETH-USD,2026-04-10 21:05:41.018368
2024-08-25,2749.15771484375,2793.012939453125,2736.0888671875,2769.09814453125,9375535539,ETH-USD,2026-04-10 21:05:41.018368
2024-08-26,2681.340576171875,2763.004150390625,2668.88671875,2749.24755859375,12282035835,ETH-USD,2026-04-10 21:05:41.018368
2024-08-27,2458.7265625,2700.15283203125,2401.175048828125,2681.622802734375,18028996056,ETH-USD,2026-04-10 21:05:41.018368
2024-08-28,2528.41552734375,2553.820068359375,2422.293701171875,2458.90478515625,20359545410,ETH-USD,2026-04-10 21:05:41.018368
2024-08-29,2528.792724609375,2595.97705078125,2507.50244140625,2528.3623046875,13946434277,ETH-USD,2026-04-10 21:05:41.018368
2024-08-30,2525.822021484375,2539.915283203125,2432.83447265625,2528.732177734375,15526218255,ETH-USD,2026-04-10 21:05:41.018368
2024-08-31,2513.393798828125,2532.389892578125,2493.70556640625,2525.859130859375,6646876013,ETH-USD,2026-04-10 21:05:41.018368
2024-09-01,2427.90234375,2515.46728515625,2401.88916015625,2513.42431640625,11800443265,ETH-USD,2026-04-10 21:05:41.018368
2024-09-02,2538.187255859375,2563.0859375,2426.095947265625,2427.973388671875,12520444224,ETH-USD,2026-04-10 21:05:41.018368
2024-09-03,2420.603759765625,2552.802734375,2419.875244140625,2538.16064453125,11406800197,ETH-USD,2026-04-10 21:05:41.018368
2024-09-04,2448.97705078125,2488.91650390625,2313.26513671875,2420.1923828125,16709600747,ETH-USD,2026-04-10 21:05:41.018368
2024-09-05,2367.737548828125,2465.38525390625,2348.86328125,2448.98681640625,13632325040,ETH-USD,2026-04-10 21:05:41.018368
2024-09-06,2223.87646484375,2406.511962890625,2150.86328125,2367.700927734375,25825618367,ETH-USD,2026-04-10 21:05:41.018368
2024-09-07,2274.107177734375,2310.19482421875,2222.100830078125,2223.92919921875,11124608320,ETH-USD,2026-04-10 21:05:41.018368
2024-09-08,2297.29296875,2332.359375,2243.911376953125,2274.437744140625,10718443487,ETH-USD,2026-04-10 21:05:41.018368
2024-09-09,2358.482177734375,2379.78662109375,2274.115478515625,2297.896240234375,15887712451,ETH-USD,2026-04-10 21:05:41.018368
2024-09-10,2389.5810546875,2398.50390625,2323.07177734375,2358.497802734375,12795818970,ETH-USD,2026-04-10 21:05:41.018368
2024-09-11,2339.841552734375,2389.71826171875,2279.0537109375,2389.603759765625,15355180967,ETH-USD,2026-04-10 21:05:41.018368
2024-09-12,2361.78173828125,2390.186767578125,2316.15771484375,2339.8408203125,12162634681,ETH-USD,2026-04-10 21:05:41.018368
2024-09-13,2441.607177734375,2462.802978515625,2338.14404296875,2361.740966796875,13759640866,ETH-USD,2026-04-10 21:05:41.018368
2024-09-14,2418.595703125,2442.632080078125,2386.979736328125,2441.580810546875,8170291680,ETH-USD,2026-04-10 21:05:41.018368
2024-09-15,2320.897216796875,2430.38330078125,2286.628173828125,2418.26611328125,10155470375,ETH-USD,2026-04-10 21:05:41.018368
2024-09-16,2295.28369140625,2334.789794921875,2253.715087890625,2320.89453125,16819033263,ETH-USD,2026-04-10 21:05:41.018368
2024-09-17,2341.707763671875,2392.149169921875,2263.79296875,2295.284423828125,15356783863,ETH-USD,2026-04-10 21:05:41.018368
2024-09-18,2369.72900390625,2369.72900390625,2278.66455078125,2341.73291015625,18159056422,ETH-USD,2026-04-10 21:05:41.018368
2024-09-19,2464.752197265625,2492.20458984375,2369.374755859375,2369.374755859375,18437147349,ETH-USD,2026-04-10 21:05:41.018368
2024-09-20,2561.072021484375,2571.99267578125,2439.3779296875,2464.7822265625,19112788620,ETH-USD,2026-04-10 21:05:41.018368
2024-09-21,2615.857177734375,2621.62255859375,2530.837890625,2560.879638671875,10797825021,ETH-USD,2026-04-10 21:05:41.018368
2024-09-22,2582.862548828125,2632.039306640625,2528.522216796875,2615.84814453125,13180663011,ETH-USD,2026-04-10 21:05:41.018368
2024-09-23,2648.54638671875,2701.677734375,2541.910400390625,2582.77490234375,19912841456,ETH-USD,2026-04-10 21:05:41.018368
2024-09-24,2654.35498046875,2671.27587890625,2593.152099609375,2648.482177734375,16658812503,ETH-USD,2026-04-10 21:05:41.018368
2024-09-25,2579.388671875,2672.4619140625,2557.724365234375,2654.361572265625,14119729962,ETH-USD,2026-04-10 21:05:41.018368
2024-09-26,2632.199951171875,2665.99267578125,2559.954345703125,2579.217529296875,17336033595,ETH-USD,2026-04-10 21:05:41.018368
2024-09-27,2695.900634765625,2728.067626953125,2616.950927734375,2632.241943359375,17023020294,ETH-USD,2026-04-10 21:05:41.018368
2024-09-28,2677.5390625,2704.9287109375,2652.25048828125,2695.81591796875,10252590559,ETH-USD,2026-04-10 21:05:41.018368
2024-09-29,2659.346923828125,2683.44580078125,2635.5849609375,2677.628662109375,11126215671,ETH-USD,2026-04-10 21:05:41.018368
2024-09-30,2603.062744140625,2662.489013671875,2576.97607421875,2659.292724609375,17826446789,ETH-USD,2026-04-10 21:05:41.018368
2024-10-01,2448.921142578125,2657.615478515625,2415.07861328125,2603.26416015625,25482371785,ETH-USD,2026-04-10 21:05:41.018368
2024-10-02,2365.231689453125,2498.121337890625,2354.539306640625,2448.877197265625,20148256472,ETH-USD,2026-04-10 21:05:41.018368
2024-10-03,2349.791259765625,2402.862548828125,2311.02783203125,2365.213623046875,18051447791,ETH-USD,2026-04-10 21:05:41.018368
2024-10-04,2414.7939453125,2440.242431640625,2339.870849609375,2349.73291015625,14879264082,ETH-USD,2026-04-10 21:05:41.018368
2024-10-05,2415.6318359375,2427.517578125,2390.844482421875,2414.84716796875,8152969183,ETH-USD,2026-04-10 21:05:41.018368
2024-10-06,2439.957763671875,2456.630615234375,2407.099365234375,2415.53173828125,8458690205,ETH-USD,2026-04-10 21:05:41.018368
2024-10-07,2421.796630859375,2520.40625,2405.13427734375,2439.94482421875,17414044416,ETH-USD,2026-04-10 21:05:41.018368
2024-10-08,2439.8408203125,2464.12744140625,2400.5107421875,2421.98095703125,14067361080,ETH-USD,2026-04-10 21:05:41.018368
2024-10-09,2368.283447265625,2470.9130859375,2350.946533203125,2439.840087890625,14954047093,ETH-USD,2026-04-10 21:05:41.018368
2024-10-10,2383.85791015625,2417.2880859375,2329.78466796875,2368.273193359375,15327769940,ETH-USD,2026-04-10 21:05:41.018368
2024-10-11,2436.513427734375,2470.395751953125,2380.504638671875,2383.940185546875,13489061564,ETH-USD,2026-04-10 21:05:41.018368
2024-10-12,2476.523193359375,2488.23779296875,2434.202880859375,2436.515625,9372169184,ETH-USD,2026-04-10 21:05:41.018368
2024-10-13,2467.677001953125,2484.12939453125,2436.9697265625,2476.520263671875,9189490605,ETH-USD,2026-04-10 21:05:41.018368
2024-10-14,2628.89990234375,2652.8818359375,2443.552978515625,2467.6474609375,21434687898,ETH-USD,2026-04-10 21:05:41.018368
2024-10-15,2606.02197265625,2685.166748046875,2537.94091796875,2629.017578125,22003780898,ETH-USD,2026-04-10 21:05:41.018368
2024-10-16,2611.10205078125,2644.854248046875,2589.60693359375,2606.01953125,17012396419,ETH-USD,2026-04-10 21:05:41.018368
2024-10-17,2604.2734375,2646.8740234375,2577.305908203125,2611.192138671875,15150712321,ETH-USD,2026-04-10 21:05:41.018368
2024-10-18,2641.55224609375,2674.371826171875,2595.958984375,2604.814453125,17043738652,ETH-USD,2026-04-10 21:05:41.018368
2024-10-19,2648.656982421875,2661.872802734375,2631.656982421875,2641.48828125,8557834553,ETH-USD,2026-04-10 21:05:41.018368
2024-10-20,2746.364013671875,2756.436767578125,2635.94580078125,2648.665771484375,14559296242,ETH-USD,2026-04-10 21:05:41.018368
2024-10-21,2665.712158203125,2765.549560546875,2655.29443359375,2746.3056640625,17328615363,ETH-USD,2026-04-10 21:05:41.018368
2024-10-22,2620.197509765625,2669.7900390625,2605.61865234375,2665.65673828125,15541911074,ETH-USD,2026-04-10 21:05:41.018368
2024-10-23,2509.098876953125,2624.450439453125,2457.169921875,2620.088623046875,17876984551,ETH-USD,2026-04-10 21:05:41.018368
2024-10-24,2534.49853515625,2559.1513671875,2506.722900390625,2523.60693359375,16128627601,ETH-USD,2026-04-10 21:05:41.018368
2024-10-25,2435.93408203125,2563.734130859375,2381.45068359375,2534.454833984375,22560233078,ETH-USD,2026-04-10 21:05:41.018368
2024-10-26,2479.603271484375,2503.23046875,2427.46142578125,2436.050048828125,13597102184,ETH-USD,2026-04-10 21:05:41.018368
2024-10-27,2505.940673828125,2523.17138671875,2462.27197265625,2479.93701171875,9801434566,ETH-USD,2026-04-10 21:05:41.018368
2024-10-28,2565.34814453125,2587.43017578125,2470.268310546875,2505.590576171875,18971841402,ETH-USD,2026-04-10 21:05:41.018368
2024-10-29,2637.95751953125,2680.054443359375,2560.15380859375,2565.41796875,22185845095,ETH-USD,2026-04-10 21:05:41.018368
2024-10-30,2657.37255859375,2720.271484375,2600.609619140625,2637.64013671875,22382690746,ETH-USD,2026-04-10 21:05:41.018368
2024-10-31,2515.79931640625,2667.5595703125,2501.572265625,2657.213134765625,19760409505,ETH-USD,2026-04-10 21:05:41.018368
2024-11-01,2511.885498046875,2583.777099609375,2467.8193359375,2515.870361328125,20215438328,ETH-USD,2026-04-10 21:05:41.018368
2024-11-02,2491.068603515625,2522.360595703125,2471.95556640625,2512.208251953125,9639457439,ETH-USD,2026-04-10 21:05:41.018368
2024-11-03,2456.42529296875,2495.4365234375,2411.3984375,2491.094482421875,15667779706,ETH-USD,2026-04-10 21:05:41.018368
2024-11-04,2397.0263671875,2488.350341796875,2359.578125,2456.09521484375,17110200696,ETH-USD,2026-04-10 21:05:41.018368
2024-11-05,2422.650634765625,2478.618896484375,2380.601318359375,2397.036376953125,17894057485,ETH-USD,2026-04-10 21:05:41.018368
2024-11-06,2724.169189453125,2743.964111328125,2421.81298828125,2422.539306640625,41887574364,ETH-USD,2026-04-10 21:05:41.018368
2024-11-07,2895.58544921875,2918.744384765625,2701.5908203125,2724.005859375,35352318438,ETH-USD,2026-04-10 21:05:41.018368
2024-11-08,2962.296630859375,2983.744873046875,2889.484375,2895.597900390625,32303261101,ETH-USD,2026-04-10 21:05:41.018368
2024-11-09,3131.14453125,3156.3662109375,2957.182373046875,2962.791015625,29210133088,ETH-USD,2026-04-10 21:05:41.018368
2024-11-10,3191.331298828125,3249.9140625,3073.248779296875,3130.729248046875,47418730187,ETH-USD,2026-04-10 21:05:41.018368
2024-11-11,3374.81298828125,3389.529296875,3109.76953125,3191.656982421875,55417771668,ETH-USD,2026-04-10 21:05:41.018368
2024-11-12,3246.25732421875,3444.154052734375,3211.198486328125,3375.15478515625,56686078066,ETH-USD,2026-04-10 21:05:41.018368
2024-11-13,3192.595947265625,3337.877197265625,3121.666015625,3244.543212890625,52010205682,ETH-USD,2026-04-10 21:05:41.018368
2024-11-14,3058.94873046875,3240.270751953125,3032.971923828125,3192.5205078125,35743352141,ETH-USD,2026-04-10 21:05:41.018368
2024-11-15,3103.04052734375,3130.703857421875,3016.14404296875,3059.526123046875,32701369872,ETH-USD,2026-04-10 21:05:41.018368
2024-11-16,3133.27392578125,3218.089599609375,3073.286376953125,3089.739990234375,26650658846,ETH-USD,2026-04-10 21:05:41.018368
2024-11-17,3075.66162109375,3160.152587890625,3039.246826171875,3133.306640625,28348163224,ETH-USD,2026-04-10 21:05:41.018368
2024-11-18,3207.8564453125,3225.130615234375,3052.4912109375,3075.722900390625,35445557613,ETH-USD,2026-04-10 21:05:41.018368
2024-11-19,3111.384033203125,3222.00439453125,3070.36279296875,3208.25048828125,29823634432,ETH-USD,2026-04-10 21:05:41.018368
2024-11-20,3072.18798828125,3159.949462890625,3032.603271484375,3111.116943359375,29785491216,ETH-USD,2026-04-10 21:05:41.018368
2024-11-21,3361.053955078125,3388.54296875,3035.8466796875,3072.05517578125,51619069348,ETH-USD,2026-04-10 21:05:41.018368
2024-11-22,3331.600830078125,3428.46044921875,3262.808837890625,3360.654296875,36775716442,ETH-USD,2026-04-10 21:05:41.018368
2024-11-23,3396.223388671875,3499.370849609375,3317.65478515625,3331.6455078125,38835184688,ETH-USD,2026-04-10 21:05:41.018368
2024-11-24,3363.659912109375,3451.80224609375,3288.430908203125,3396.99951171875,27901454185,ETH-USD,2026-04-10 21:05:41.018368
2024-11-25,3413.5439453125,3545.27880859375,3304.093994140625,3364.6015625,51544793988,ETH-USD,2026-04-10 21:05:41.018368
2024-11-26,3326.517333984375,3461.29296875,3255.54296875,3412.950927734375,39902959158,ETH-USD,2026-04-10 21:05:41.018368
2024-11-27,3657.249267578125,3687.009033203125,3303.56787109375,3326.029052734375,43383987191,ETH-USD,2026-04-10 21:05:41.018368
2024-11-28,3579.8115234375,3664.878173828125,3531.87060546875,3656.609619140625,32362724276,ETH-USD,2026-04-10 21:05:41.018368
2024-11-29,3593.494384765625,3647.264404296875,3538.44677734375,3579.91064453125,27622629486,ETH-USD,2026-04-10 21:05:41.018368
2024-11-30,3705.705322265625,3739.934814453125,3572.254150390625,3593.59814453125,30670867436,ETH-USD,2026-04-10 21:05:41.018368
2024-12-01,3711.1650390625,3747.455322265625,3663.234130859375,3706.619873046875,28018113530,ETH-USD,2026-04-10 21:05:41.018368
2024-12-02,3644.198486328125,3761.343017578125,3557.252197265625,3710.495361328125,47284967570,ETH-USD,2026-04-10 21:05:41.018368
2024-12-03,3620.711669921875,3670.2197265625,3504.226318359375,3643.7421875,36839829742,ETH-USD,2026-04-10 21:05:41.018368
2024-12-04,3841.3310546875,3895.17431640625,3617.74462890625,3620.03759765625,56799745752,ETH-USD,2026-04-10 21:05:41.018368
2024-12-05,3811.00830078125,3956.54150390625,3683.4208984375,3840.844482421875,60568296606,ETH-USD,2026-04-10 21:05:41.018368
2024-12-06,4005.810546875,4093.172119140625,3782.681396484375,3792.20849609375,52853668566,ETH-USD,2026-04-10 21:05:41.018368
2024-12-07,4002.692626953125,4029.452880859375,3974.17626953125,4006.02880859375,22574636761,ETH-USD,2026-04-10 21:05:41.018368
2024-12-08,4005.70458984375,4018,3927.85400390625,4007.690673828125,20943378971,ETH-USD,2026-04-10 21:05:41.018368
2024-12-09,3718.6904296875,4008.77783203125,3525.23291015625,4006.101806640625,57029832059,ETH-USD,2026-04-10 21:05:41.018368
2024-12-10,3631.833740234375,3780.75341796875,3520.365234375,3719.00048828125,58416417599,ETH-USD,2026-04-10 21:05:41.018368
2024-12-11,3832.822021484375,3850.765380859375,3567.56640625,3631.276123046875,35968053196,ETH-USD,2026-04-10 21:05:41.018368
2024-12-12,3883.1015625,3987.005859375,3800.0908203125,3833.172119140625,42971675764,ETH-USD,2026-04-10 21:05:41.018368
2024-12-13,3911.205322265625,3967.395263671875,3855.023681640625,3883.030029296875,34895127659,ETH-USD,2026-04-10 21:05:41.018368
2024-12-14,3868.4052734375,3943.278076171875,3826.761962890625,3910.847900390625,28756190559,ETH-USD,2026-04-10 21:05:41.018368
2024-12-15,3951.941162109375,3971.498046875,3832.0966796875,3868.441162109375,25069616984,ETH-USD,2026-04-10 21:05:41.018368
2024-12-16,3987.48095703125,4106.95556640625,3882.705322265625,3951.65283203125,46536359669,ETH-USD,2026-04-10 21:05:41.018368
2024-12-17,3886.76611328125,4040.337890625,3849.28662109375,3987.333984375,35418700472,ETH-USD,2026-04-10 21:05:41.018368
2024-12-18,3618.791259765625,3902.715576171875,3617.840576171875,3886.886962890625,48946681636,ETH-USD,2026-04-10 21:05:41.018368
2024-12-19,3417.927978515625,3717.662353515625,3330.87255859375,3619.58203125,58879190250,ETH-USD,2026-04-10 21:05:41.018368
2024-12-20,3472.553466796875,3496.327392578125,3098.20361328125,3417.93017578125,66383827229,ETH-USD,2026-04-10 21:05:41.018368
2024-12-21,3337.222412109375,3552.921630859375,3293.505615234375,3472.589111328125,31579389836,ETH-USD,2026-04-10 21:05:41.018368
2024-12-22,3277.53515625,3398.657470703125,3219.294921875,3336.998779296875,24780768375,ETH-USD,2026-04-10 21:05:41.018368
2024-12-23,3415.785400390625,3461.52783203125,3217.36865234375,3277.51416015625,34496081389,ETH-USD,2026-04-10 21:05:41.018368
2024-12-24,3492.0498046875,3535.857666015625,3355.609130859375,3415.738037109375,23083678195,ETH-USD,2026-04-10 21:05:41.018368
2024-12-25,3493.2353515625,3542.833740234375,3440.09716796875,3491.95751953125,17651873225,ETH-USD,2026-04-10 21:05:41.018368
2024-12-26,3331.225830078125,3512.6044921875,3302.306396484375,3493.30419921875,22247726776,ETH-USD,2026-04-10 21:05:41.018368
2024-12-27,3328.9169921875,3436.710693359375,3302.57568359375,3331.0537109375,24091627403,ETH-USD,2026-04-10 21:05:41.018368
2024-12-28,3397.90234375,3419.920166015625,3318.033935546875,3328.774658203125,14305648523,ETH-USD,2026-04-10 21:05:41.018368
2024-12-29,3349.513427734375,3406.6484375,3321.664794921875,3397.862548828125,13440907792,ETH-USD,2026-04-10 21:05:41.018368
2024-12-30,3356.392578125,3428.52734375,3298.804443359375,3349.5859375,26981583962,ETH-USD,2026-04-10 21:05:41.018368
2024-12-31,3332.53173828125,3444.396728515625,3311.41259765625,3356.394775390625,20845452085,ETH-USD,2026-04-10 21:05:41.018368
2025-01-01,3353.504150390625,3366.531494140625,3310.255859375,3332.406494140625,14195410493,ETH-USD,2026-04-10 21:05:41.018368
2025-01-02,3451.392578125,3493.4482421875,3348.35205078125,3353.412109375,22243574698,ETH-USD,2026-04-10 21:05:41.018368
2025-01-03,3605.009765625,3627.0556640625,3421.83154296875,3451.680908203125,21877299255,ETH-USD,2026-04-10 21:05:41.018368
2025-01-04,3657.706787109375,3669.19677734375,3574.326904296875,3605.20068359375,16060610759,ETH-USD,2026-04-10 21:05:41.018368
2025-01-05,3634.103759765625,3673.81298828125,3594.616943359375,3657.7431640625,12830306908,ETH-USD,2026-04-10 21:05:41.018368
2025-01-06,3688.611328125,3743.941650390625,3611.21435546875,3634.11376953125,23973574043,ETH-USD,2026-04-10 21:05:41.018368
2025-01-07,3381.577392578125,3701.10693359375,3358.08984375,3688.34130859375,32235312545,ETH-USD,2026-04-10 21:05:41.018368
2025-01-08,3326.329345703125,3413.682861328125,3209.214599609375,3381.615478515625,34337730882,ETH-USD,2026-04-10 21:05:41.018368
2025-01-09,3219.4306640625,3355.8623046875,3159.384033203125,3326.359619140625,28815726276,ETH-USD,2026-04-10 21:05:41.018368
2025-01-10,3267.489990234375,3320.50048828125,3196.1103515625,3219.49658203125,26503845190,ETH-USD,2026-04-10 21:05:41.018368
2025-01-11,3282.2177734375,3317.654296875,3219.69873046875,3267.5224609375,11772144561,ETH-USD,2026-04-10 21:05:41.018368
2025-01-12,3265.951171875,3298.018310546875,3224.510498046875,3282.150390625,11647743556,ETH-USD,2026-04-10 21:05:41.018368
2025-01-13,3135.499755859375,3335.193603515625,2920.5927734375,3266.095458984375,39911742769,ETH-USD,2026-04-10 21:05:41.018368
2025-01-14,3223.6845703125,3254.75146484375,3126.805908203125,3135.670166015625,22847737224,ETH-USD,2026-04-10 21:05:41.018368
2025-01-15,3450.53759765625,3473.1015625,3186.139892578125,3223.6845703125,25991614661,ETH-USD,2026-04-10 21:05:41.018368
2025-01-16,3308.34521484375,3458.1806640625,3265.67578125,3450.30517578125,26395516475,ETH-USD,2026-04-10 21:05:41.018368
2025-01-17,3474.107177734375,3525.54345703125,3307.31103515625,3308.191162109375,28200207229,ETH-USD,2026-04-10 21:05:41.018368
2025-01-18,3305.78955078125,3493.06005859375,3228.333740234375,3473.563720703125,32420094038,ETH-USD,2026-04-10 21:05:41.018368
2025-01-19,3208.96435546875,3444.20654296875,3127.623046875,3305.39794921875,57242875399,ETH-USD,2026-04-10 21:05:41.018368
2025-01-20,3278.035400390625,3444.28271484375,3147.52294921875,3208.933837890625,52383187336,ETH-USD,2026-04-10 21:05:41.018368
2025-01-21,3327.40625,3365.778076171875,3202.49267578125,3278.43603515625,32804001146,ETH-USD,2026-04-10 21:05:41.018368
2025-01-22,3240.224609375,3364.74609375,3223.385986328125,3327.2373046875,22171220981,ETH-USD,2026-04-10 21:05:41.018368
2025-01-23,3334.714111328125,3346.732421875,3184.06689453125,3240.475341796875,32419520084,ETH-USD,2026-04-10 21:05:41.018368
2025-01-24,3309.554931640625,3424.89990234375,3277.3232421875,3334.808349609375,25578325671,ETH-USD,2026-04-10 21:05:41.018368
2025-01-25,3317.26953125,3349.29833984375,3270.273193359375,3309.711669921875,13744316078,ETH-USD,2026-04-10 21:05:41.018368
2025-01-26,3236.13427734375,3359.3125,3233.922119140625,3317.29150390625,14471528757,ETH-USD,2026-04-10 21:05:41.018368
2025-01-27,3178.92041015625,3250.396484375,3024.091552734375,3235.855224609375,39412486482,ETH-USD,2026-04-10 21:05:41.018368
2025-01-28,3077.112548828125,3222.7373046875,3040.09228515625,3179.0869140625,20718206194,ETH-USD,2026-04-10 21:05:41.018368
2025-01-29,3112.9990234375,3177.98046875,3055.181640625,3076.380126953125,22727786058,ETH-USD,2026-04-10 21:05:41.018368
2025-01-30,3247.780029296875,3282.986328125,3093.123779296875,3113.289794921875,19958405782,ETH-USD,2026-04-10 21:05:41.018368
2025-01-31,3298.26513671875,3437.569091796875,3214.935546875,3247.8671875,30128115902,ETH-USD,2026-04-10 21:05:41.018368
2025-02-01,3118.32861328125,3329.6552734375,3103.9189453125,3298.822265625,19917507079,ETH-USD,2026-04-10 21:05:41.018368
2025-02-02,2868.69287109375,3161.894287109375,2755.474609375,3118.611572265625,42060930305,ETH-USD,2026-04-10 21:05:41.018368
2025-02-03,2884.566650390625,2919.477294921875,2159.280517578125,2868.07861328125,92453553253,ETH-USD,2026-04-10 21:05:41.018368
2025-02-04,2735.05126953125,2888.25,2636.165771484375,2883.818359375,48795275985,ETH-USD,2026-04-10 21:05:41.018368
2025-02-05,2787.779052734375,2824.400146484375,2701.10498046875,2735.225830078125,31960764447,ETH-USD,2026-04-10 21:05:41.018368
2025-02-06,2688.40087890625,2857.14208984375,2662.44580078125,2787.65869140625,29500645692,ETH-USD,2026-04-10 21:05:41.018368
2025-02-07,2622.211181640625,2798.02880859375,2564.96826171875,2688.8974609375,29526663418,ETH-USD,2026-04-10 21:05:41.018368
2025-02-08,2632.308349609375,2665.484619140625,2591.778564453125,2623.001953125,17059263074,ETH-USD,2026-04-10 21:05:41.018368
2025-02-09,2628.72119140625,2695.222412109375,2530.435791015625,2632.578125,17517088276,ETH-USD,2026-04-10 21:05:41.018368
2025-02-10,2661.166748046875,2692.80859375,2564.0185546875,2628.650146484375,19414208113,ETH-USD,2026-04-10 21:05:41.018368
2025-02-11,2602.781982421875,2724.90234375,2565.397216796875,2661.315673828125,21156550492,ETH-USD,2026-04-10 21:05:41.018368
2025-02-12,2736.902099609375,2794.867431640625,2551.174560546875,2602.828125,26919387954,ETH-USD,2026-04-10 21:05:41.018368
2025-02-13,2675.902587890625,2756.443359375,2615.667724609375,2737.028564453125,19481004625,ETH-USD,2026-04-10 21:05:41.018368
2025-02-14,2726.091552734375,2790.023681640625,2666.26806640625,2675.939453125,17732289901,ETH-USD,2026-04-10 21:05:41.018368
2025-02-15,2693.559814453125,2738.68115234375,2668.53173828125,2726.07470703125,10803019357,ETH-USD,2026-04-10 21:05:41.018368
2025-02-16,2663.31591796875,2724.096435546875,2655.297607421875,2693.5625,10593602117,ETH-USD,2026-04-10 21:05:41.018368
2025-02-17,2743.19970703125,2848.7841796875,2640.18212890625,2663.2294921875,24170425078,ETH-USD,2026-04-10 21:05:41.018368
2025-02-18,2669.3388671875,2754.6767578125,2606.900390625,2743.02294921875,23004152928,ETH-USD,2026-04-10 21:05:41.018368
2025-02-19,2715.77099609375,2735.917724609375,2656.375732421875,2669.21337890625,15272401903,ETH-USD,2026-04-10 21:05:41.018368
2025-02-20,2740.386474609375,2770.030517578125,2708.216064453125,2715.6826171875,15917259320,ETH-USD,2026-04-10 21:05:41.018368
2025-02-21,2659.655517578125,2842.8271484375,2616.91943359375,2740.022216796875,31441524621,ETH-USD,2026-04-10 21:05:41.018368
2025-02-22,2764.029296875,2797.057861328125,2653.867431640625,2660.035888671875,16403164397,ETH-USD,2026-04-10 21:05:41.018368
2025-02-23,2821.310302734375,2850.6103515625,2746.773681640625,2764.031005859375,20493767269,ETH-USD,2026-04-10 21:05:41.018368
2025-02-24,2513.8212890625,2839.010009765625,2478.8994140625,2820.456298828125,29127380459,ETH-USD,2026-04-10 21:05:41.018368
2025-02-25,2493.592529296875,2529.669189453125,2326.632080078125,2514.2109375,40044790246,ETH-USD,2026-04-10 21:05:41.018368
2025-02-26,2331.45263671875,2503.422119140625,2255.054931640625,2493.381591796875,28815111323,ETH-USD,2026-04-10 21:05:41.018368
2025-02-27,2305.484375,2378.08740234375,2230.4482421875,2331.51025390625,24286213447,ETH-USD,2026-04-10 21:05:41.018368
2025-02-28,2237.9052734375,2310.94921875,2076.169921875,2305.56005859375,35737904667,ETH-USD,2026-04-10 21:05:41.018368
2025-03-01,2216.643310546875,2279.873046875,2144.090087890625,2237.942138671875,16135258239,ETH-USD,2026-04-10 21:05:41.018368
2025-03-02,2519.694580078125,2548.811767578125,2175.321533203125,2216.521728515625,34854193845,ETH-USD,2026-04-10 21:05:41.018368
2025-03-03,2145.573974609375,2522.316650390625,2097.076171875,2519.531005859375,31473561910,ETH-USD,2026-04-10 21:05:41.018368
2025-03-04,2170.01513671875,2220.358642578125,1996.767578125,2145.65283203125,33935738380,ETH-USD,2026-04-10 21:05:41.018368
2025-03-05,2241.977294921875,2272.79736328125,2156.099365234375,2169.98681640625,22105432727,ETH-USD,2026-04-10 21:05:41.018368
2025-03-06,2202.476806640625,2319.396240234375,2177.677001953125,2241.906494140625,18509069102,ETH-USD,2026-04-10 21:05:41.018368
2025-03-07,2138.987548828125,2254.232421875,2103.47265625,2202.498291015625,22425792863,ETH-USD,2026-04-10 21:05:41.018368
2025-03-08,2201.51025390625,2232.3271484375,2107.72802734375,2139.7978515625,10533204814,ETH-USD,2026-04-10 21:05:41.018368
2025-03-09,2015.5091552734375,2210.313720703125,1991.1934814453125,2201.708740234375,16103964994,ETH-USD,2026-04-10 21:05:41.018368
2025-03-10,1861.1513671875,2150.706298828125,1812.766845703125,2015.430419921875,35005066442,ETH-USD,2026-04-10 21:05:41.018368
2025-03-11,1919.844970703125,1961.7977294921875,1760.9417724609375,1859.7777099609375,30898385863,ETH-USD,2026-04-10 21:05:41.018368
2025-03-12,1908.982666015625,1954.5711669921875,1832.01904296875,1919.664794921875,22898872951,ETH-USD,2026-04-10 21:05:41.018368
2025-03-13,1862.9696044921875,1919.688232421875,1823.525390625,1909.015380859375,17977225564,ETH-USD,2026-04-10 21:05:41.018368
2025-03-14,1909.467529296875,1945.0914306640625,1861.10595703125,1862.9979248046875,12122715282,ETH-USD,2026-04-10 21:05:41.018368
2025-03-15,1937.3946533203125,1955.2384033203125,1904.9656982421875,1909.528076171875,6456484591,ETH-USD,2026-04-10 21:05:41.018368
2025-03-16,1887.43505859375,1940.474365234375,1863.489013671875,1937.384765625,9292997638,ETH-USD,2026-04-10 21:05:41.018368
2025-03-17,1927.0029296875,1951.6259765625,1880.484375,1887.44921875,10436892087,ETH-USD,2026-04-10 21:05:41.018368
2025-03-18,1932.54345703125,1935.1820068359375,1872.5089111328125,1927.0057373046875,10170844746,ETH-USD,2026-04-10 21:05:41.018368
2025-03-19,2057.7490234375,2068.764404296875,1928.24951171875,1932.5445556640625,20065206266,ETH-USD,2026-04-10 21:05:41.018368
2025-03-20,1982.099853515625,2067.483642578125,1952.2432861328125,2057.951171875,13217865782,ETH-USD,2026-04-10 21:05:41.018368
2025-03-21,1964.8475341796875,1994.8914794921875,1937.2115478515625,1981.85302734375,9708125480,ETH-USD,2026-04-10 21:05:41.018368
2025-03-22,1980.037841796875,2005.0411376953125,1964.27099609375,1964.9404296875,6117036512,ETH-USD,2026-04-10 21:05:41.018368
2025-03-23,2005.2991943359375,2019.889404296875,1977.7093505859375,1979.983642578125,7522339707,ETH-USD,2026-04-10 21:05:41.018368
2025-03-24,2077.47900390625,2101.9833984375,1978.7637939453125,2005.7183837890625,14044912402,ETH-USD,2026-04-10 21:05:41.018368
2025-03-25,2067.76416015625,2096.518310546875,2038.64453125,2078.568115234375,11735658914,ETH-USD,2026-04-10 21:05:41.018368
2025-03-26,2009.1893310546875,2078.369140625,1982.412353515625,2067.5087890625,13178523590,ETH-USD,2026-04-10 21:05:41.018368
2025-03-27,2002.357421875,2037.3961181640625,1987.7177734375,2008.9405517578125,11593274543,ETH-USD,2026-04-10 21:05:41.018368
2025-03-28,1895.5029296875,2015.454345703125,1863.0106201171875,2002.4105224609375,18160526498,ETH-USD,2026-04-10 21:05:41.018368
2025-03-29,1827.3203125,1911.90087890625,1799.2008056640625,1895.5496826171875,12194771785,ETH-USD,2026-04-10 21:05:41.018368
2025-03-30,1806.2186279296875,1847.570556640625,1769.4127197265625,1827.31103515625,9854857162,ETH-USD,2026-04-10 21:05:41.018368
2025-03-31,1823.47998046875,1852.5513916015625,1778.6922607421875,1806.3165283203125,15765030938,ETH-USD,2026-04-10 21:05:41.018368
2025-04-01,1905.491455078125,1926.302978515625,1820.350341796875,1823.5623779296875,15001220420,ETH-USD,2026-04-10 21:05:41.018368
2025-04-02,1795.313232421875,1951.1802978515625,1782.76025390625,1905.484619140625,22593742104,ETH-USD,2026-04-10 21:05:41.018368
2025-04-03,1815.63720703125,1844.071044921875,1751.380859375,1794.97607421875,16450974373,ETH-USD,2026-04-10 21:05:41.018368
2025-04-04,1815.335205078125,1833.956787109375,1760.588623046875,1815.60986328125,18061720814,ETH-USD,2026-04-10 21:05:41.018368
2025-04-05,1805.9732666015625,1826.298583984375,1767.5135498046875,1815.344970703125,6374712479,ETH-USD,2026-04-10 21:05:41.018368
2025-04-06,1576.72802734375,1815.5748291015625,1539.43798828125,1805.9630126953125,22154445576,ETH-USD,2026-04-10 21:05:41.018368
2025-04-07,1555.240966796875,1634.0411376953125,1415.37353515625,1576.9498291015625,46073959047,ETH-USD,2026-04-10 21:05:41.018368
2025-04-08,1472.5531005859375,1617.33984375,1447.610107421875,1554.93212890625,21315312919,ETH-USD,2026-04-10 21:05:41.018368
2025-04-09,1668.0400390625,1687.18798828125,1386.79931640625,1472.6014404296875,39252195855,ETH-USD,2026-04-10 21:05:41.018368
2025-04-10,1522.518798828125,1669.3941650390625,1474.9141845703125,1668.2017822265625,21379604307,ETH-USD,2026-04-10 21:05:41.018368
2025-04-11,1567.1497802734375,1587.53857421875,1505.001953125,1522.4730224609375,14871838813,ETH-USD,2026-04-10 21:05:41.018368
2025-04-12,1643.528564453125,1666.017578125,1546.819580078125,1567.15576171875,12110995013,ETH-USD,2026-04-10 21:05:41.018368
2025-04-13,1596.685791015625,1648.2867431640625,1564.8388671875,1643.5010986328125,13909890792,ETH-USD,2026-04-10 21:05:41.018368
2025-04-14,1622.7698974609375,1689.8575439453125,1596.0865478515625,1596.8818359375,16518325094,ETH-USD,2026-04-10 21:05:41.018368
2025-04-15,1588.6324462890625,1659.836181640625,1585.2291259765625,1622.7718505859375,13175452875,ETH-USD,2026-04-10 21:05:41.018368
2025-04-16,1578.1053466796875,1610.7821044921875,1540.0338134765625,1589.031005859375,15339621551,ETH-USD,2026-04-10 21:05:41.018368
2025-04-17,1582.54833984375,1615.306884765625,1564.1956787109375,1578.01416015625,11312160796,ETH-USD,2026-04-10 21:05:41.018368
2025-04-18,1588.9246826171875,1599.4168701171875,1573.9039306640625,1582.397216796875,7123507323,ETH-USD,2026-04-10 21:05:41.018368
2025-04-19,1612.9228515625,1629.051513671875,1585.4730224609375,1588.9697265625,7168138700,ETH-USD,2026-04-10 21:05:41.018368
2025-04-20,1587.5142822265625,1618.436767578125,1566.6915283203125,1612.966064453125,7642784469,ETH-USD,2026-04-10 21:05:41.018368
2025-04-21,1579.7344970703125,1656.11962890625,1566.1474609375,1587.4609375,15403785611,ETH-USD,2026-04-10 21:05:41.018368
2025-04-22,1757.3316650390625,1773.63916015625,1542.0003662109375,1579.815185546875,23747917555,ETH-USD,2026-04-10 21:05:41.018368
2025-04-23,1796.104248046875,1829.7099609375,1746.924072265625,1757.196533203125,22904644756,ETH-USD,2026-04-10 21:05:41.018368
2025-04-24,1769.8316650390625,1801.69140625,1724.74072265625,1795.9794921875,15207402759,ETH-USD,2026-04-10 21:05:41.018368
2025-04-25,1786.634521484375,1826.696044921875,1740.3319091796875,1770.003662109375,17459399281,ETH-USD,2026-04-10 21:05:41.018368
2025-04-26,1821.881103515625,1839.363037109375,1781.473876953125,1786.532958984375,11926379867,ETH-USD,2026-04-10 21:05:41.018368
2025-04-27,1792.864990234375,1856.44384765625,1785.902099609375,1822.175537109375,11321944113,ETH-USD,2026-04-10 21:05:41.018368
2025-04-28,1798.851806640625,1827.4822998046875,1747.726806640625,1792.4461669921875,17043640437,ETH-USD,2026-04-10 21:05:41.018368
2025-04-29,1799.1756591796875,1842.0330810546875,1782.28125,1798.9122314453125,14734257744,ETH-USD,2026-04-10 21:05:41.018368
2025-04-30,1793.775390625,1816.68994140625,1736.1429443359375,1799.2091064453125,14810431362,ETH-USD,2026-04-10 21:05:41.018368
2025-05-01,1839.2215576171875,1872.9395751953125,1793.151123046875,1794.041015625,15861442721,ETH-USD,2026-04-10 21:05:41.018368
2025-05-02,1842.7078857421875,1869.530029296875,1814.73046875,1839.1748046875,13570171872,ETH-USD,2026-04-10 21:05:41.018368
2025-05-03,1833.8397216796875,1848.246826171875,1812.815673828125,1842.7181396484375,8344452620,ETH-USD,2026-04-10 21:05:41.018368
2025-05-04,1808.59423828125,1849.99853515625,1804.4951171875,1833.647216796875,8918979887,ETH-USD,2026-04-10 21:05:41.018368
2025-05-05,1819.697509765625,1832.05078125,1783.3148193359375,1808.7049560546875,11389336489,ETH-USD,2026-04-10 21:05:41.018368
2025-05-06,1815.0875244140625,1820.796630859375,1753.3154296875,1819.7340087890625,13206516310,ETH-USD,2026-04-10 21:05:41.018368
2025-05-07,1811.606689453125,1849.658447265625,1788.6873779296875,1815.0189208984375,50540755039,ETH-USD,2026-04-10 21:05:41.018368
2025-05-08,2206.5146484375,2222.20556640625,1809.4569091796875,1811.54638671875,37777245241,ETH-USD,2026-04-10 21:05:41.018368
2025-05-09,2345.50732421875,2486.0068359375,2186.054443359375,2206.128173828125,43766026875,ETH-USD,2026-04-10 21:05:41.018368
2025-05-10,2582.422607421875,2597.54345703125,2320.235107421875,2345.760498046875,30265913403,ETH-USD,2026-04-10 21:05:41.018368
2025-05-11,2510.23779296875,2603.264404296875,2441.730712890625,2582.71044921875,26496368543,ETH-USD,2026-04-10 21:05:41.018368
2025-05-12,2496.397705078125,2620.897216796875,2411.594482421875,2510.289306640625,32121858921,ETH-USD,2026-04-10 21:05:41.018368
2025-05-13,2680.129638671875,2736.89013671875,2418.32568359375,2496.33740234375,33528741590,ETH-USD,2026-04-10 21:05:41.018368
2025-05-14,2610.063232421875,2721.949951171875,2549.68505859375,2680.26220703125,26602676588,ETH-USD,2026-04-10 21:05:41.018368
2025-05-15,2546.85693359375,2645.07421875,2482.212890625,2610.02783203125,26637688883,ETH-USD,2026-04-10 21:05:41.018368
2025-05-16,2536.297607421875,2645.60791015625,2532.027099609375,2547.058349609375,21298907763,ETH-USD,2026-04-10 21:05:41.018368
2025-05-17,2475.75439453125,2537.78173828125,2449.0693359375,2536.297607421875,18830706230,ETH-USD,2026-04-10 21:05:41.018368
2025-05-18,2498.233642578125,2585.697021484375,2344.668212890625,2475.76953125,25005164865,ETH-USD,2026-04-10 21:05:41.018368
2025-05-19,2529.166748046875,2545.461181640625,2353.427001953125,2498.800048828125,27351331811,ETH-USD,2026-04-10 21:05:41.018368
2025-05-20,2524.173095703125,2585.619873046875,2446.44677734375,2529.135009765625,23453322578,ETH-USD,2026-04-10 21:05:41.018368
2025-05-21,2552.34716796875,2614.060791015625,2454.537841796875,2524.1591796875,31952904125,ETH-USD,2026-04-10 21:05:41.018368
2025-05-22,2664.156982421875,2691.102294921875,2546.434814453125,2552.766845703125,26596978352,ETH-USD,2026-04-10 21:05:41.018368
2025-05-23,2526.44189453125,2731.220703125,2504.87353515625,2664.08203125,30536501878,ETH-USD,2026-04-10 21:05:41.018368
2025-05-24,2530.646240234375,2575.13134765625,2516.01806640625,2526.387939453125,11380899856,ETH-USD,2026-04-10 21:05:41.018368
2025-05-25,2551.763916015625,2553.869140625,2467.880126953125,2530.89013671875,14556431364,ETH-USD,2026-04-10 21:05:41.018368
2025-05-26,2564.138427734375,2598.566650390625,2530.321533203125,2551.380859375,14936610009,ETH-USD,2026-04-10 21:05:41.018368
2025-05-27,2663.06982421875,2712.28515625,2512.588623046875,2564.140869140625,26264200536,ETH-USD,2026-04-10 21:05:41.018368
2025-05-28,2682.212890625,2688.7421875,2611.160888671875,2663.01025390625,19087366068,ETH-USD,2026-04-10 21:05:41.018368
2025-05-29,2632.65478515625,2784.75244140625,2620.982666015625,2681.84326171875,27567479811,ETH-USD,2026-04-10 21:05:41.018368
2025-05-30,2529.943603515625,2648.2607421875,2510.163818359375,2632.8359375,24599403943,ETH-USD,2026-04-10 21:05:41.018368
2025-05-31,2529.08740234375,2550.483642578125,2484.215576171875,2529.833984375,13992843765,ETH-USD,2026-04-10 21:05:41.018368
2025-06-01,2536.266357421875,2547.77294921875,2472.540771484375,2529.0966796875,13287852482,ETH-USD,2026-04-10 21:05:41.018368
2025-06-02,2607.097412109375,2615.515625,2477.292724609375,2536.184814453125,16744168824,ETH-USD,2026-04-10 21:05:41.018368
2025-06-03,2593.2802734375,2652.418701171875,2582.25048828125,2607.197509765625,18291179016,ETH-USD,2026-04-10 21:05:41.018368
2025-06-04,2608.64306640625,2677.970458984375,2585.73779296875,2593.482666015625,18621211035,ETH-USD,2026-04-10 21:05:41.018368
2025-06-05,2416.28564453125,2640.60400390625,2395.753662109375,2608.607177734375,26194462737,ETH-USD,2026-04-10 21:05:41.018368
2025-06-06,2477.19482421875,2530.391845703125,2387.608642578125,2416.455078125,19407449565,ETH-USD,2026-04-10 21:05:41.018368
2025-06-07,2526.50537109375,2543.048828125,2459.13720703125,2477.183349609375,11664303387,ETH-USD,2026-04-10 21:05:41.018368
2025-06-08,2510.787109375,2547.467041015625,2493.920166015625,2526.193359375,12097170203,ETH-USD,2026-04-10 21:05:41.018368
2025-06-09,2681.51708984375,2693.806640625,2479.867919921875,2510.838134765625,20605172560,ETH-USD,2026-04-10 21:05:41.018368
2025-06-10,2813.517578125,2824.80810546875,2658.67724609375,2681.285400390625,35555755055,ETH-USD,2026-04-10 21:05:41.018368
2025-06-11,2773.529296875,2877.62939453125,2746.4599609375,2813.73974609375,30705408054,ETH-USD,2026-04-10 21:05:41.018368
2025-06-12,2651.795166015625,2784.2626953125,2619.966552734375,2773.597900390625,25924959613,ETH-USD,2026-04-10 21:05:41.018368
2025-06-13,2579.486083984375,2651.91552734375,2443.962646484375,2651.91552734375,37986747138,ETH-USD,2026-04-10 21:05:41.018368
2025-06-14,2533.444091796875,2580.158203125,2491.49072265625,2579.721435546875,14285000473,ETH-USD,2026-04-10 21:05:41.018368
2025-06-15,2546.837158203125,2558.677734375,2493.20458984375,2533.183349609375,13961893828,ETH-USD,2026-04-10 21:05:41.018368
2025-06-16,2540.60498046875,2680.087646484375,2517.145263671875,2547.226806640625,22792449577,ETH-USD,2026-04-10 21:05:41.018368
2025-06-17,2510.761474609375,2617.9013671875,2456.64892578125,2540.314453125,25653232897,ETH-USD,2026-04-10 21:05:41.018368
2025-06-18,2524.301513671875,2546.62744140625,2469.05029296875,2510.81689453125,19873957905,ETH-USD,2026-04-10 21:05:41.018368
2025-06-19,2521.653564453125,2546.76953125,2486.101806640625,2524.404052734375,12782730709,ETH-USD,2026-04-10 21:05:41.018368
2025-06-20,2407.30419921875,2569.0146484375,2371.474365234375,2521.5263671875,22592586688,ETH-USD,2026-04-10 21:05:41.018368
2025-06-21,2300.49560546875,2448.41162109375,2222.8125,2407.34765625,16108791762,ETH-USD,2026-04-10 21:05:41.018368
2025-06-22,2228.213134765625,2313.85302734375,2116.681396484375,2298.8427734375,28458151601,ETH-USD,2026-04-10 21:05:41.018368
2025-06-23,2421.824951171875,2434.23974609375,2191.418212890625,2228.484619140625,26247439429,ETH-USD,2026-04-10 21:05:41.018368
2025-06-24,2448.0087890625,2481.222900390625,2379.5693359375,2421.83056640625,19539047009,ETH-USD,2026-04-10 21:05:41.018368
2025-06-25,2419.310302734375,2468.677978515625,2394.607421875,2448.7373046875,17158118625,ETH-USD,2026-04-10 21:05:41.018368
2025-06-26,2416.146728515625,2519.619873046875,2399.533935546875,2419.15478515625,18300413888,ETH-USD,2026-04-10 21:05:41.018368
2025-06-27,2423.866943359375,2463.15478515625,2386.324951171875,2416.023193359375,15309834970,ETH-USD,2026-04-10 21:05:41.018368
2025-06-28,2437.109375,2448.191650390625,2407.76171875,2423.92529296875,8273074809,ETH-USD,2026-04-10 21:05:41.018368
2025-06-29,2500.9599609375,2523.320556640625,2417.625244140625,2437.11474609375,12500580479,ETH-USD,2026-04-10 21:05:41.018368
2025-06-30,2486.46435546875,2521.720458984375,2438.054931640625,2500.60546875,16859727663,ETH-USD,2026-04-10 21:05:41.018368
2025-07-01,2405.792724609375,2500.591796875,2389.81591796875,2486.428466796875,15025451796,ETH-USD,2026-04-10 21:05:41.018368
2025-07-02,2571.33544921875,2616.78369140625,2378.3935546875,2405.857421875,22792512025,ETH-USD,2026-04-10 21:05:41.018368
2025-07-03,2591.00732421875,2635.192138671875,2558.58251953125,2570.796630859375,20873559425,ETH-USD,2026-04-10 21:05:41.018368
2025-07-04,2508.518310546875,2601.11962890625,2475.7548828125,2590.845703125,17222740209,ETH-USD,2026-04-10 21:05:41.018368
2025-07-05,2517.280029296875,2529.84228515625,2489.00244140625,2508.095947265625,9289382302,ETH-USD,2026-04-10 21:05:41.018368
2025-07-06,2571.236572265625,2603.064697265625,2505.370849609375,2517.280029296875,13190436110,ETH-USD,2026-04-10 21:05:41.018368
2025-07-07,2543.01318359375,2589.324951171875,2517.903564453125,2571.395263671875,18440266947,ETH-USD,2026-04-10 21:05:41.018368
2025-07-08,2615.505859375,2626.66455078125,2525.437744140625,2542.97265625,17537487206,ETH-USD,2026-04-10 21:05:41.018368
2025-07-09,2770.777587890625,2794.5185546875,2591.947021484375,2615.505859375,27229452849,ETH-USD,2026-04-10 21:05:41.018368
2025-07-10,2954.84521484375,2995.152099609375,2757.2666015625,2770.7373046875,33929201261,ETH-USD,2026-04-10 21:05:41.018368
2025-07-11,2957.88623046875,3038.14111328125,2916.95654296875,2954.832763671875,36226558863,ETH-USD,2026-04-10 21:05:41.018368
2025-07-12,2942.91162109375,2979.780029296875,2907.193603515625,2958.333740234375,16317198254,ETH-USD,2026-04-10 21:05:41.018368
2025-07-13,2973.35888671875,3016.3935546875,2938.736572265625,2942.853515625,17361753131,ETH-USD,2026-04-10 21:05:41.018368
2025-07-14,3013.350830078125,3079.985595703125,2965.32373046875,2973.22509765625,36349290556,ETH-USD,2026-04-10 21:05:41.018368
2025-07-15,3139.8896484375,3142.42724609375,2934.371337890625,3013.29345703125,39013656112,ETH-USD,2026-04-10 21:05:41.018368
2025-07-16,3371.5068359375,3422.60302734375,3102.477783203125,3139.8896484375,46771354461,ETH-USD,2026-04-10 21:05:41.018368
2025-07-17,3476.784423828125,3521.685302734375,3315.9990234375,3371.5068359375,47532846793,ETH-USD,2026-04-10 21:05:41.018368
2025-07-18,3549.016357421875,3674.855224609375,3463.38623046875,3476.1240234375,59198465810,ETH-USD,2026-04-10 21:05:41.018368
2025-07-19,3595.273681640625,3608.275634765625,3512.97314453125,3548.926025390625,26031719746,ETH-USD,2026-04-10 21:05:41.018368
2025-07-20,3759.471435546875,3819.398681640625,3582.349609375,3595.240478515625,44600451066,ETH-USD,2026-04-10 21:05:41.018368
2025-07-21,3763.371337890625,3856.76708984375,3705.353759765625,3758.920654296875,42611467663,ETH-USD,2026-04-10 21:05:41.018368
2025-07-22,3749.1455078125,3798.100341796875,3624.140380859375,3762.882080078125,45248868820,ETH-USD,2026-04-10 21:05:41.018368
2025-07-23,3629.70361328125,3765.0263671875,3532.8564453125,3749.238525390625,41283228953,ETH-USD,2026-04-10 21:05:41.018368
2025-07-24,3708.005615234375,3771.381591796875,3514.999267578125,3629.731689453125,40377960354,ETH-USD,2026-04-10 21:05:41.018368
2025-07-25,3727.266845703125,3744.820068359375,3579.962890625,3708.005615234375,42264509577,ETH-USD,2026-04-10 21:05:41.018368
2025-07-26,3741.39599609375,3789.789794921875,3702.774169921875,3727.2373046875,24635287361,ETH-USD,2026-04-10 21:05:41.018368
2025-07-27,3875.24658203125,3876.93359375,3733.681640625,3741.25732421875,28897450394,ETH-USD,2026-04-10 21:05:41.018368
2025-07-28,3787.42578125,3940.652099609375,3756.515869140625,3875.255859375,35831336149,ETH-USD,2026-04-10 21:05:41.018368
2025-07-29,3793.454833984375,3883.997802734375,3716.88330078125,3788.319580078125,35540435995,ETH-USD,2026-04-10 21:05:41.018368
2025-07-30,3808.20166015625,3832.884033203125,3683.14453125,3793.58251953125,34392494235,ETH-USD,2026-04-10 21:05:41.018368
2025-07-31,3696.707763671875,3877.47021484375,3685.004150390625,3808.24609375,32839839444,ETH-USD,2026-04-10 21:05:41.018368
2025-08-01,3488.365966796875,3722.585693359375,3432.3798828125,3696.144287109375,46261558200,ETH-USD,2026-04-10 21:05:41.018368
2025-08-02,3392.7412109375,3535.558837890625,3370.943115234375,3487.956787109375,30165065282,ETH-USD,2026-04-10 21:05:41.018368
2025-08-03,3497.379150390625,3520.831298828125,3357.93896484375,3392.744384765625,19363593865,ETH-USD,2026-04-10 21:05:41.018368
2025-08-04,3718.986083984375,3734.9775390625,3491.554931640625,3497.613037109375,30905749658,ETH-USD,2026-04-10 21:05:41.018368
2025-08-05,3611.8994140625,3720.656494140625,3547.62109375,3719.81787109375,32778742296,ETH-USD,2026-04-10 21:05:41.018368
2025-08-06,3683.920654296875,3698.124755859375,3567.095947265625,3612.038818359375,26924415763,ETH-USD,2026-04-10 21:05:41.018368
2025-08-07,3914.325927734375,3926.204345703125,3650.365966796875,3684.06201171875,38627826066,ETH-USD,2026-04-10 21:05:41.018368
2025-08-08,4009.848876953125,4068.84765625,3882.443115234375,3914.110595703125,45460293892,ETH-USD,2026-04-10 21:05:41.018368
2025-08-09,4263.59912109375,4323.76123046875,4007.709228515625,4009.150634765625,45279715746,ETH-USD,2026-04-10 21:05:41.018368
2025-08-10,4254.2177734375,4332.21044921875,4163.9404296875,4263.552734375,36173931367,ETH-USD,2026-04-10 21:05:41.018368
2025-08-11,4226.966796875,4362.0927734375,4168.875,4254.2314453125,49989853803,ETH-USD,2026-04-10 21:05:41.018368
2025-08-12,4590.9248046875,4634.05517578125,4222.3623046875,4227.20703125,57237189036,ETH-USD,2026-04-10 21:05:41.018368
2025-08-13,4756.27587890625,4784.6689453125,4566.23876953125,4590.65771484375,62550014642,ETH-USD,2026-04-10 21:05:41.018368
2025-08-14,4548.16650390625,4788.5517578125,4461.28173828125,4756.04345703125,75681632806,ETH-USD,2026-04-10 21:05:41.018368
2025-08-15,4439.98876953125,4667.72998046875,4375.54541015625,4549.07568359375,55445715824,ETH-USD,2026-04-10 21:05:41.018368
2025-08-16,4426.18017578125,4493.1494140625,4379.16455078125,4439.998046875,26816931514,ETH-USD,2026-04-10 21:05:41.018368
2025-08-17,4473.271484375,4575.87646484375,4400.71337890625,4426.259765625,31348101438,ETH-USD,2026-04-10 21:05:41.018368
2025-08-18,4312.5048828125,4484.009765625,4229.3798828125,4473.33056640625,53518423360,ETH-USD,2026-04-10 21:05:41.018368
2025-08-19,4073.464111328125,4355.0751953125,4070.535400390625,4312.5302734375,50440367102,ETH-USD,2026-04-10 21:05:41.018368
2025-08-20,4334.50048828125,4376.78955078125,4064.965087890625,4073.168212890625,49577862965,ETH-USD,2026-04-10 21:05:41.018368
2025-08-21,4223.2099609375,4338.826171875,4205.77685546875,4334.5673828125,33618359942,ETH-USD,2026-04-10 21:05:41.018368
2025-08-22,4831.3486328125,4884.22802734375,4209.47216796875,4223.73095703125,75965521535,ETH-USD,2026-04-10 21:05:41.018368
2025-08-23,4776.09033203125,4831.61083984375,4669.72509765625,4831.08837890625,36503623278,ETH-USD,2026-04-10 21:05:41.018368
2025-08-24,4779.6474609375,4953.73291015625,4714.47265625,4776.70458984375,52405003873,ETH-USD,2026-04-10 21:05:41.018368
2025-08-25,4372.98779296875,4796.35009765625,4343.947265625,4779.76953125,63936163545,ETH-USD,2026-04-10 21:05:41.018368
2025-08-26,4600.4267578125,4632.0732421875,4316.30078125,4372.88037109375,53829747706,ETH-USD,2026-04-10 21:05:41.018368
2025-08-27,4503.39306640625,4659.9873046875,4489.2978515625,4600.51025390625,43509902322,ETH-USD,2026-04-10 21:05:41.018368
2025-08-28,4507.177734375,4629.03125,4435.109375,4503.63134765625,36045274078,ETH-USD,2026-04-10 21:05:41.018368
2025-08-29,4360.15283203125,4513.859375,4272.45947265625,4507.63134765625,46899991962,ETH-USD,2026-04-10 21:05:41.018368
2025-08-30,4374.1533203125,4413.27490234375,4264.1953125,4360.0888671875,25883112278,ETH-USD,2026-04-10 21:05:41.018368
2025-08-31,4390.01904296875,4497.1767578125,4373.5966796875,4374.8935546875,26683044984,ETH-USD,2026-04-10 21:05:41.018368
2025-09-01,4314.47021484375,4490.3466796875,4221.24755859375,4389.6259765625,37530746508,ETH-USD,2026-04-10 21:05:41.018368
2025-09-02,4325.36572265625,4414.93408203125,4260.45947265625,4314.39111328125,39884692334,ETH-USD,2026-04-10 21:05:41.018368
2025-09-03,4450.38916015625,4489.19873046875,4286.2060546875,4324.6962890625,35260873497,ETH-USD,2026-04-10 21:05:41.018368
2025-09-04,4298.744140625,4483.451171875,4268.5888671875,4450.2158203125,34919798552,ETH-USD,2026-04-10 21:05:41.018368
2025-09-05,4306.98876953125,4484.361328125,4258.0498046875,4298.8369140625,44163736676,ETH-USD,2026-04-10 21:05:41.018368
2025-09-06,4274.2421875,4327.43994140625,4244.7548828125,4306.97314453125,18108246446,ETH-USD,2026-04-10 21:05:41.018368
2025-09-07,4305.34765625,4334.2744140625,4271.5341796875,4274.1669921875,17426783536,ETH-USD,2026-04-10 21:05:41.018368
2025-09-08,4308.072265625,4381.27490234375,4279.97216796875,4305.38134765625,32277142378,ETH-USD,2026-04-10 21:05:41.018368
2025-09-09,4309.04150390625,4381.2265625,4277.85302734375,4308.283203125,30703320925,ETH-USD,2026-04-10 21:05:41.018368
2025-09-10,4349.14599609375,4450.41796875,4286.0625,4309.091796875,39521365146,ETH-USD,2026-04-10 21:05:41.018368
2025-09-11,4461.2333984375,4471.69873046875,4339.716796875,4349.2001953125,35959212991,ETH-USD,2026-04-10 21:05:41.018368
2025-09-12,4715.24609375,4734.27392578125,4453.28466796875,4461.4794921875,43839753626,ETH-USD,2026-04-10 21:05:41.018368
2025-09-13,4668.1796875,4763.361328125,4609.12548828125,4714.70361328125,34843845977,ETH-USD,2026-04-10 21:05:41.018368
2025-09-14,4609.59765625,4690.64208984375,4581.84716796875,4668.17138671875,28394160275,ETH-USD,2026-04-10 21:05:41.018368
2025-09-15,4526.8203125,4670.5302734375,4469.861328125,4609.72314453125,40224062009,ETH-USD,2026-04-10 21:05:41.018368
2025-09-16,4503.564453125,4537.599609375,4428.330078125,4526.078125,32761501436,ETH-USD,2026-04-10 21:05:41.018368
2025-09-17,4592.7333984375,4617.23486328125,4429.64453125,4503.6357421875,44120899417,ETH-USD,2026-04-10 21:05:41.018368
2025-09-18,4589.9189453125,4643.97265625,4556.27001953125,4592.44287109375,33497259158,ETH-USD,2026-04-10 21:05:41.018368
2025-09-19,4470.9169921875,4620.79296875,4443.2646484375,4589.505859375,30352619653,ETH-USD,2026-04-10 21:05:41.018368
2025-09-20,4482.265625,4509.81201171875,4459.1591796875,4470.978515625,18056494322,ETH-USD,2026-04-10 21:05:41.018368
2025-09-21,4451.3291015625,4499.38916015625,4447.119140625,4482.583984375,19330306133,ETH-USD,2026-04-10 21:05:41.018368
2025-09-22,4202.87744140625,4457.08251953125,4092.396728515625,4451.58056640625,58221334533,ETH-USD,2026-04-10 21:05:41.018368
2025-09-23,4165.50390625,4227.7314453125,4120.8154296875,4203.021484375,32460075911,ETH-USD,2026-04-10 21:05:41.018368
2025-09-24,4153.46923828125,4206.90185546875,4081.34765625,4165.41259765625,33538388785,ETH-USD,2026-04-10 21:05:41.018368
2025-09-25,3868.333984375,4162.0625,3829.0107421875,4153.52099609375,68963092031,ETH-USD,2026-04-10 21:05:41.018368
2025-09-26,4035.887939453125,4069.168701171875,3868.43359375,3868.69091796875,47873508328,ETH-USD,2026-04-10 21:05:41.018368
2025-09-27,4018.658203125,4038.45166015625,3975.758056640625,4035.91455078125,20382555776,ETH-USD,2026-04-10 21:05:41.018368
2025-09-28,4141.4765625,4143.00390625,3969.79296875,4018.65966796875,24631307054,ETH-USD,2026-04-10 21:05:41.018368
2025-09-29,4217.341796875,4234.78271484375,4087.92724609375,4141.3564453125,38560429932,ETH-USD,2026-04-10 21:05:41.018368
2025-09-30,4145.95751953125,4238.67138671875,4095.443603515625,4217.05517578125,37679153330,ETH-USD,2026-04-10 21:05:41.018368
2025-10-01,4351.1123046875,4351.1123046875,4125.5419921875,4146.03369140625,46161664723,ETH-USD,2026-04-10 21:05:41.018368
2025-10-02,4487.923828125,4517.6650390625,4336.5263671875,4352.24072265625,48074066058,ETH-USD,2026-04-10 21:05:41.018368
2025-10-03,4514.87060546875,4591.44384765625,4431.47900390625,4486.9345703125,49603450230,ETH-USD,2026-04-10 21:05:41.018368
2025-10-04,4489.197265625,4519.52685546875,4444.0126953125,4514.9091796875,21832270764,ETH-USD,2026-04-10 21:05:41.018368
2025-10-05,4515.4228515625,4616.533203125,4472.138671875,4489.05322265625,44880806324,ETH-USD,2026-04-10 21:05:41.018368
2025-10-06,4687.771484375,4736.208984375,4492.8701171875,4515.30078125,44992456374,ETH-USD,2026-04-10 21:05:41.018368
2025-10-07,4451.15185546875,4755.22021484375,4443.5712890625,4687.7099609375,54879425294,ETH-USD,2026-04-10 21:05:41.018368
2025-10-08,4527.64794921875,4556.2216796875,4417.76806640625,4451.10791015625,40456628235,ETH-USD,2026-04-10 21:05:41.018368
2025-10-09,4369.1435546875,4531.716796875,4273.5595703125,4526.9609375,47903074596,ETH-USD,2026-04-10 21:05:41.018368
2025-10-10,3843.0087890625,4395.57080078125,3460.222412109375,4369.0654296875,97736621123,ETH-USD,2026-04-10 21:05:41.018368
2025-10-11,3750.611572265625,3882.241455078125,3652.7900390625,3840.96044921875,62475475938,ETH-USD,2026-04-10 21:05:41.018368
2025-10-12,4164.427734375,4195.3974609375,3701.478271484375,3750.946044921875,61216174681,ETH-USD,2026-04-10 21:05:41.018368
2025-10-13,4245.4677734375,4292.845703125,4061.224609375,4164.04931640625,50253782420,ETH-USD,2026-04-10 21:05:41.018368
2025-10-14,4125.412109375,4265.10546875,3895.9736328125,4245.37255859375,67094148347,ETH-USD,2026-04-10 21:05:41.018368
2025-10-15,3987.45947265625,4213.85595703125,3935.161376953125,4125.361328125,50462889453,ETH-USD,2026-04-10 21:05:41.018368
2025-10-16,3894.75439453125,4079.648193359375,3829.654052734375,3987.14892578125,49147390731,ETH-USD,2026-04-10 21:05:41.018368
2025-10-17,3832.558837890625,3950.56689453125,3678.620361328125,3894.377685546875,57404271888,ETH-USD,2026-04-10 21:05:41.018368
2025-10-18,3890.34619140625,3927.24560546875,3822.266357421875,3833.009521484375,23815676385,ETH-USD,2026-04-10 21:05:41.018368
2025-10-19,3984.649658203125,4029.35546875,3843.77294921875,3890.58349609375,32870655221,ETH-USD,2026-04-10 21:05:41.018368
2025-10-20,3980.76025390625,4084.15966796875,3911.726318359375,3984.6962890625,40224612563,ETH-USD,2026-04-10 21:05:41.018368
2025-10-21,3876.76416015625,4109.533203125,3843.227783203125,3980.740478515625,49960290350,ETH-USD,2026-04-10 21:05:41.018368
2025-10-22,3808.122314453125,3890.63232421875,3718.0771484375,3877.363037109375,46173305673,ETH-USD,2026-04-10 21:05:41.018368
2025-10-23,3856.0263671875,3930.974853515625,3801.241455078125,3808.0849609375,36361652714,ETH-USD,2026-04-10 21:05:41.018368
2025-10-24,3934.5673828125,4002.561767578125,3849.724853515625,3856.033203125,34090708715,ETH-USD,2026-04-10 21:05:41.018368
2025-10-25,3953.470947265625,3967.6455078125,3914.640625,3934.489990234375,15245229017,ETH-USD,2026-04-10 21:05:41.018368
2025-10-26,4157.9892578125,4177.310546875,3923.192626953125,3953.437255859375,29120786315,ETH-USD,2026-04-10 21:05:41.018368
2025-10-27,4120.1220703125,4250.669921875,4099.56982421875,4158.0107421875,40271333201,ETH-USD,2026-04-10 21:05:41.018368
2025-10-28,3982.262451171875,4173.50537109375,3940.834228515625,4120.27490234375,39684155177,ETH-USD,2026-04-10 21:05:41.018368
2025-10-29,3903.35302734375,4036.35302734375,3849.538818359375,3980.759033203125,35255876156,ETH-USD,2026-04-10 21:05:41.018368
2025-10-30,3804.375244140625,3948.22265625,3681.909423828125,3903.322509765625,39981939289,ETH-USD,2026-04-10 21:05:41.018368
2025-10-31,3847.080322265625,3900.580322265625,3797.669189453125,3805.082763671875,37800100395,ETH-USD,2026-04-10 21:05:41.018368
2025-11-01,3874.18798828125,3906.7802734375,3832.634765625,3847.17138671875,17490279524,ETH-USD,2026-04-10 21:05:41.018368
2025-11-02,3911.063232421875,3914.87548828125,3839.997314453125,3873.894287109375,20479611654,ETH-USD,2026-04-10 21:05:41.018368
2025-11-03,3602.30810546875,3912.63330078125,3560.263671875,3911.747802734375,53091469560,ETH-USD,2026-04-10 21:05:41.018368
2025-11-04,3292.574462890625,3652.687255859375,3063.0869140625,3602.040771484375,76827517773,ETH-USD,2026-04-10 21:05:41.018368
2025-11-05,3425.171142578125,3479.8095703125,3170.513916015625,3292.148193359375,46955882330,ETH-USD,2026-04-10 21:05:41.018368
2025-11-06,3312.2578125,3454.3359375,3245.28173828125,3425.361083984375,36731850433,ETH-USD,2026-04-10 21:05:41.018368
2025-11-07,3435.301025390625,3471.804931640625,3195.896728515625,3312.029296875,42609994022,ETH-USD,2026-04-10 21:05:41.018368
2025-11-08,3400.3759765625,3482.268310546875,3357.713134765625,3435.1474609375,23613870398,ETH-USD,2026-04-10 21:05:41.018368
2025-11-09,3582.621337890625,3616.43701171875,3359.717529296875,3400.0986328125,28821543888,ETH-USD,2026-04-10 21:05:41.018368
2025-11-10,3568.4599609375,3656.14892578125,3508.98583984375,3583.44482421875,35638045619,ETH-USD,2026-04-10 21:05:41.018368
2025-11-11,3415.2822265625,3644.5283203125,3404.86181640625,3568.47265625,39734688531,ETH-USD,2026-04-10 21:05:41.018368
2025-11-12,3413.09423828125,3586.013916015625,3373.711669921875,3415.7958984375,34898956623,ETH-USD,2026-04-10 21:05:41.018368
2025-11-13,3232.757080078125,3561.86083984375,3156.03076171875,3412.994873046875,50283416669,ETH-USD,2026-04-10 21:05:41.018368
2025-11-14,3103.78564453125,3252.660888671875,3071.970703125,3232.295166015625,47003809463,ETH-USD,2026-04-10 21:05:41.018368
2025-11-15,3166.63134765625,3227.690185546875,3104.230224609375,3104.230224609375,19932940649,ETH-USD,2026-04-10 21:05:41.018368
2025-11-16,3092.847412109375,3244.837646484375,3007.07275390625,3166.79345703125,30987886524,ETH-USD,2026-04-10 21:05:41.018368
2025-11-17,3024.538818359375,3218.13037109375,2957.3095703125,3092.941650390625,41026793235,ETH-USD,2026-04-10 21:05:41.018368
2025-11-18,3122.97900390625,3167.9326171875,2948.329345703125,3024.4140625,41581494270,ETH-USD,2026-04-10 21:05:41.018368
2025-11-19,3023.07080078125,3122.64599609375,2871.22802734375,3122.64599609375,40229739844,ETH-USD,2026-04-10 21:05:41.018368
2025-11-20,2831.777587890625,3057.78857421875,2790.597900390625,3022.885498046875,43917885207,ETH-USD,2026-04-10 21:05:41.018368
2025-11-21,2765.69921875,2880.60302734375,2626.87158203125,2829.2646484375,51476486049,ETH-USD,2026-04-10 21:05:41.018368
2025-11-22,2767.607421875,2795.4267578125,2704.502197265625,2766.090576171875,15408928941,ETH-USD,2026-04-10 21:05:41.018368
2025-11-23,2801.676025390625,2856.446533203125,2767.472900390625,2767.594970703125,20358404499,ETH-USD,2026-04-10 21:05:41.018368
2025-11-24,2952.71337890625,2982.822021484375,2763.3779296875,2801.204345703125,32491657389,ETH-USD,2026-04-10 21:05:41.018368
2025-11-25,2957.936279296875,2978.704345703125,2857.8359375,2952.58447265625,23336017779,ETH-USD,2026-04-10 21:05:41.018368
2025-11-26,3027.81201171875,3043.927001953125,2889.890625,2958.32958984375,21433162961,ETH-USD,2026-04-10 21:05:41.018368
2025-11-27,3014.542236328125,3070.73193359375,2987.19775390625,3027.799072265625,16972780500,ETH-USD,2026-04-10 21:05:41.018368
2025-11-28,3032.304443359375,3095.033203125,2995.76513671875,3014.543701171875,20659958964,ETH-USD,2026-04-10 21:05:41.018368
2025-11-29,2991.685302734375,3051.962890625,2966.850830078125,3032.29541015625,12775481230,ETH-USD,2026-04-10 21:05:41.018368
2025-11-30,2992.112548828125,3051.597900390625,2978.826171875,2991.375244140625,11530446514,ETH-USD,2026-04-10 21:05:41.018368
2025-12-01,2800.18896484375,2996.8818359375,2720.4365234375,2991.923095703125,36679598313,ETH-USD,2026-04-10 21:05:41.018368
2025-12-02,2997.939697265625,3032.76123046875,2784.390625,2800.22314453125,26593645111,ETH-USD,2026-04-10 21:05:41.018368
2025-12-03,3191.57177734375,3212.559814453125,2988.14208984375,2997.801513671875,29949301036,ETH-USD,2026-04-10 21:05:41.018368
2025-12-04,3134.31640625,3238.555419921875,3071.31005859375,3188.343505859375,27434991113,ETH-USD,2026-04-10 21:05:41.018368
2025-12-05,3024.432861328125,3192.45703125,2989.83154296875,3134.357421875,28000268228,ETH-USD,2026-04-10 21:05:41.018368
2025-12-06,3040.207763671875,3067.661376953125,3013.98193359375,3024.487548828125,10962819760,ETH-USD,2026-04-10 21:05:41.018368
2025-12-07,3061.3017578125,3148.7734375,2930.645263671875,3040.17919921875,20383496376,ETH-USD,2026-04-10 21:05:41.018368
2025-12-08,3125.197998046875,3177.86767578125,3043.703857421875,3061.013671875,25262165670,ETH-USD,2026-04-10 21:05:41.018368
2025-12-09,3321.114990234375,3395.838623046875,3092.87646484375,3124.942626953125,32012553374,ETH-USD,2026-04-10 21:05:41.018368
2025-12-10,3325.39013671875,3446.622802734375,3290.14697265625,3321.2041015625,30694387989,ETH-USD,2026-04-10 21:05:41.018368
2025-12-11,3237.056884765625,3327.344482421875,3149.034423828125,3324.38671875,29066243707,ETH-USD,2026-04-10 21:05:41.018368
2025-12-12,3084.172607421875,3265.37255859375,3050.267333984375,3237.025634765625,24391003174,ETH-USD,2026-04-10 21:05:41.018368
2025-12-13,3116.6953125,3134.849365234375,3080.07861328125,3084.129638671875,9916869400,ETH-USD,2026-04-10 21:05:41.018368
2025-12-14,3060.5947265625,3128.622802734375,3034.692626953125,3116.743896484375,15619543350,ETH-USD,2026-04-10 21:05:41.018368
2025-12-15,2964.18310546875,3175.1181640625,2899.685791015625,3060.4814453125,28765976892,ETH-USD,2026-04-10 21:05:41.018368
2025-12-16,2964.180908203125,2978.92138671875,2890.01171875,2964.379638671875,22709189818,ETH-USD,2026-04-10 21:05:41.018368
2025-12-17,2831.403564453125,3025.8154296875,2791.333984375,2964.01953125,26159825528,ETH-USD,2026-04-10 21:05:41.018368
2025-12-18,2827.069091796875,2994.552734375,2777.11962890625,2831.48828125,29194181349,ETH-USD,2026-04-10 21:05:41.018368
2025-12-19,2977.970703125,3014.6123046875,2811.3916015625,2827.410400390625,27870687989,ETH-USD,2026-04-10 21:05:41.018368
2025-12-20,2977.58251953125,2992.31005859375,2967.838623046875,2977.869140625,7612418215,ETH-USD,2026-04-10 21:05:41.018368
2025-12-21,3001.61376953125,3009.80712890625,2945.394775390625,2977.508544921875,11178096676,ETH-USD,2026-04-10 21:05:41.018368
2025-12-22,3006.07373046875,3073.353759765625,2965.175048828125,3001.61279296875,20342034264,ETH-USD,2026-04-10 21:05:41.018368
2025-12-23,2963.3740234375,3033.1962890625,2902.3330078125,3006.073974609375,21453213168,ETH-USD,2026-04-10 21:05:41.018368
2025-12-24,2945.590576171875,2975.171142578125,2888.988037109375,2962.922607421875,13984770325,ETH-USD,2026-04-10 21:05:41.018368
2025-12-25,2903.57958984375,2968.705078125,2891.10888671875,2945.423095703125,11828871179,ETH-USD,2026-04-10 21:05:41.018368
2025-12-26,2925.74560546875,2991.219970703125,2894.15380859375,2903.625,18562196049,ETH-USD,2026-04-10 21:05:41.018368
2025-12-27,2947.998291015625,2957.300537109375,2917.271240234375,2925.7451171875,7378783299,ETH-USD,2026-04-10 21:05:41.018368
2025-12-28,2948.568115234375,2957.138671875,2925.745361328125,2947.898193359375,9227601389,ETH-USD,2026-04-10 21:05:41.018368
2025-12-29,2934.538330078125,3051.94189453125,2908.748046875,2948.55908203125,25957694515,ETH-USD,2026-04-10 21:05:41.018368
2025-12-30,2971.416748046875,3002.8046875,2916.330078125,2934.416259765625,18816704381,ETH-USD,2026-04-10 21:05:41.018368
2025-12-31,2967.03759765625,3021.849609375,2959.143798828125,2971.407470703125,16451891101,ETH-USD,2026-04-10 21:05:41.018368
2026-01-01,3000.394287109375,3006.01025390625,2966.84521484375,2966.997314453125,10268796662,ETH-USD,2026-04-10 21:05:41.018368
2026-01-02,3124.422607421875,3146.984375,2989.9013671875,3000.453125,25242778003,ETH-USD,2026-04-10 21:05:41.018368
2026-01-03,3125.91748046875,3135.025634765625,3077.4658203125,3124.310302734375,11460707919,ETH-USD,2026-04-10 21:05:41.018368
2026-01-04,3140.71044921875,3160.551025390625,3119.427490234375,3125.960205078125,13890479323,ETH-USD,2026-04-10 21:05:41.018368
2026-01-05,3226.13037109375,3261.245849609375,3134.0927734375,3141.486328125,27211995956,ETH-USD,2026-04-10 21:05:41.018368
2026-01-06,3295.94677734375,3303.5634765625,3184.0146484375,3226.116455078125,27853981622,ETH-USD,2026-04-10 21:05:41.018368
2026-01-07,3166.843994140625,3296.394287109375,3126.552001953125,3295.91259765625,22665982583,ETH-USD,2026-04-10 21:05:41.018368
2026-01-08,3104.382568359375,3179.866455078125,3052.509765625,3166.924072265625,22760237888,ETH-USD,2026-04-10 21:05:41.018368
2026-01-09,3083.047119140625,3140.709228515625,3058.096923828125,3104.334716796875,18879517395,ETH-USD,2026-04-10 21:05:41.018368
2026-01-10,3082.39599609375,3099.16748046875,3075.135498046875,3083.16650390625,6960662969,ETH-USD,2026-04-10 21:05:41.018368
2026-01-11,3118.88525390625,3141.9580078125,3080.747802734375,3082.407470703125,10497219711,ETH-USD,2026-04-10 21:05:41.018368
2026-01-12,3092.3251953125,3166.219970703125,3068.07275390625,3118.828857421875,21152711365,ETH-USD,2026-04-10 21:05:41.018368
2026-01-13,3322.095458984375,3352.580078125,3088.512939453125,3092.008544921875,27237310134,ETH-USD,2026-04-10 21:05:41.018368
2026-01-14,3354.72265625,3397.897705078125,3280.378662109375,3322.192138671875,33926411912,ETH-USD,2026-04-10 21:05:41.018368
2026-01-15,3317.101318359375,3382.44873046875,3276.820068359375,3354.765869140625,27598686935,ETH-USD,2026-04-10 21:05:41.018368
2026-01-16,3295.482177734375,3325.25048828125,3251.814453125,3317.341796875,22732887284,ETH-USD,2026-04-10 21:05:41.018368
2026-01-17,3308.8642578125,3328.283447265625,3282.661865234375,3295.482666015625,11206492253,ETH-USD,2026-04-10 21:05:41.018368
2026-01-18,3281.15771484375,3367.167724609375,3278.4267578125,3308.90576171875,13557863288,ETH-USD,2026-04-10 21:05:41.018368
2026-01-19,3186.62109375,3282.65478515625,3166.0166015625,3282.19921875,27956112545,ETH-USD,2026-04-10 21:05:41.018368
2026-01-20,2935.605712890625,3197.391845703125,2925.54345703125,3186.62109375,32985301273,ETH-USD,2026-04-10 21:05:41.018368
2026-01-21,2978.901123046875,3064.390625,2867.264404296875,2935.882080078125,35797876195,ETH-USD,2026-04-10 21:05:41.018368
2026-01-22,2949.63330078125,3034.338134765625,2905.562744140625,2979.307861328125,21993593333,ETH-USD,2026-04-10 21:05:41.018368
2026-01-23,2953.25634765625,3013.9541015625,2892.52099609375,2949.44580078125,22417700837,ETH-USD,2026-04-10 21:05:41.018368
2026-01-24,2948.74072265625,2965.46875,2942.444580078125,2953.23828125,8198666763,ETH-USD,2026-04-10 21:05:41.018368
2026-01-25,2815.90234375,2955.016845703125,2785.896728515625,2948.534423828125,22414089670,ETH-USD,2026-04-10 21:05:41.018368
2026-01-26,2926.45703125,2945.99755859375,2811.074951171875,2815.768798828125,29668620102,ETH-USD,2026-04-10 21:05:41.018368
2026-01-27,3022.2109375,3031.03857421875,2898.3115234375,2926.201171875,27976005223,ETH-USD,2026-04-10 21:05:41.018368
2026-01-28,3006.607421875,3040.718505859375,2981.589599609375,3022.237548828125,21751566455,ETH-USD,2026-04-10 21:05:41.018368
2026-01-29,2818.232666015625,3008.03759765625,2751.64501953125,3006.26171875,37487198041,ETH-USD,2026-04-10 21:05:41.018368
2026-01-30,2702.375244140625,2823.91455078125,2633.8388671875,2818.135498046875,41877689970,ETH-USD,2026-04-10 21:05:41.018368
2026-01-31,2445.091796875,2709.53369140625,2248.69873046875,2702.301513671875,47569532203,ETH-USD,2026-04-10 21:05:41.018368
2026-02-01,2267.96484375,2472.646240234375,2224.117919921875,2445.0693359375,40358630560,ETH-USD,2026-04-10 21:05:41.018368
2026-02-02,2344.356689453125,2393.0634765625,2158.937255859375,2267.5625,48844346396,ETH-USD,2026-04-10 21:05:41.018368
2026-02-03,2227.558837890625,2357.2060546875,2109.05517578125,2344.44580078125,47906083919,ETH-USD,2026-04-10 21:05:41.018368
2026-02-04,2143.504150390625,2291.13134765625,2074.102783203125,2227.967041015625,45219604814,ETH-USD,2026-04-10 21:05:41.018368
2026-02-05,1821.68310546875,2167.139892578125,1818.664306640625,2143.618896484375,60381662655,ETH-USD,2026-04-10 21:05:41.018368
2026-02-06,2063.386962890625,2090.328125,1748.627685546875,1821.12939453125,64998454203,ETH-USD,2026-04-10 21:05:41.018368
2026-02-07,2090.54931640625,2115.824951171875,1995.9185791015625,2063.333740234375,41145430304,ETH-USD,2026-04-10 21:05:41.018368
2026-02-08,2088.762939453125,2148.12060546875,2066.3837890625,2090.633544921875,19541713443,ETH-USD,2026-04-10 21:05:41.018368
2026-02-09,2103.567626953125,2144.97607421875,2008.3623046875,2087.92138671875,26750982266,ETH-USD,2026-04-10 21:05:41.018368
2026-02-10,2019.4974365234375,2122.021484375,1990.1405029296875,2104.181884765625,23267337087,ETH-USD,2026-04-10 21:05:41.018368
2026-02-11,1940.621337890625,2030.409423828125,1903.6851806640625,2019.580078125,23922680362,ETH-USD,2026-04-10 21:05:41.018368
2026-02-12,1946.940673828125,1999.5028076171875,1897.3348388671875,1940.8411865234375,20106364835,ETH-USD,2026-04-10 21:05:41.018368
2026-02-13,2048.52734375,2069.456787109375,1924.136962890625,1946.6107177734375,20412430639,ETH-USD,2026-04-10 21:05:41.018368
2026-02-14,2086.009765625,2105.067626953125,2042.6414794921875,2048.330322265625,16925555543,ETH-USD,2026-04-10 21:05:41.018368
2026-02-15,1966.04296875,2100.47900390625,1929.3944091796875,2085.95361328125,31030538835,ETH-USD,2026-04-10 21:05:41.018368
2026-02-16,1997.917724609375,2021.0836181640625,1938.5450439453125,1965.9232177734375,19219250473,ETH-USD,2026-04-10 21:05:41.018368
2026-02-17,1992.1943359375,2013.8560791015625,1941.7789306640625,1997.9217529296875,20929890501,ETH-USD,2026-04-10 21:05:41.018368
2026-02-18,1953.97412109375,2037.1585693359375,1923.8134765625,1992.195068359375,20187307041,ETH-USD,2026-04-10 21:05:41.018368
2026-02-19,1948.2010498046875,1985.8076171875,1906.822021484375,1953.994140625,17380103826,ETH-USD,2026-04-10 21:05:41.018368
2026-02-20,1969.0223388671875,1980.2437744140625,1923.622802734375,1948.268798828125,21682976627,ETH-USD,2026-04-10 21:05:41.018368
2026-02-21,1973.7371826171875,1994.8277587890625,1955.794189453125,1968.86181640625,11561261802,ETH-USD,2026-04-10 21:05:41.018368
2026-02-22,1957.805908203125,1982.2142333984375,1934.8607177734375,1973.57080078125,9488829492,ETH-USD,2026-04-10 21:05:41.018368
2026-02-23,1855.5028076171875,1958.1396484375,1838.0416259765625,1958.1396484375,23731172668,ETH-USD,2026-04-10 21:05:41.018368
2026-02-24,1852.969482421875,1868.3206787109375,1804.1136474609375,1855.4727783203125,18475122228,ETH-USD,2026-04-10 21:05:41.018368
2026-02-25,2054.6279296875,2145.506103515625,1847.05419921875,1852.87548828125,27717195805,ETH-USD,2026-04-10 21:05:41.018368
2026-02-26,2026.7926025390625,2082.78662109375,1976.3575439453125,2053.78271484375,23327720766,ETH-USD,2026-04-10 21:05:41.018368
2026-02-27,1930.7618408203125,2062.627197265625,1888.6287841796875,2026.735107421875,21136821039,ETH-USD,2026-04-10 21:05:41.018368
2026-02-28,1965.050537109375,1983.9927978515625,1837.303466796875,1930.7469482421875,21675923669,ETH-USD,2026-04-10 21:05:41.018368
2026-03-01,1939.066650390625,2053.28564453125,1909.098388671875,1965.3902587890625,23649071468,ETH-USD,2026-04-10 21:05:41.018368
2026-03-02,2027.2689208984375,2085.427978515625,1922.4390869140625,1939.0587158203125,26235436166,ETH-USD,2026-04-10 21:05:41.018368
2026-03-03,1982.7689208984375,2040.7916259765625,1930.4029541015625,2027.407958984375,24100196312,ETH-USD,2026-04-10 21:05:41.018368
2026-03-04,2126.50537109375,2198.65673828125,1946.0396728515625,1982.711181640625,33610946768,ETH-USD,2026-04-10 21:05:41.018368
2026-03-05,2071.60546875,2163.0361328125,2056.01904296875,2126.560546875,22383576284,ETH-USD,2026-04-10 21:05:41.018368
2026-03-06,1978.751220703125,2092.51513671875,1957.0150146484375,2072.025634765625,19733648079,ETH-USD,2026-04-10 21:05:41.018368
2026-03-07,1969.4554443359375,1994.9705810546875,1950.0224609375,1978.6905517578125,10236899078,ETH-USD,2026-04-10 21:05:41.018368
2026-03-08,1936.604736328125,1978.7071533203125,1915.301025390625,1969.4522705078125,16314032554,ETH-USD,2026-04-10 21:05:41.018368
2026-03-09,1992.938232421875,2052.327392578125,1930.59912109375,1936.637451171875,24015826480,ETH-USD,2026-04-10 21:05:41.018368
2026-03-10,2037.1204833984375,2087.9853515625,1992.01416015625,1992.986083984375,23552353781,ETH-USD,2026-04-10 21:05:41.018368
2026-03-11,2051.5732421875,2085.286376953125,2008.0386962890625,2037.1212158203125,19031715359,ETH-USD,2026-04-10 21:05:41.018368
2026-03-12,2073.13623046875,2094.32568359375,2019.27783203125,2051.7666015625,20624954899,ETH-USD,2026-04-10 21:05:41.018368
2026-03-13,2092.5634765625,2206.813232421875,2071.582275390625,2073.289306640625,29345212033,ETH-USD,2026-04-10 21:05:41.018368
2026-03-14,2097.086669921875,2105.5712890625,2062.659423828125,2092.558349609375,10073411269,ETH-USD,2026-04-10 21:05:41.018368
2026-03-15,2177.476318359375,2201.95556640625,2084.20947265625,2096.880859375,15333885132,ETH-USD,2026-04-10 21:05:41.018368
2026-03-16,2351.176025390625,2384.466552734375,2166.00244140625,2177.782958984375,38938369545,ETH-USD,2026-04-10 21:05:41.018368
2026-03-17,2318.053466796875,2375.455078125,2297.668701171875,2351.134765625,26737564550,ETH-USD,2026-04-10 21:05:41.018368
2026-03-18,2203.671630859375,2348.904296875,2154.584228515625,2318.556884765625,25617966362,ETH-USD,2026-04-10 21:05:41.018368
2026-03-19,2137.423828125,2232.203857421875,2099.88916015625,2203.478759765625,24090913749,ETH-USD,2026-04-10 21:05:41.018368
2026-03-20,2146.4970703125,2175.699462890625,2117.276123046875,2137.394287109375,17970488517,ETH-USD,2026-04-10 21:05:41.018368
2026-03-21,2076.68994140625,2166.7158203125,2072.38330078125,2146.7099609375,8654913047,ETH-USD,2026-04-10 21:05:41.018368
2026-03-22,2053.04833984375,2125.9765625,2027.0478515625,2077.201171875,16438149794,ETH-USD,2026-04-10 21:05:41.018368
2026-03-23,2152.14599609375,2195.99169921875,2023.2718505859375,2052.953125,28509077302,ETH-USD,2026-04-10 21:05:41.018368
2026-03-24,2155.704345703125,2174.325927734375,2103.3828125,2152.114501953125,18389631713,ETH-USD,2026-04-10 21:05:41.018368
2026-03-25,2168.021484375,2198.369873046875,2146.6162109375,2155.719482421875,17086301657,ETH-USD,2026-04-10 21:05:41.018368
2026-03-26,2059.578369140625,2171.156982421875,2033.7310791015625,2168.02880859375,18628112246,ETH-USD,2026-04-10 21:05:41.018368
2026-03-27,1991.27197265625,2075.17041015625,1971.5067138671875,2059.44873046875,19453998121,ETH-USD,2026-04-10 21:05:41.018368
2026-03-28,1992.694580078125,2038.7030029296875,1982.1300048828125,1991.283447265625,8641221084,ETH-USD,2026-04-10 21:05:41.018368
2026-03-29,1982.5596923828125,2016.545166015625,1939.5286865234375,1992.69384765625,9451184647,ETH-USD,2026-04-10 21:05:41.018368
2026-03-30,2023.514892578125,2082.064697265625,1979.076904296875,1982.5506591796875,17840662425,ETH-USD,2026-04-10 21:05:41.018368
2026-03-31,2104.708251953125,2118.796875,2011.7952880859375,2023.5206298828125,21278561395,ETH-USD,2026-04-10 21:05:41.018368
2026-04-01,2138.737060546875,2165.666259765625,2082.291748046875,2104.717529296875,19542997434,ETH-USD,2026-04-10 21:05:41.018368
2026-04-02,2056.8525390625,2158.15771484375,2016.989990234375,2138.7236328125,18847170816,ETH-USD,2026-04-10 21:05:41.018368
2026-04-03,2053.38525390625,2075.764404296875,2042.176025390625,2056.704833984375,9609678843,ETH-USD,2026-04-10 21:05:41.018368
2026-04-04,2065.3515625,2082.00244140625,2044.87158203125,2053.58447265625,6926913517,ETH-USD,2026-04-10 21:05:41.018368
2026-04-05,2108.99560546875,2120.49951171875,2022.6453857421875,2065.37060546875,9928800793,ETH-USD,2026-04-10 21:05:41.018368
2026-04-06,2107.761474609375,2172.985107421875,2089.10009765625,2108.935791015625,19097527675,ETH-USD,2026-04-10 21:05:41.018368
2024-01-01,109.50868225097656,109.50868225097656,101.51280975341797,101.51280975341797,2157671990,SOL-USD,2026-04-10 21:05:42.10426
2024-01-02,106.61122131347656,116.88249206542969,106.38898468017578,109.54906463623047,3782057553,SOL-USD,2026-04-10 21:05:42.10426
2024-01-03,98.59443664550781,109.84809112548828,92.92366790771484,106.61653137207031,5472216595,SOL-USD,2026-04-10 21:05:42.10426
2024-01-04,105.0775375366211,107.98246765136719,97.10832977294922,98.58697509765625,3272723247,SOL-USD,2026-04-10 21:05:42.10426
2024-01-05,99.97879028320312,105.23542785644531,95.9427261352539,105.05200958251953,3022127826,SOL-USD,2026-04-10 21:05:42.10426
2024-01-06,93.85771942138672,100.03740692138672,92.02278900146484,99.98799133300781,2235902092,SOL-USD,2026-04-10 21:05:42.10426
2024-01-07,89.2763442993164,96.69239807128906,88.22345733642578,93.8603515625,2288061692,SOL-USD,2026-04-10 21:05:42.10426
2024-01-08,97.79044342041016,99.76187133789062,85.64669799804688,89.2781753540039,4152448360,SOL-USD,2026-04-10 21:05:42.10426
2024-01-09,99.40918731689453,103.7961654663086,95.89379119873047,97.81603240966797,4070131683,SOL-USD,2026-04-10 21:05:42.10426
2024-01-10,102.03302001953125,105.0823745727539,92.56326293945312,99.38423919677734,4216429514,SOL-USD,2026-04-10 21:05:42.10426
2024-01-11,99.90943908691406,106.93573760986328,98.4124984741211,102.10365295410156,4174026719,SOL-USD,2026-04-10 21:05:42.10426
2024-01-12,91.72090911865234,100.2544937133789,88.30984497070312,99.91187286376953,2868799888,SOL-USD,2026-04-10 21:05:42.10426
2024-01-13,95.73004913330078,96.91764831542969,89.7544937133789,91.7597427368164,1880329065,SOL-USD,2026-04-10 21:05:42.10426
2024-01-14,94.13314056396484,102.173583984375,93.89056396484375,95.73265075683594,2736734725,SOL-USD,2026-04-10 21:05:42.10426
2024-01-15,94.49022674560547,96.82123565673828,93.2411117553711,94.03654479980469,1755858499,SOL-USD,2026-04-10 21:05:42.10426
2024-01-16,97.62691497802734,98.59530639648438,94.39668273925781,94.43834686279297,1806576879,SOL-USD,2026-04-10 21:05:42.10426
2024-01-17,102.0635986328125,102.4337387084961,97.05516052246094,97.61580657958984,3220344763,SOL-USD,2026-04-10 21:05:42.10426
2024-01-18,94.2509536743164,102.92314147949219,92.14057922363281,102.02949523925781,2684524713,SOL-USD,2026-04-10 21:05:42.10426
2024-01-19,93.38616943359375,95.16472625732422,87.48365783691406,94.25067138671875,2631067383,SOL-USD,2026-04-10 21:05:42.10426
2024-01-20,92.56983947753906,94.02531433105469,90.4937515258789,93.393798828125,1204443546,SOL-USD,2026-04-10 21:05:42.10426
2024-01-21,90.84843444824219,93.71378326416016,90.84843444824219,92.58952331542969,894963197,SOL-USD,2026-04-10 21:05:42.10426
2024-01-22,83.62281036376953,91.63616180419922,82.6597671508789,90.90369415283203,2662287481,SOL-USD,2026-04-10 21:05:42.10426
2024-01-23,84.27450561523438,85.8401870727539,79.06669616699219,83.62184143066406,2990436327,SOL-USD,2026-04-10 21:05:42.10426
2024-01-24,88.73200988769531,89.2677230834961,83.41868591308594,84.28726196289062,2352477736,SOL-USD,2026-04-10 21:05:42.10426
2024-01-25,86.88921356201172,89.37682342529297,85.273681640625,88.73780059814453,1674093024,SOL-USD,2026-04-10 21:05:42.10426
2024-01-26,92.44236755371094,93.52867126464844,86.14839172363281,86.88945007324219,2027305107,SOL-USD,2026-04-10 21:05:42.10426
2024-01-27,94.16321563720703,94.43761444091797,90.84476470947266,92.38762664794922,1256585307,SOL-USD,2026-04-10 21:05:42.10426
2024-01-28,95.93798065185547,99.37737274169922,93.538330078125,94.18190002441406,2425625612,SOL-USD,2026-04-10 21:05:42.10426
2024-01-29,101.56666564941406,101.77191162109375,95.17613220214844,95.93798065185547,2604890575,SOL-USD,2026-04-10 21:05:42.10426
2024-01-30,101.47297668457031,106.21345520019531,101.10939025878906,101.56666564941406,3328090833,SOL-USD,2026-04-10 21:05:42.10426
2024-01-31,97.0287094116211,102.54806518554688,96.10359191894531,101.44925689697266,3814467068,SOL-USD,2026-04-10 21:05:42.10426
2024-02-01,97.84669494628906,97.9441909790039,93.37918853759766,97.02484130859375,2951395444,SOL-USD,2026-04-10 21:05:42.10426
2024-02-02,100.44052124023438,102.41262817382812,97.57415771484375,97.8346939086914,2574044077,SOL-USD,2026-04-10 21:05:42.10426
2024-02-03,97.8799819946289,101.0589828491211,96.81257629394531,100.45113372802734,1349320819,SOL-USD,2026-04-10 21:05:42.10426
2024-02-04,95.47695922851562,98.45758819580078,95.26637268066406,97.88506317138672,1304106726,SOL-USD,2026-04-10 21:05:42.10426
2024-02-05,95.54866027832031,98.5440444946289,94.29252624511719,95.47146606445312,1635327054,SOL-USD,2026-04-10 21:05:42.10426
2024-02-06,96.86107635498047,97.79078674316406,93.2807388305664,95.54961395263672,1699997346,SOL-USD,2026-04-10 21:05:42.10426
2024-02-07,100.97927856445312,101.23660278320312,94.72022247314453,96.86189270019531,1733607189,SOL-USD,2026-04-10 21:05:42.10426
2024-02-08,102.78563690185547,104.79804229736328,100.55369567871094,100.99549865722656,2288429230,SOL-USD,2026-04-10 21:05:42.10426
2024-02-09,106.93333435058594,108.98772430419922,102.79017639160156,102.79017639160156,2852770180,SOL-USD,2026-04-10 21:05:42.10426
2024-02-10,109.1314697265625,110.74279022216797,106.93366241455078,106.93366241455078,1836561570,SOL-USD,2026-04-10 21:05:42.10426
2024-02-11,107.49528503417969,110.55686950683594,107.35765075683594,109.1166763305664,1370383843,SOL-USD,2026-04-10 21:05:42.10426
2024-02-12,111.99275207519531,112.06966400146484,103.60929107666016,107.49263000488281,2650731894,SOL-USD,2026-04-10 21:05:42.10426
2024-02-13,112.57930755615234,114.8106460571289,108.49378204345703,111.97724914550781,2709494768,SOL-USD,2026-04-10 21:05:42.10426
2024-02-14,116.97632598876953,118.3277816772461,110.87847137451172,112.57496643066406,2391239729,SOL-USD,2026-04-10 21:05:42.10426
2024-02-15,113.69940948486328,118.3064956665039,111.77587890625,116.98538970947266,2471486178,SOL-USD,2026-04-10 21:05:42.10426
2024-02-16,110.44591522216797,114.25308990478516,108.34872436523438,113.6730728149414,1921299579,SOL-USD,2026-04-10 21:05:42.10426
2024-02-17,108.98401641845703,111.07304382324219,106.1252212524414,110.44330596923828,1370606631,SOL-USD,2026-04-10 21:05:42.10426
2024-02-18,112.17467498779297,114.00138092041016,107.60671997070312,108.98760223388672,1516321334,SOL-USD,2026-04-10 21:05:42.10426
2024-02-19,111.4853286743164,114.71797943115234,111.08141326904297,112.17882537841797,1898655220,SOL-USD,2026-04-10 21:05:42.10426
2024-02-20,108.45964050292969,112.0367431640625,104.89022827148438,111.48344421386719,2656976089,SOL-USD,2026-04-10 21:05:42.10426
2024-02-21,105.1252212524414,108.45266723632812,100.41201782226562,108.45266723632812,2246861647,SOL-USD,2026-04-10 21:05:42.10426
2024-02-22,101.66979217529297,106.99540710449219,101.64240264892578,105.12030792236328,1830636004,SOL-USD,2026-04-10 21:05:42.10426
2024-02-23,99.95469665527344,103.02283477783203,98.9583511352539,101.67462158203125,1483285120,SOL-USD,2026-04-10 21:05:42.10426
2024-02-24,104.1335220336914,104.64539337158203,98.585205078125,99.95437622070312,1083637514,SOL-USD,2026-04-10 21:05:42.10426
2024-02-25,103.4534912109375,104.32994079589844,102.17102813720703,104.1326675415039,909662462,SOL-USD,2026-04-10 21:05:42.10426
2024-02-26,109.91853332519531,110.58035278320312,100.4552001953125,103.4507064819336,2334408023,SOL-USD,2026-04-10 21:05:42.10426
2024-02-27,108.3880844116211,112.2047119140625,105.89693450927734,109.91878509521484,2723995106,SOL-USD,2026-04-10 21:05:42.10426
2024-02-28,118.05220031738281,118.05220031738281,107.46087646484375,108.39923858642578,5029492553,SOL-USD,2026-04-10 21:05:42.10426
2024-02-29,125.71151733398438,134.4656982421875,117.66751861572266,118.2387466430664,6950123902,SOL-USD,2026-04-10 21:05:42.10426
2024-03-01,129.9904022216797,137.60186767578125,125.63670349121094,125.63670349121094,4743077738,SOL-USD,2026-04-10 21:05:42.10426
2024-03-02,129.70018005371094,131.45486450195312,127.6808853149414,129.98231506347656,2741772676,SOL-USD,2026-04-10 21:05:42.10426
2024-03-03,130.45086669921875,132.062744140625,125.76932525634766,129.7933807373047,2875614168,SOL-USD,2026-04-10 21:05:42.10426
2024-03-04,133.194580078125,134.87417602539062,127.79814147949219,130.42323303222656,4429758300,SOL-USD,2026-04-10 21:05:42.10426
2024-03-05,125.70671081542969,142.65093994140625,109.53875732421875,133.15936279296875,8980294607,SOL-USD,2026-04-10 21:05:42.10426
2024-03-06,130.7420196533203,134.8106231689453,120.31733703613281,125.69921112060547,5146680159,SOL-USD,2026-04-10 21:05:42.10426
2024-03-07,143.9778594970703,149.2247314453125,130.70175170898438,130.7420196533203,7111178325,SOL-USD,2026-04-10 21:05:42.10426
2024-03-08,145.2400360107422,152.4179229736328,142.53614807128906,143.97727966308594,5474659974,SOL-USD,2026-04-10 21:05:42.10426
2024-03-09,144.6072540283203,149.35128784179688,144.29037475585938,145.24032592773438,2946261381,SOL-USD,2026-04-10 21:05:42.10426
2024-03-10,144.5151824951172,148.6719207763672,140.83999633789062,144.60733032226562,3407621981,SOL-USD,2026-04-10 21:05:42.10426
2024-03-11,148.75096130371094,150.01797485351562,137.6329803466797,144.5144805908203,5383624184,SOL-USD,2026-04-10 21:05:42.10426
2024-03-12,151.01544189453125,154.94229125976562,142.87014770507812,148.7496795654297,6413617983,SOL-USD,2026-04-10 21:05:42.10426
2024-03-13,163.83981323242188,166.44876098632812,148.94561767578125,151.01544189453125,5917471836,SOL-USD,2026-04-10 21:05:42.10426
2024-03-14,176.67974853515625,177.8926239013672,160.23355102539062,163.83993530273438,8399967972,SOL-USD,2026-04-10 21:05:42.10426
2024-03-15,182.96469116210938,188.50135803222656,165.4127197265625,176.67974853515625,14093348410,SOL-USD,2026-04-10 21:05:42.10426
2024-03-16,181.88034057617188,197.65599060058594,177.46127319335938,182.96751403808594,11794134069,SOL-USD,2026-04-10 21:05:42.10426
2024-03-17,202.12356567382812,204.29254150390625,179.22560119628906,181.88034057617188,10876218562,SOL-USD,2026-04-10 21:05:42.10426
2024-03-18,195.9927520751953,209.69606018066406,194.8494110107422,202.1226043701172,11137647410,SOL-USD,2026-04-10 21:05:42.10426
2024-03-19,170.0162811279297,198.24107360839844,166.17674255371094,195.9927520751953,11658593922,SOL-USD,2026-04-10 21:05:42.10426
2024-03-20,191.54962158203125,192.9118194580078,163.2962646484375,170.0162811279297,8673957460,SOL-USD,2026-04-10 21:05:42.10426
2024-03-21,179.2207489013672,195.30612182617188,176.2833251953125,191.54962158203125,5613811275,SOL-USD,2026-04-10 21:05:42.10426
2024-03-22,174.36370849609375,181.3232421875,167.8778533935547,179.23980712890625,4150938142,SOL-USD,2026-04-10 21:05:42.10426
2024-03-23,172.90225219726562,178.80010986328125,171.0169677734375,174.36370849609375,2711581881,SOL-USD,2026-04-10 21:05:42.10426
2024-03-24,183.57345581054688,186.62942504882812,171.67372131347656,172.8978729248047,2661231893,SOL-USD,2026-04-10 21:05:42.10426
2024-03-25,189.0835418701172,194.43026733398438,181.25234985351562,183.57345581054688,4066489821,SOL-USD,2026-04-10 21:05:42.10426
2024-03-26,190.69985961914062,196.2930450439453,186.75282287597656,189.08338928222656,3520179571,SOL-USD,2026-04-10 21:05:42.10426
2024-03-27,186.36146545410156,192.49658203125,180.42044067382812,190.69998168945312,3844985014,SOL-USD,2026-04-10 21:05:42.10426
2024-03-28,189.6216278076172,190.8834686279297,180.99761962890625,186.36146545410156,2910414256,SOL-USD,2026-04-10 21:05:42.10426
2024-03-29,192.2279510498047,192.96981811523438,183.6461639404297,189.6216278076172,3031009580,SOL-USD,2026-04-10 21:05:42.10426
2024-03-30,194.3855438232422,199.73094177246094,191.21678161621094,192.2278594970703,2999311846,SOL-USD,2026-04-10 21:05:42.10426
2024-03-31,202.87413024902344,203.02679443359375,194.0353240966797,194.37579345703125,2342185476,SOL-USD,2026-04-10 21:05:42.10426
2024-04-01,192.5678253173828,204.1797637939453,187.4888916015625,202.8744354248047,3872515434,SOL-USD,2026-04-10 21:05:42.10426
2024-04-02,181.17225646972656,192.56942749023438,176.132080078125,192.5678253173828,4553269015,SOL-USD,2026-04-10 21:05:42.10426
2024-04-03,185.2486114501953,191.6926727294922,177.3955078125,181.1727294921875,4160370221,SOL-USD,2026-04-10 21:05:42.10426
2024-04-04,183.95811462402344,190.06968688964844,180.51229858398438,185.2486114501953,4101220964,SOL-USD,2026-04-10 21:05:42.10426
2024-04-05,174.5015106201172,184.977783203125,168.23606872558594,183.95811462402344,7398400404,SOL-USD,2026-04-10 21:05:42.10426
2024-04-06,178.91534423828125,179.69752502441406,173.8743133544922,174.5015106201172,4672922789,SOL-USD,2026-04-10 21:05:42.10426
2024-04-07,179.6498565673828,182.5382080078125,177.0657958984375,178.91534423828125,1854793003,SOL-USD,2026-04-10 21:05:42.10426
2024-04-08,180.78477478027344,184.30287170410156,175.58998107910156,179.65069580078125,2744377905,SOL-USD,2026-04-10 21:05:42.10426
2024-04-09,172.4136199951172,180.82568359375,169.36776733398438,180.77951049804688,2688188866,SOL-USD,2026-04-10 21:05:42.10426
2024-04-10,173.43736267089844,175.32261657714844,163.81312561035156,172.4142608642578,3344074648,SOL-USD,2026-04-10 21:05:42.10426
2024-04-11,172.5763702392578,176.2355194091797,170.3934326171875,173.43736267089844,2712334365,SOL-USD,2026-04-10 21:05:42.10426
2024-04-12,153.63546752929688,175.8086395263672,145.51638793945312,172.5763702392578,4727185451,SOL-USD,2026-04-10 21:05:42.10426
2024-04-13,139.34169006347656,154.94395446777344,119.83334350585938,153.6344757080078,8976793985,SOL-USD,2026-04-10 21:05:42.10426
2024-04-14,151.28494262695312,152.50100708007812,131.28717041015625,139.34169006347656,7110974218,SOL-USD,2026-04-10 21:05:42.10426
2024-04-15,138.5086212158203,155.96116638183594,134.5725555419922,151.2994384765625,5699439234,SOL-USD,2026-04-10 21:05:42.10426
2024-04-16,136.27932739257812,140.27830505371094,126.86528015136719,138.507568359375,5156084639,SOL-USD,2026-04-10 21:05:42.10426
2024-04-17,131.86618041992188,142.60438537597656,127.5289535522461,136.27911376953125,4888546522,SOL-USD,2026-04-10 21:05:42.10426
2024-04-18,142.0823974609375,143.72735595703125,128.07675170898438,131.86717224121094,4193561506,SOL-USD,2026-04-10 21:05:42.10426
2024-04-19,142.6804962158203,147.3337860107422,128.86282348632812,142.0823974609375,5857667913,SOL-USD,2026-04-10 21:05:42.10426
2024-04-20,151.13356018066406,152.09918212890625,140.00570678710938,142.67845153808594,2795892211,SOL-USD,2026-04-10 21:05:42.10426
2024-04-21,148.60931396484375,153.42225646972656,147.16952514648438,151.1340789794922,2211663291,SOL-USD,2026-04-10 21:05:42.10426
2024-04-22,157.03121948242188,158.37271118164062,146.99169921875,148.60931396484375,2959650502,SOL-USD,2026-04-10 21:05:42.10426
2024-04-23,154.70130920410156,159.94459533691406,153.3231201171875,157.03121948242188,2750685937,SOL-USD,2026-04-10 21:05:42.10426
2024-04-24,147.74514770507812,159.58090209960938,145.77056884765625,154.70130920410156,3932336720,SOL-USD,2026-04-10 21:05:42.10426
2024-04-25,144.89212036132812,149.3037567138672,142.2645721435547,147.74961853027344,3674969172,SOL-USD,2026-04-10 21:05:42.10426
2024-04-26,139.10433959960938,145.8546142578125,138.90838623046875,144.88917541503906,2564389027,SOL-USD,2026-04-10 21:05:42.10426
2024-04-27,141.28916931152344,142.87451171875,134.02891540527344,139.10433959960938,2373155947,SOL-USD,2026-04-10 21:05:42.10426
2024-04-28,137.85641479492188,144.51388549804688,137.23301696777344,141.28916931152344,1959005342,SOL-USD,2026-04-10 21:05:42.10426
2024-04-29,137.7766571044922,138.7387237548828,133.70916748046875,137.8601837158203,2464951751,SOL-USD,2026-04-10 21:05:42.10426
2024-04-30,126.96270751953125,139.6676483154297,121.63745880126953,137.7772979736328,3407320371,SOL-USD,2026-04-10 21:05:42.10426
2024-05-01,134.6279754638672,135.11386108398438,119.38481140136719,126.9625473022461,4136407963,SOL-USD,2026-04-10 21:05:42.10426
2024-05-02,137.81448364257812,140.28152465820312,128.26028442382812,134.6279754638672,3380078368,SOL-USD,2026-04-10 21:05:42.10426
2024-05-03,143.77255249023438,144.9600372314453,136.12342834472656,137.81448364257812,3216962298,SOL-USD,2026-04-10 21:05:42.10426
2024-05-04,146.1350555419922,148.9357452392578,142.56625366210938,143.77220153808594,3050187811,SOL-USD,2026-04-10 21:05:42.10426
2024-05-05,145.71302795410156,147.91647338867188,143.47845458984375,146.1350555419922,2034794725,SOL-USD,2026-04-10 21:05:42.10426
2024-05-06,152.80239868164062,156.62669372558594,145.58432006835938,145.71205139160156,2926902880,SOL-USD,2026-04-10 21:05:42.10426
2024-05-07,148.1343231201172,159.05345153808594,148.0836181640625,152.80667114257812,2687619013,SOL-USD,2026-04-10 21:05:42.10426
2024-05-08,142.29473876953125,149.81089782714844,140.16909790039062,148.1343231201172,2502237557,SOL-USD,2026-04-10 21:05:42.10426
2024-05-09,152.84994506835938,153.08624267578125,140.78964233398438,142.29473876953125,2249863780,SOL-USD,2026-04-10 21:05:42.10426
2024-05-10,146.21690368652344,155.41159057617188,144.9387969970703,152.8529052734375,2471594251,SOL-USD,2026-04-10 21:05:42.10426
2024-05-11,145.3143768310547,147.4264373779297,143.33140563964844,146.2169647216797,1243751505,SOL-USD,2026-04-10 21:05:42.10426
2024-05-12,143.52081298828125,147.57147216796875,142.8818359375,145.3143768310547,936690341,SOL-USD,2026-04-10 21:05:42.10426
2024-05-13,147.28233337402344,150.54666137695312,138.03285217285156,143.52081298828125,2556255769,SOL-USD,2026-04-10 21:05:42.10426
2024-05-14,142.0303955078125,148.8286895751953,141.9068603515625,147.27908325195312,2586166419,SOL-USD,2026-04-10 21:05:42.10426
2024-05-15,158.18682861328125,158.64071655273438,141.35032653808594,142.0303955078125,3585715674,SOL-USD,2026-04-10 21:05:42.10426
2024-05-16,159.116455078125,164.31932067871094,156.7726287841797,158.18775939941406,3498272951,SOL-USD,2026-04-10 21:05:42.10426
2024-05-17,169.53054809570312,171.6060791015625,159.116455078125,159.116455078125,3371355809,SOL-USD,2026-04-10 21:05:42.10426
2024-05-18,172.5391387939453,175.7790985107422,168.9330596923828,169.53054809570312,2479657643,SOL-USD,2026-04-10 21:05:42.10426
2024-05-19,170.0913543701172,175.1893310546875,166.7326202392578,172.53919982910156,2300080451,SOL-USD,2026-04-10 21:05:42.10426
2024-05-20,186.52049255371094,187.44712829589844,168.0304412841797,170.0913543701172,4636864705,SOL-USD,2026-04-10 21:05:42.10426
2024-05-21,178.11614990234375,188.49383544921875,174.71170043945312,186.51951599121094,4568414163,SOL-USD,2026-04-10 21:05:42.10426
2024-05-22,176.86077880859375,183.0676727294922,175.4474639892578,178.1156768798828,3833758536,SOL-USD,2026-04-10 21:05:42.10426
2024-05-23,175.98577880859375,180.165283203125,167.4036865234375,176.8631134033203,5117258940,SOL-USD,2026-04-10 21:05:42.10426
2024-05-24,167.7969207763672,176.03147888183594,162.8658905029297,175.98577880859375,4013502065,SOL-USD,2026-04-10 21:05:42.10426
2024-05-25,168.43763732910156,170.3550567626953,166.11300659179688,167.7969207763672,1875205755,SOL-USD,2026-04-10 21:05:42.10426
2024-05-26,163.3509063720703,168.43927001953125,161.2638702392578,168.43763732910156,2543881488,SOL-USD,2026-04-10 21:05:42.10426
2024-05-27,169.9961395263672,171.98854064941406,163.33544921875,163.3509063720703,2745440475,SOL-USD,2026-04-10 21:05:42.10426
2024-05-28,168.65084838867188,173.0171356201172,164.97340393066406,169.9961395263672,3342283019,SOL-USD,2026-04-10 21:05:42.10426
2024-05-29,168.0726776123047,173.64195251464844,167.3238525390625,168.65084838867188,2852496248,SOL-USD,2026-04-10 21:05:42.10426
2024-05-30,166.97653198242188,172.41778564453125,163.6839599609375,168.0726776123047,2932316784,SOL-USD,2026-04-10 21:05:42.10426
2024-05-31,165.63771057128906,170.63156127929688,163.93309020996094,166.97653198242188,2415920333,SOL-USD,2026-04-10 21:05:42.10426
2024-06-01,166.03067016601562,167.73709106445312,165.5856170654297,165.63772583007812,1058869941,SOL-USD,2026-04-10 21:05:42.10426
2024-06-02,163.24990844726562,166.9154815673828,161.6532440185547,166.0296173095703,1562269041,SOL-USD,2026-04-10 21:05:42.10426
2024-06-03,164.9234619140625,167.03875732421875,161.8537139892578,163.25015258789062,2182487608,SOL-USD,2026-04-10 21:05:42.10426
2024-06-04,171.8019256591797,171.8168182373047,164.51553344726562,164.92506408691406,2057558426,SOL-USD,2026-04-10 21:05:42.10426
2024-06-05,173.48291015625,175.47531127929688,171.38299560546875,171.8019256591797,2405906612,SOL-USD,2026-04-10 21:05:42.10426
2024-06-06,170.01622009277344,174.30470275878906,167.8642120361328,173.48291015625,1965442993,SOL-USD,2026-04-10 21:05:42.10426
2024-06-07,162.50704956054688,172.4381561279297,155.79876708984375,170.01583862304688,3298527575,SOL-USD,2026-04-10 21:05:42.10426
2024-06-08,157.96890258789062,163.62017822265625,157.54295349121094,162.4967498779297,1722237785,SOL-USD,2026-04-10 21:05:42.10426
2024-06-09,162.08360290527344,162.91897583007812,156.76876831054688,157.96371459960938,1475878151,SOL-USD,2026-04-10 21:05:42.10426
2024-06-10,158.9280242919922,162.8277587890625,157.77020263671875,162.07888793945312,1815361482,SOL-USD,2026-04-10 21:05:42.10426
2024-06-11,149.42898559570312,159.52310180664062,145.8651885986328,158.9341278076172,2812642453,SOL-USD,2026-04-10 21:05:42.10426
2024-06-12,155.1775665283203,161.51483154296875,145.82144165039062,149.4223175048828,2853692260,SOL-USD,2026-04-10 21:05:42.10426
2024-06-13,147.31442260742188,155.19235229492188,146.1722412109375,155.19235229492188,2085097655,SOL-USD,2026-04-10 21:05:42.10426
2024-06-14,143.0944366455078,148.78933715820312,140.11538696289062,147.28204345703125,2330458883,SOL-USD,2026-04-10 21:05:42.10426
2024-06-15,145.41221618652344,145.5409698486328,143.02365112304688,143.07408142089844,1065293341,SOL-USD,2026-04-10 21:05:42.10426
2024-06-16,151.12550354003906,151.12550354003906,143.17953491210938,145.41796875,1147997523,SOL-USD,2026-04-10 21:05:42.10426
2024-06-17,143.3342742919922,151.58477783203125,140.13880920410156,151.13723754882812,2244770232,SOL-USD,2026-04-10 21:05:42.10426
2024-06-18,137.50399780273438,143.61065673828125,130.28907775878906,143.314697265625,4046511952,SOL-USD,2026-04-10 21:05:42.10426
2024-06-19,135.60960388183594,141.66993713378906,134.73263549804688,137.4798126220703,2241396569,SOL-USD,2026-04-10 21:05:42.10426
2024-06-20,133.47296142578125,141.0752410888672,132.087646484375,135.60960388183594,2343938226,SOL-USD,2026-04-10 21:05:42.10426
2024-06-21,134.5883026123047,135.22915649414062,128.9219207763672,133.47195434570312,2214701928,SOL-USD,2026-04-10 21:05:42.10426
2024-06-22,133.6702423095703,136.46005249023438,133.14248657226562,134.56765747070312,948392979,SOL-USD,2026-04-10 21:05:42.10426
2024-06-23,128.59042358398438,135.005859375,128.2696990966797,133.66000366210938,1063910411,SOL-USD,2026-04-10 21:05:42.10426
2024-06-24,132.24139404296875,132.3112335205078,123.6693344116211,128.59800720214844,3420423301,SOL-USD,2026-04-10 21:05:42.10426
2024-06-25,136.5592041015625,139.72958374023438,131.29635620117188,132.26934814453125,2517391150,SOL-USD,2026-04-10 21:05:42.10426
2024-06-26,136.60914611816406,140.16876220703125,134.92576599121094,136.5549774169922,1670038554,SOL-USD,2026-04-10 21:05:42.10426
2024-06-27,149.44837951660156,150.7672119140625,135.2449951171875,136.61341857910156,2831651846,SOL-USD,2026-04-10 21:05:42.10426
2024-06-28,139.70339965820312,150.0515899658203,139.30589294433594,149.4542694091797,2396070692,SOL-USD,2026-04-10 21:05:42.10426
2024-06-29,140.01014709472656,142.8238525390625,139.6678009033203,139.7193145751953,1139066175,SOL-USD,2026-04-10 21:05:42.10426
2024-06-30,146.49249267578125,147.19932556152344,137.14137268066406,140.01272583007812,1567841881,SOL-USD,2026-04-10 21:05:42.10426
2024-07-01,146.59506225585938,148.7985076904297,145.8227996826172,146.4812774658203,1814659116,SOL-USD,2026-04-10 21:05:42.10426
2024-07-02,153.7004852294922,154.7129669189453,146.12054443359375,146.5885467529297,2024773533,SOL-USD,2026-04-10 21:05:42.10426
2024-07-03,140.73141479492188,154.197998046875,139.5172576904297,153.7111358642578,2813419415,SOL-USD,2026-04-10 21:05:42.10426
2024-07-04,127.55081939697266,142.51486206054688,127.55081939697266,140.71533203125,3243822145,SOL-USD,2026-04-10 21:05:42.10426
2024-07-05,134.3693389892578,135.84579467773438,122.44230651855469,127.60507202148438,4644036182,SOL-USD,2026-04-10 21:05:42.10426
2024-07-06,143.24118041992188,144.0084686279297,132.61329650878906,134.36329650878906,2078535871,SOL-USD,2026-04-10 21:05:42.10426
2024-07-07,131.7740936279297,143.1870574951172,131.7740936279297,143.1870574951172,1842515124,SOL-USD,2026-04-10 21:05:42.10426
2024-07-08,139.4636993408203,141.6341094970703,128.56292724609375,131.79702758789062,3692404575,SOL-USD,2026-04-10 21:05:42.10426
2024-07-09,141.34844970703125,143.92938232421875,136.74093627929688,139.537353515625,2418798702,SOL-USD,2026-04-10 21:05:42.10426
2024-07-10,141.97479248046875,145.8537139892578,138.85604858398438,141.3741455078125,1952272010,SOL-USD,2026-04-10 21:05:42.10426
2024-07-11,135.8832244873047,145.32443237304688,135.84751892089844,141.98280334472656,2286890972,SOL-USD,2026-04-10 21:05:42.10426
2024-07-12,139.52801513671875,140.42477416992188,134.15914916992188,135.86402893066406,1990173458,SOL-USD,2026-04-10 21:05:42.10426
2024-07-13,141.9249725341797,143.367431640625,138.17953491210938,139.52639770507812,1131518484,SOL-USD,2026-04-10 21:05:42.10426
2024-07-14,147.622314453125,148.54705810546875,141.92665100097656,141.92665100097656,2009294488,SOL-USD,2026-04-10 21:05:42.10426
2024-07-15,159.93397521972656,159.9420623779297,147.202880859375,147.6661376953125,2580623500,SOL-USD,2026-04-10 21:05:42.10426
2024-07-16,160.5518798828125,162.46951293945312,153.05372619628906,159.77333068847656,3034234774,SOL-USD,2026-04-10 21:05:42.10426
2024-07-17,155.5841064453125,163.59523010253906,155.06703186035156,160.56329345703125,2255652667,SOL-USD,2026-04-10 21:05:42.10426
2024-07-18,159.07241821289062,161.587158203125,155.5660400390625,155.59104919433594,2044591406,SOL-USD,2026-04-10 21:05:42.10426
2024-07-19,169.1858673095703,171.50674438476562,156.60653686523438,159.0923309326172,3617009839,SOL-USD,2026-04-10 21:05:42.10426
2024-07-20,173.89178466796875,174.831298828125,167.55731201171875,169.1826171875,1908476088,SOL-USD,2026-04-10 21:05:42.10426
2024-07-21,184.54161071777344,184.8703155517578,171.1182098388672,173.89373779296875,3080452915,SOL-USD,2026-04-10 21:05:42.10426
2024-07-22,178.97828674316406,184.79246520996094,177.04412841796875,184.54556274414062,2808509242,SOL-USD,2026-04-10 21:05:42.10426
2024-07-23,172.757568359375,180.49615478515625,170.98854064941406,178.97828674316406,3230351478,SOL-USD,2026-04-10 21:05:42.10426
2024-07-24,178.0323028564453,182.35760498046875,171.21041870117188,172.75851440429688,3112174836,SOL-USD,2026-04-10 21:05:42.10426
2024-07-25,171.96307373046875,179.52093505859375,165.9325408935547,178.02952575683594,4067186719,SOL-USD,2026-04-10 21:05:42.10426
2024-07-26,183.13671875,183.53836059570312,171.87789916992188,171.9625701904297,2816314095,SOL-USD,2026-04-10 21:05:42.10426
2024-07-27,184.0854034423828,188.14059448242188,178.59835815429688,183.13809204101562,3248901126,SOL-USD,2026-04-10 21:05:42.10426
2024-07-28,184.88607788085938,186.51461791992188,181.3953399658203,184.08599853515625,1852374783,SOL-USD,2026-04-10 21:05:42.10426
2024-07-29,182.7805938720703,193.73228454589844,181.88536071777344,184.88719177246094,3654304391,SOL-USD,2026-04-10 21:05:42.10426
2024-07-30,179.10719299316406,184.1801300048828,176.02243041992188,182.77159118652344,2766172800,SOL-USD,2026-04-10 21:05:42.10426
2024-07-31,171.82615661621094,184.179443359375,171.81919860839844,179.10804748535156,3055204208,SOL-USD,2026-04-10 21:05:42.10426
2024-08-01,167.672119140625,172.68980407714844,157.98838806152344,171.82566833496094,4402828194,SOL-USD,2026-04-10 21:05:42.10426
2024-08-02,152.6382293701172,169.04396057128906,150.08499145507812,167.66053771972656,4507521137,SOL-USD,2026-04-10 21:05:42.10426
2024-08-03,142.9219970703125,153.77685546875,140.22140502929688,152.6382293701172,3620526646,SOL-USD,2026-04-10 21:05:42.10426
2024-08-04,138.05508422851562,145.83766174316406,132.13967895507812,142.9219512939453,4333596296,SOL-USD,2026-04-10 21:05:42.10426
2024-08-05,129.8643035888672,139.14146423339844,110.60955810546875,138.0526885986328,14114308949,SOL-USD,2026-04-10 21:05:42.10426
2024-08-06,144.09036254882812,149.35296630859375,129.78857421875,129.86294555664062,5813459735,SOL-USD,2026-04-10 21:05:42.10426
2024-08-07,144.63209533691406,155.00779724121094,142.7469024658203,144.0882110595703,5529725414,SOL-USD,2026-04-10 21:05:42.10426
2024-08-08,162.9307403564453,163.02590942382812,142.01992797851562,144.63247680664062,5385642745,SOL-USD,2026-04-10 21:05:42.10426
2024-08-09,156.45721435546875,163.24948120117188,151.22613525390625,162.9307403564453,3217916997,SOL-USD,2026-04-10 21:05:42.10426
2024-08-10,153.95916748046875,158.5860595703125,152.873046875,156.45721435546875,1662980960,SOL-USD,2026-04-10 21:05:42.10426
2024-08-11,141.52685546875,157.93190002441406,141.34829711914062,153.961669921875,2411765937,SOL-USD,2026-04-10 21:05:42.10426
2024-08-12,146.45423889160156,150.81463623046875,141.4407958984375,141.53207397460938,3380174341,SOL-USD,2026-04-10 21:05:42.10426
2024-08-13,146.7126922607422,149.61012268066406,143.1520233154297,146.45455932617188,2224488388,SOL-USD,2026-04-10 21:05:42.10426
2024-08-14,143.9234619140625,151.72604370117188,142.71792602539062,146.7126922607422,2714536693,SOL-USD,2026-04-10 21:05:42.10426
2024-08-15,142.74581909179688,147.35154724121094,138.16192626953125,143.92266845703125,3032770371,SOL-USD,2026-04-10 21:05:42.10426
2024-08-16,139.33056640625,144.7954559326172,136.3846435546875,142.7428741455078,2707615564,SOL-USD,2026-04-10 21:05:42.10426
2024-08-17,141.7985076904297,141.96282958984375,137.86630249023438,139.33056640625,1199702073,SOL-USD,2026-04-10 21:05:42.10426
2024-08-18,142.58688354492188,146.96298217773438,140.95962524414062,141.7985076904297,1866239536,SOL-USD,2026-04-10 21:05:42.10426
2024-08-19,144.34368896484375,145.9236297607422,140.74871826171875,142.58688354492188,2077549615,SOL-USD,2026-04-10 21:05:42.10426
2024-08-20,143.16773986816406,148.6486053466797,141.36070251464844,144.3468475341797,2124392770,SOL-USD,2026-04-10 21:05:42.10426
2024-08-21,142.70960998535156,144.1562957763672,139.26654052734375,142.33303833007812,1923259439,SOL-USD,2026-04-10 21:05:42.10426
2024-08-22,143.2579345703125,144.81321716308594,140.9344024658203,142.70960998535156,1368400829,SOL-USD,2026-04-10 21:05:42.10426
2024-08-23,153.10708618164062,153.771240234375,143.16477966308594,143.2579345703125,2560976300,SOL-USD,2026-04-10 21:05:42.10426
2024-08-24,160.73175048828125,162.16932678222656,152.15208435058594,153.10833740234375,2749419604,SOL-USD,2026-04-10 21:05:42.10426
2024-08-25,158.90911865234375,161.94796752929688,155.50714111328125,160.73175048828125,2085078554,SOL-USD,2026-04-10 21:05:42.10426
2024-08-26,157.23687744140625,161.91110229492188,155.88449096679688,158.9114990234375,2588808155,SOL-USD,2026-04-10 21:05:42.10426
2024-08-27,146.8970947265625,159.62355041503906,145.65640258789062,157.23658752441406,2783392784,SOL-USD,2026-04-10 21:05:42.10426
2024-08-28,143.89138793945312,148.69497680664062,140.97080993652344,146.8970947265625,2932401182,SOL-USD,2026-04-10 21:05:42.10426
2024-08-29,140.0540313720703,147.2205810546875,138.2660675048828,143.8910675048828,2098251665,SOL-USD,2026-04-10 21:05:42.10426
2024-08-30,138.09999084472656,141.01318359375,132.4513397216797,140.0540313720703,2683385690,SOL-USD,2026-04-10 21:05:42.10426
2024-08-31,135.37425231933594,138.99224853515625,134.6364288330078,138.09999084472656,892155699,SOL-USD,2026-04-10 21:05:42.10426
2024-09-01,128.6905517578125,135.99781799316406,128.24325561523438,135.37425231933594,1974170865,SOL-USD,2026-04-10 21:05:42.10426
2024-09-02,135.0023651123047,135.35238647460938,127.26619720458984,128.6905517578125,2092221241,SOL-USD,2026-04-10 21:05:42.10426
2024-09-03,127.57758331298828,137.14476013183594,127.57423400878906,135.0023651123047,1787700523,SOL-USD,2026-04-10 21:05:42.10426
2024-09-04,133.60391235351562,134.86917114257812,123.61295318603516,127.57758331298828,2663812153,SOL-USD,2026-04-10 21:05:42.10426
2024-09-05,129.32894897460938,135.085205078125,128.14137268066406,133.6043701171875,1926178088,SOL-USD,2026-04-10 21:05:42.10426
2024-09-06,124.99007415771484,134.16807556152344,121.05538177490234,129.32894897460938,3520537699,SOL-USD,2026-04-10 21:05:42.10426
2024-09-07,127.72156524658203,129.2908935546875,124.26908111572266,124.99007415771484,1321261949,SOL-USD,2026-04-10 21:05:42.10426
2024-09-08,129.98951721191406,131.51524353027344,126.81302642822266,127.72156524658203,1317794291,SOL-USD,2026-04-10 21:05:42.10426
2024-09-09,135.02561950683594,136.18653869628906,127.21979522705078,129.98951721191406,2443769044,SOL-USD,2026-04-10 21:05:42.10426
2024-09-10,135.63522338867188,137.8063507080078,132.63108825683594,135.0263671875,1642358500,SOL-USD,2026-04-10 21:05:42.10426
2024-09-11,132.4973907470703,135.8038787841797,128.4340057373047,135.63494873046875,2122617674,SOL-USD,2026-04-10 21:05:42.10426
2024-09-12,136.14190673828125,136.61480712890625,132.44332885742188,132.49708557128906,1597055803,SOL-USD,2026-04-10 21:05:42.10426
2024-09-13,139.1005401611328,139.83250427246094,131.86395263671875,136.14190673828125,1668690414,SOL-USD,2026-04-10 21:05:42.10426
2024-09-14,137.17977905273438,139.7345733642578,135.9435577392578,139.1025390625,952465288,SOL-USD,2026-04-10 21:05:42.10426
2024-09-15,131.4993896484375,137.92349243164062,130.9698028564453,137.17977905273438,1358403273,SOL-USD,2026-04-10 21:05:42.10426
2024-09-16,131.47259521484375,132.29637145996094,129.13807678222656,131.4993896484375,1623218789,SOL-USD,2026-04-10 21:05:42.10426
2024-09-17,131.53707885742188,135.4871368408203,130.47569274902344,131.47244262695312,1726861492,SOL-USD,2026-04-10 21:05:42.10426
2024-09-18,133.99185180664062,133.99185180664062,127.25076293945312,131.53707885742188,2260675347,SOL-USD,2026-04-10 21:05:42.10426
2024-09-19,142.83627319335938,143.9043731689453,133.99185180664062,133.99185180664062,2884543933,SOL-USD,2026-04-10 21:05:42.10426
2024-09-20,146.56680297851562,151.7609405517578,141.316162109375,142.8365478515625,3241123621,SOL-USD,2026-04-10 21:05:42.10426
2024-09-21,149.52703857421875,149.83645629882812,144.79803466796875,146.56680297851562,1385610390,SOL-USD,2026-04-10 21:05:42.10426
2024-09-22,144.80364990234375,149.86582946777344,141.38461303710938,149.52703857421875,1597826979,SOL-USD,2026-04-10 21:05:42.10426
2024-09-23,144.8149871826172,148.97042846679688,142.6438446044922,144.80364990234375,2344229720,SOL-USD,2026-04-10 21:05:42.10426
2024-09-24,152.89215087890625,153.53628540039062,143.30413818359375,144.8149871826172,2927238360,SOL-USD,2026-04-10 21:05:42.10426
2024-09-25,148.02342224121094,153.54763793945312,147.45013427734375,152.89096069335938,2138602628,SOL-USD,2026-04-10 21:05:42.10426
2024-09-26,155.5760955810547,157.858154296875,146.87075805664062,148.02110290527344,3009969111,SOL-USD,2026-04-10 21:05:42.10426
2024-09-27,157.74993896484375,160.9813995361328,154.13027954101562,155.5760955810547,2765830721,SOL-USD,2026-04-10 21:05:42.10426
2024-09-28,156.9124298095703,159.34521484375,155.29931640625,157.7519073486328,1300870644,SOL-USD,2026-04-10 21:05:42.10426
2024-09-29,158.62916564941406,161.62306213378906,155.2430877685547,156.9124298095703,1773980028,SOL-USD,2026-04-10 21:05:42.10426
2024-09-30,152.61846923828125,159.50892639160156,152.01983642578125,158.63241577148438,2376780676,SOL-USD,2026-04-10 21:05:42.10426
2024-10-01,145.28988647460938,157.25819396972656,142.8423309326172,152.61846923828125,3656164855,SOL-USD,2026-04-10 21:05:42.10426
2024-10-02,140.38555908203125,148.82568359375,138.9187469482422,145.28988647460938,2892264150,SOL-USD,2026-04-10 21:05:42.10426
2024-10-03,136.78518676757812,142.80543518066406,133.55316162109375,140.38490295410156,2914986844,SOL-USD,2026-04-10 21:05:42.10426
2024-10-04,143.17227172851562,144.42678833007812,136.0756378173828,136.78518676757812,2361841303,SOL-USD,2026-04-10 21:05:42.10426
2024-10-05,142.7117462158203,144.83428955078125,141.16966247558594,143.17227172851562,1113937760,SOL-USD,2026-04-10 21:05:42.10426
2024-10-06,146.44236755371094,146.62001037597656,142.11424255371094,142.7117156982422,1168715645,SOL-USD,2026-04-10 21:05:42.10426
2024-10-07,143.99179077148438,152.1038360595703,143.60458374023438,146.44354248046875,2678803498,SOL-USD,2026-04-10 21:05:42.10426
2024-10-08,143.39442443847656,145.44879150390625,141.2363739013672,143.99179077148438,1710617951,SOL-USD,2026-04-10 21:05:42.10426
2024-10-09,139.31553649902344,145.1295166015625,138.7974395751953,143.3953399658203,1697499287,SOL-USD,2026-04-10 21:05:42.10426
2024-10-10,138.88841247558594,140.58058166503906,135.58270263671875,139.3137664794922,1770157917,SOL-USD,2026-04-10 21:05:42.10426
2024-10-11,145.3811492919922,146.43063354492188,138.755859375,138.88674926757812,1797846253,SOL-USD,2026-04-10 21:05:42.10426
2024-10-12,146.5002899169922,147.13690185546875,144.7617645263672,145.3811492919922,1118630507,SOL-USD,2026-04-10 21:05:42.10426
2024-10-13,147.5724334716797,148.7133331298828,144.62364196777344,146.50033569335938,1294444111,SOL-USD,2026-04-10 21:05:42.10426
2024-10-14,157.44512939453125,157.7541046142578,147.00582885742188,147.57025146484375,2929339176,SOL-USD,2026-04-10 21:05:42.10426
2024-10-15,154.7206268310547,158.71575927734375,150.90951538085938,157.44512939453125,3451652506,SOL-USD,2026-04-10 21:05:42.10426
2024-10-16,154.23422241210938,158.1370391845703,153.08169555664062,154.7206268310547,2397546608,SOL-USD,2026-04-10 21:05:42.10426
2024-10-17,150.31602478027344,155.5516357421875,147.94349670410156,154.23817443847656,2157747733,SOL-USD,2026-04-10 21:05:42.10426
2024-10-18,154.97593688964844,156.53741455078125,149.70101928710938,150.3227081298828,1754226839,SOL-USD,2026-04-10 21:05:42.10426
2024-10-19,159.6393585205078,159.71041870117188,153.91282653808594,154.97593688964844,1440375026,SOL-USD,2026-04-10 21:05:42.10426
2024-10-20,166.9398193359375,167.5856475830078,157.76573181152344,159.64122009277344,2579198899,SOL-USD,2026-04-10 21:05:42.10426
2024-10-21,166.2168731689453,171.4306640625,161.8105010986328,166.93861389160156,3924173188,SOL-USD,2026-04-10 21:05:42.10426
2024-10-22,167.26014709472656,170.7600860595703,163.28536987304688,166.2176055908203,3470792372,SOL-USD,2026-04-10 21:05:42.10426
2024-10-23,170.9324951171875,173.8150177001953,164.19381713867188,167.26063537597656,3861697575,SOL-USD,2026-04-10 21:05:42.10426
2024-10-24,177.1569366455078,178.99530029296875,170.5173797607422,171.11087036132812,3529481044,SOL-USD,2026-04-10 21:05:42.10426
2024-10-25,164.75689697265625,177.1919403076172,160.0352783203125,177.15713500976562,4869966180,SOL-USD,2026-04-10 21:05:42.10426
2024-10-26,170.70596313476562,172.8228302001953,162.443359375,164.75599670410156,2755373492,SOL-USD,2026-04-10 21:05:42.10426
2024-10-27,176.5491943359375,177.89515686035156,170.19244384765625,170.70596313476562,2427933420,SOL-USD,2026-04-10 21:05:42.10426
2024-10-28,178.1049041748047,179.40797424316406,172.87225341796875,176.55368041992188,3623055701,SOL-USD,2026-04-10 21:05:42.10426
2024-10-29,179.36074829101562,183.03944396972656,176.85548400878906,178.1036376953125,3919545873,SOL-USD,2026-04-10 21:05:42.10426
2024-10-30,174.9249725341797,181.1526641845703,173.39939880371094,179.36074829101562,2772422773,SOL-USD,2026-04-10 21:05:42.10426
2024-10-31,168.42999267578125,176.27984619140625,167.5767822265625,174.92507934570312,2652620406,SOL-USD,2026-04-10 21:05:42.10426
2024-11-01,166.2621307373047,173.8500213623047,164.0325469970703,168.4302215576172,3157093060,SOL-USD,2026-04-10 21:05:42.10426
2024-11-02,166.01034545898438,168.4605712890625,162.38702392578125,166.2621307373047,1618170398,SOL-USD,2026-04-10 21:05:42.10426
2024-11-03,162.55130004882812,166.37632751464844,158.1367645263672,166.01034545898438,2645801646,SOL-USD,2026-04-10 21:05:42.10426
2024-11-04,157.74710083007812,164.71389770507812,155.16552734375,162.55169677734375,2809006700,SOL-USD,2026-04-10 21:05:42.10426
2024-11-05,166.72239685058594,169.12664794921875,156.98818969726562,157.74710083007812,3243848057,SOL-USD,2026-04-10 21:05:42.10426
2024-11-06,186.9547882080078,189.9154815673828,166.6982421875,166.72239685058594,9822932731,SOL-USD,2026-04-10 21:05:42.10426
2024-11-07,196.3345947265625,197.90093994140625,186.13604736328125,186.9547882080078,4700842780,SOL-USD,2026-04-10 21:05:42.10426
2024-11-08,199.9390106201172,204.96975708007812,196.02374267578125,196.3345947265625,5673142495,SOL-USD,2026-04-10 21:05:42.10426
2024-11-09,200.19491577148438,203.3472900390625,195.47410583496094,199.93960571289062,3363617004,SOL-USD,2026-04-10 21:05:42.10426
2024-11-10,210.6137237548828,215.1790771484375,198.9831085205078,200.19595336914062,8564655765,SOL-USD,2026-04-10 21:05:42.10426
2024-11-11,222.6416778564453,223.2198028564453,204.5623016357422,210.6137237548828,10290809023,SOL-USD,2026-04-10 21:05:42.10426
2024-11-12,212.2318115234375,225.0115203857422,205.44786071777344,222.6416778564453,11308516682,SOL-USD,2026-04-10 21:05:42.10426
2024-11-13,215.18455505371094,220.3391876220703,201.4705810546875,212.2080078125,11296665808,SOL-USD,2026-04-10 21:05:42.10426
2024-11-14,209.2190704345703,222.63914489746094,207.49681091308594,215.18446350097656,8094554275,SOL-USD,2026-04-10 21:05:42.10426
2024-11-15,218.09490966796875,219.53878784179688,204.82801818847656,209.23623657226562,6109860311,SOL-USD,2026-04-10 21:05:42.10426
2024-11-16,215.8488311767578,221.66236877441406,213.80477905273438,218.56936645507812,4698955745,SOL-USD,2026-04-10 21:05:42.10426
2024-11-17,237.57553100585938,241.23533630371094,212.72816467285156,215.84779357910156,9981076722,SOL-USD,2026-04-10 21:05:42.10426
2024-11-18,239.79425048828125,248.19281005859375,234.4010467529297,237.57553100585938,8798714213,SOL-USD,2026-04-10 21:05:42.10426
2024-11-19,238.09754943847656,247.09056091308594,234.15306091308594,239.80088806152344,6711919414,SOL-USD,2026-04-10 21:05:42.10426
2024-11-20,235.4236602783203,242.10787963867188,230.91055297851562,238.0925750732422,6454141445,SOL-USD,2026-04-10 21:05:42.10426
2024-11-21,257.0658874511719,259.0535583496094,230.34156799316406,235.42739868164062,10735314060,SOL-USD,2026-04-10 21:05:42.10426
2024-11-22,256.5186767578125,263.70086669921875,252.1354217529297,257.0814208984375,7249493783,SOL-USD,2026-04-10 21:05:42.10426
2024-11-23,255.1785125732422,263.83154296875,253.18743896484375,256.5181579589844,6234742858,SOL-USD,2026-04-10 21:05:42.10426
2024-11-24,252.91952514648438,259.6256408691406,243.12216186523438,255.1785125732422,5330146683,SOL-USD,2026-04-10 21:05:42.10426
2024-11-25,234.4466094970703,256.4226989746094,231.55198669433594,252.9160614013672,6616015635,SOL-USD,2026-04-10 21:05:42.10426
2024-11-26,230.9781951904297,239.63780212402344,222.9571990966797,234.4456787109375,6996936265,SOL-USD,2026-04-10 21:05:42.10426
2024-11-27,242.30221557617188,243.1248016357422,228.1300506591797,230.9722137451172,5381404312,SOL-USD,2026-04-10 21:05:42.10426
2024-11-28,237.76400756835938,245.20445251464844,233.20286560058594,242.3004608154297,4047310070,SOL-USD,2026-04-10 21:05:42.10426
2024-11-29,243.54949951171875,246.7762908935547,236.8212432861328,237.76397705078125,4152396835,SOL-USD,2026-04-10 21:05:42.10426
2024-11-30,237.74374389648438,245.23687744140625,237.7225341796875,243.54884338378906,3549156564,SOL-USD,2026-04-10 21:05:42.10426
2024-12-01,237.06993103027344,239.80657958984375,234.5303955078125,237.74383544921875,3726118866,SOL-USD,2026-04-10 21:05:42.10426
2024-12-02,225.75619506835938,237.87661743164062,220.5511932373047,237.0654296875,7374176295,SOL-USD,2026-04-10 21:05:42.10426
2024-12-03,234.2003173828125,239.27252197265625,216.4730224609375,225.76856994628906,8404095315,SOL-USD,2026-04-10 21:05:42.10426
2024-12-04,229.11929321289062,240.71958923339844,225.25491333007812,234.2003173828125,6569129896,SOL-USD,2026-04-10 21:05:42.10426
2024-12-05,233.9987030029297,244.6809539794922,223.46054077148438,229.119384765625,8820663279,SOL-USD,2026-04-10 21:05:42.10426
2024-12-06,237.0510711669922,246.4186553955078,231.42596435546875,236.54147338867188,6726557034,SOL-USD,2026-04-10 21:05:42.10426
2024-12-07,238.54795837402344,243.1240234375,234.6590576171875,237.0510711669922,4003422914,SOL-USD,2026-04-10 21:05:42.10426
2024-12-08,236.67233276367188,241.4407196044922,233.71337890625,239.48516845703125,3204778349,SOL-USD,2026-04-10 21:05:42.10426
2024-12-09,217.34146118164062,237.4574432373047,209.7061309814453,237.4574432373047,8610208198,SOL-USD,2026-04-10 21:05:42.10426
2024-12-10,213.82461547851562,220.74098205566406,203.7238311767578,217.32894897460938,8419973004,SOL-USD,2026-04-10 21:05:42.10426
2024-12-11,227.44683837890625,230.5073699951172,211.99317932128906,213.83522033691406,5615074058,SOL-USD,2026-04-10 21:05:42.10426
2024-12-12,227.02671813964844,234.33322143554688,225.95188903808594,227.4451141357422,4935392005,SOL-USD,2026-04-10 21:05:42.10426
2024-12-13,224.83729553222656,228.27305603027344,220.82472229003906,227.02671813964844,4029626623,SOL-USD,2026-04-10 21:05:42.10426
2024-12-14,219.84075927734375,227.241943359375,215.34423828125,224.83729553222656,2925240730,SOL-USD,2026-04-10 21:05:42.10426
2024-12-15,223.6576690673828,225.066650390625,215.91073608398438,219.84075927734375,2969473030,SOL-USD,2026-04-10 21:05:42.10426
2024-12-16,216.3349609375,227.04476928710938,213.48239135742188,223.6561279296875,5071129914,SOL-USD,2026-04-10 21:05:42.10426
2024-12-17,222.8167266845703,228.68629455566406,211.90963745117188,216.33377075195312,6445051900,SOL-USD,2026-04-10 21:05:42.10426
2024-12-18,206.38174438476562,225.89439392089844,205.00486755371094,222.82318115234375,6888988933,SOL-USD,2026-04-10 21:05:42.10426
2024-12-19,194.28451538085938,211.99520874023438,188.02752685546875,206.3828125,8043974299,SOL-USD,2026-04-10 21:05:42.10426
2024-12-20,194.2081756591797,199.36219787597656,175.90516662597656,194.2822723388672,9600073165,SOL-USD,2026-04-10 21:05:42.10426
2024-12-21,181.30145263671875,201.63169860839844,178.74005126953125,194.2073974609375,5368845730,SOL-USD,2026-04-10 21:05:42.10426
2024-12-22,180.16891479492188,187.53346252441406,177.13406372070312,181.2868194580078,4001292417,SOL-USD,2026-04-10 21:05:42.10426
2024-12-23,189.75369262695312,193.0481414794922,176.71888732910156,180.17428588867188,4922594345,SOL-USD,2026-04-10 21:05:42.10426
2024-12-24,196.98902893066406,198.69613647460938,186.11529541015625,189.75369262695312,3412375255,SOL-USD,2026-04-10 21:05:42.10426
2024-12-25,197.4790802001953,201.6346435546875,195.35304260253906,196.99136352539062,2688415733,SOL-USD,2026-04-10 21:05:42.10426
2024-12-26,188.21810913085938,199.39797973632812,186.8555908203125,197.47515869140625,2864701219,SOL-USD,2026-04-10 21:05:42.10426
2024-12-27,183.82847595214844,193.75335693359375,182.94712829589844,188.216552734375,2788285851,SOL-USD,2026-04-10 21:05:42.10426
2024-12-28,195.01353454589844,195.43544006347656,183.8333282470703,183.83338928222656,2158687217,SOL-USD,2026-04-10 21:05:42.10426
2024-12-29,189.7442626953125,197.1810760498047,188.34100341796875,195.02244567871094,2165753102,SOL-USD,2026-04-10 21:05:42.10426
2024-12-30,191.02804565429688,196.12290954589844,185.93760681152344,189.74420166015625,3246300054,SOL-USD,2026-04-10 21:05:42.10426
2024-12-31,189.2644805908203,198.6783905029297,187.97987365722656,191.04530334472656,3276526561,SOL-USD,2026-04-10 21:05:42.10426
2025-01-01,193.8737335205078,194.81849670410156,187.87945556640625,189.2669219970703,2324231668,SOL-USD,2026-04-10 21:05:42.10426
2025-01-02,207.7670440673828,209.0667266845703,193.25852966308594,193.87213134765625,4230329837,SOL-USD,2026-04-10 21:05:42.10426
2025-01-03,217.74732971191406,219.5595245361328,205.65240478515625,207.76760864257812,4064420852,SOL-USD,2026-04-10 21:05:42.10426
2025-01-04,216.6229248046875,217.90504455566406,213.83145141601562,217.748046875,2432220391,SOL-USD,2026-04-10 21:05:42.10426
2025-01-05,213.3936309814453,218.87840270996094,211.76522827148438,216.6227569580078,2403765299,SOL-USD,2026-04-10 21:05:42.10426
2025-01-06,218.72312927246094,222.95297241210938,211.65313720703125,213.39483642578125,3408034919,SOL-USD,2026-04-10 21:05:42.10426
2025-01-07,202.23025512695312,219.14230346679688,202.12490844726562,218.41293334960938,4360983978,SOL-USD,2026-04-10 21:05:42.10426
2025-01-08,197.55905151367188,203.06031799316406,188.9578857421875,202.22787475585938,5028291858,SOL-USD,2026-04-10 21:05:42.10426
2025-01-09,185.02528381347656,198.9010009765625,182.32232666015625,197.55905151367188,3815664216,SOL-USD,2026-04-10 21:05:42.10426
2025-01-10,187.5791778564453,192.75631713867188,183.86676025390625,185.0131378173828,3739014100,SOL-USD,2026-04-10 21:05:42.10426
2025-01-11,187.99551391601562,191.71881103515625,184.27743530273438,187.57118225097656,2174290937,SOL-USD,2026-04-10 21:05:42.10426
2025-01-12,188.5603790283203,190.74917602539062,185.2522735595703,187.99533081054688,1544086708,SOL-USD,2026-04-10 21:05:42.10426
2025-01-13,182.83535766601562,191.77517700195312,170.6289825439453,188.55091857910156,5225490858,SOL-USD,2026-04-10 21:05:42.10426
2025-01-14,187.49859619140625,189.93731689453125,181.9566650390625,182.83299255371094,2748310371,SOL-USD,2026-04-10 21:05:42.10426
2025-01-15,205.91134643554688,205.93495178222656,186.00299072265625,187.49818420410156,4071481523,SOL-USD,2026-04-10 21:05:42.10426
2025-01-16,211.22784423828125,216.83995056152344,198.6625213623047,205.92196655273438,6099125467,SOL-USD,2026-04-10 21:05:42.10426
2025-01-17,219.62161254882812,221.8524169921875,209.96925354003906,211.22840881347656,5118230275,SOL-USD,2026-04-10 21:05:42.10426
2025-01-18,261.8697509765625,268.74658203125,217.57504272460938,219.62069702148438,23186958912,SOL-USD,2026-04-10 21:05:42.10426
2025-01-19,250.58636474609375,294.3349609375,239.61058044433594,261.8724365234375,33172955667,SOL-USD,2026-04-10 21:05:42.10426
2025-01-20,242.25022888183594,272.1530456542969,231.63455200195312,250.62496948242188,22690757561,SOL-USD,2026-04-10 21:05:42.10426
2025-01-21,250.41378784179688,259.829345703125,231.67591857910156,242.2365264892578,10694802909,SOL-USD,2026-04-10 21:05:42.10426
2025-01-22,257.23736572265625,271.530029296875,248.75160217285156,250.41378784179688,8880832578,SOL-USD,2026-04-10 21:05:42.10426
2025-01-23,253.4552001953125,258.129150390625,242.49618530273438,257.2362365722656,9264528949,SOL-USD,2026-04-10 21:05:42.10426
2025-01-24,253.36122131347656,269.8057861328125,247.6314697265625,253.4552001953125,7483041553,SOL-USD,2026-04-10 21:05:42.10426
2025-01-25,256.0735778808594,260.5824890136719,246.65911865234375,253.36631774902344,5035419721,SOL-USD,2026-04-10 21:05:42.10426
2025-01-26,240.88345336914062,259.6344909667969,240.85243225097656,256.0738830566406,4178231600,SOL-USD,2026-04-10 21:05:42.10426
2025-01-27,235.07444763183594,242.42901611328125,221.97532653808594,240.8853302001953,10736630238,SOL-USD,2026-04-10 21:05:42.10426
2025-01-28,227.20396423339844,243.894775390625,225.25985717773438,235.07296752929688,5105320114,SOL-USD,2026-04-10 21:05:42.10426
2025-01-29,227.94493103027344,237.7097625732422,222.9235076904297,227.20278930664062,5385638692,SOL-USD,2026-04-10 21:05:42.10426
2025-01-30,239.0231475830078,244.32595825195312,227.1376190185547,227.9530487060547,4636567306,SOL-USD,2026-04-10 21:05:42.10426
2025-01-31,231.63790893554688,241.66659545898438,228.4788360595703,239.01669311523438,4043216055,SOL-USD,2026-04-10 21:05:42.10426
2025-02-01,213.78501892089844,233.86383056640625,213.4364013671875,231.64060974121094,3546350864,SOL-USD,2026-04-10 21:05:42.10426
2025-02-02,203.11962890625,218.38438415527344,195.44923400878906,213.78094482421875,8432593480,SOL-USD,2026-04-10 21:05:42.10426
2025-02-03,216.1495819091797,218.64768981933594,180.4093017578125,203.1215057373047,15260840772,SOL-USD,2026-04-10 21:05:42.10426
2025-02-04,207.09197998046875,219.99588012695312,202.84884643554688,216.1505126953125,7328632702,SOL-USD,2026-04-10 21:05:42.10426
2025-02-05,195.98814392089844,209.31875610351562,195.3905792236328,207.0771026611328,3826498437,SOL-USD,2026-04-10 21:05:42.10426
2025-02-06,189.77249145507812,203.8878173828125,188.16552734375,195.98638916015625,3936545265,SOL-USD,2026-04-10 21:05:42.10426
2025-02-07,192.20465087890625,203.15052795410156,188.48074340820312,189.75770568847656,4593806344,SOL-USD,2026-04-10 21:05:42.10426
2025-02-08,199.5998992919922,200.83197021484375,190.12876892089844,192.20254516601562,2387525186,SOL-USD,2026-04-10 21:05:42.10426
2025-02-09,200.49755859375,207.27464294433594,194.24131774902344,199.5897979736328,3380872965,SOL-USD,2026-04-10 21:05:42.10426
2025-02-10,200.35635375976562,208.82749938964844,196.38076782226562,200.4982452392578,4106376694,SOL-USD,2026-04-10 21:05:42.10426
2025-02-11,197.98236083984375,205.9241943359375,195.32150268554688,200.35891723632812,3907611299,SOL-USD,2026-04-10 21:05:42.10426
2025-02-12,196.7738037109375,198.44981384277344,189.60842895507812,197.98385620117188,4290836657,SOL-USD,2026-04-10 21:05:42.10426
2025-02-13,194.46095275878906,198.26075744628906,189.42771911621094,196.7738037109375,2755407329,SOL-USD,2026-04-10 21:05:42.10426
2025-02-14,199.9356689453125,205.12501525878906,194.3540496826172,194.45455932617188,3732334277,SOL-USD,2026-04-10 21:05:42.10426
2025-02-15,194.48208618164062,200.0533905029297,192.81378173828125,199.88677978515625,1869221857,SOL-USD,2026-04-10 21:05:42.10426
2025-02-16,188.4864044189453,196.0703125,186.97987365722656,194.4811553955078,2160799161,SOL-USD,2026-04-10 21:05:42.10426
2025-02-17,177.6897430419922,189.50650024414062,175.2635498046875,188.48521423339844,4345262539,SOL-USD,2026-04-10 21:05:42.10426
2025-02-18,169.08428955078125,178.94607543945312,161.30545043945312,177.68861389160156,6684824301,SOL-USD,2026-04-10 21:05:42.10426
2025-02-19,169.01080322265625,174.12147521972656,163.9593963623047,169.08543395996094,3717681436,SOL-USD,2026-04-10 21:05:42.10426
2025-02-20,176.04888916015625,176.588134765625,167.8734588623047,169.00534057617188,3347070717,SOL-USD,2026-04-10 21:05:42.10426
2025-02-21,168.89163208007812,180.4339599609375,167.30506896972656,176.03500366210938,4684370707,SOL-USD,2026-04-10 21:05:42.10426
2025-02-22,172.16285705566406,174.46559143066406,168.367431640625,168.89163208007812,2026581266,SOL-USD,2026-04-10 21:05:42.10426
2025-02-23,168.03811645507812,173.0360565185547,166.62765502929688,172.16346740722656,1621130854,SOL-USD,2026-04-10 21:05:42.10426
2025-02-24,141.98948669433594,169.56248474121094,140.56651306152344,168.03811645507812,7062261489,SOL-USD,2026-04-10 21:05:42.10426
2025-02-25,144.10775756835938,146.7398681640625,132.48583984375,141.99234008789062,9341433919,SOL-USD,2026-04-10 21:05:42.10426
2025-02-26,134.83132934570312,144.8746795654297,130.69107055664062,144.09996032714844,4916419994,SOL-USD,2026-04-10 21:05:42.10426
2025-02-27,137.6208038330078,142.1814727783203,134.729736328125,134.83160400390625,3723520943,SOL-USD,2026-04-10 21:05:42.10426
2025-02-28,148.03001403808594,148.183837890625,125.74221801757812,137.6207733154297,7544673033,SOL-USD,2026-04-10 21:05:42.10426
2025-03-01,143.6757049560547,150.7871551513672,138.68467712402344,148.03021240234375,3305410077,SOL-USD,2026-04-10 21:05:42.10426
2025-03-02,178.49549865722656,178.50856018066406,140.29757690429688,143.67672729492188,11540413390,SOL-USD,2026-04-10 21:05:42.10426
2025-03-03,142.02108764648438,178.6346435546875,139.79010009765625,178.4952392578125,9241009702,SOL-USD,2026-04-10 21:05:42.10426
2025-03-04,144.9165802001953,146.39646911621094,131.57347106933594,142.03318786621094,8035056091,SOL-USD,2026-04-10 21:05:42.10426
2025-03-05,146.26730346679688,149.4854736328125,140.59686279296875,144.91880798339844,4501939048,SOL-USD,2026-04-10 21:05:42.10426
2025-03-06,143.355224609375,152.7792510986328,142.7803955078125,146.27066040039062,4204376336,SOL-USD,2026-04-10 21:05:42.10426
2025-03-07,139.20913696289062,150.02325439453125,135.7171630859375,143.355224609375,6090751623,SOL-USD,2026-04-10 21:05:42.10426
2025-03-08,136.94207763671875,140.90457153320312,135.48297119140625,139.20913696289062,2270939562,SOL-USD,2026-04-10 21:05:42.10426
2025-03-09,126.43543243408203,139.72576904296875,125.93571472167969,136.9428253173828,3429886567,SOL-USD,2026-04-10 21:05:42.10426
2025-03-10,118.291748046875,131.24095153808594,115.91789245605469,126.43543243408203,5519806938,SOL-USD,2026-04-10 21:05:42.10426
2025-03-11,125.26394653320312,128.14886474609375,113.189208984375,118.29167175292969,5259428587,SOL-USD,2026-04-10 21:05:42.10426
2025-03-12,126.58324432373047,130.6551055908203,121.36756134033203,125.26190185546875,4112201839,SOL-USD,2026-04-10 21:05:42.10426
2025-03-13,123.28614807128906,128.15863037109375,120.90947723388672,126.58324432373047,2871050068,SOL-USD,2026-04-10 21:05:42.10426
2025-03-14,133.31448364257812,135.6434783935547,123.11714935302734,123.2865982055664,3161542602,SOL-USD,2026-04-10 21:05:42.10426
2025-03-15,135.91253662109375,136.48133850097656,132.55995178222656,133.31324768066406,1844463215,SOL-USD,2026-04-10 21:05:42.10426
2025-03-16,125.98810577392578,136.468994140625,125.38740539550781,135.9167938232422,2456569508,SOL-USD,2026-04-10 21:05:42.10426
2025-03-17,128.16371154785156,130.52687072753906,125.86190032958984,125.98741912841797,2487364373,SOL-USD,2026-04-10 21:05:42.10426
2025-03-18,125.31269836425781,128.16134643554688,121.94453430175781,128.16134643554688,2534317858,SOL-USD,2026-04-10 21:05:42.10426
2025-03-19,135.572509765625,135.92552185058594,124.29732513427734,125.31228637695312,3539287974,SOL-USD,2026-04-10 21:05:42.10426
2025-03-20,127.49718475341797,135.77261352539062,126.85357666015625,135.57415771484375,2469659459,SOL-USD,2026-04-10 21:05:42.10426
2025-03-21,128.43031311035156,129.95623779296875,124.97737121582031,127.49885559082031,2370317364,SOL-USD,2026-04-10 21:05:42.10426
2025-03-22,128.4849853515625,131.57618713378906,127.93255615234375,128.429931640625,1442831196,SOL-USD,2026-04-10 21:05:42.10426
2025-03-23,132.5993194580078,133.9619598388672,128.34225463867188,128.48448181152344,1711242607,SOL-USD,2026-04-10 21:05:42.10426
2025-03-24,140.86927795410156,144.88308715820312,132.16180419921875,132.5993194580078,4207560020,SOL-USD,2026-04-10 21:05:42.10426
2025-03-25,143.81707763671875,147.05799865722656,138.3466796875,140.87472534179688,3585353324,SOL-USD,2026-04-10 21:05:42.10426
2025-03-26,137.28857421875,145.3684844970703,136.1363525390625,143.81707763671875,3083070981,SOL-USD,2026-04-10 21:05:42.10426
2025-03-27,138.34738159179688,140.1745147705078,135.92221069335938,137.29095458984375,2660348034,SOL-USD,2026-04-10 21:05:42.10426
2025-03-28,129.42315673828125,138.95281982421875,127.98094177246094,138.3472442626953,3532896573,SOL-USD,2026-04-10 21:05:42.10426
2025-03-29,124.587646484375,130.38050842285156,123.07389068603516,129.4245147705078,2253256988,SOL-USD,2026-04-10 21:05:42.10426
2025-03-30,124.64263153076172,126.6233901977539,123.3007583618164,124.58648681640625,1639017444,SOL-USD,2026-04-10 21:05:42.10426
2025-03-31,124.69412994384766,127.6968994140625,123.07923889160156,124.64402770996094,3206702485,SOL-USD,2026-04-10 21:05:42.10426
2025-04-01,126.68238067626953,130.0324249267578,123.94904327392578,124.6953353881836,2993289339,SOL-USD,2026-04-10 21:05:42.10426
2025-04-02,117.75762939453125,135.69578552246094,117.74427795410156,126.67960357666016,5399672438,SOL-USD,2026-04-10 21:05:42.10426
2025-04-03,117.06145477294922,120.78982543945312,112.47826385498047,117.74919891357422,4633002432,SOL-USD,2026-04-10 21:05:42.10426
2025-04-04,122.78688049316406,123.90060424804688,113.60323333740234,117.06481170654297,5182517335,SOL-USD,2026-04-10 21:05:42.10426
2025-04-05,120.25899505615234,122.78691101074219,117.18880462646484,122.78643035888672,1667996329,SOL-USD,2026-04-10 21:05:42.10426
2025-04-06,105.7120132446289,120.93267822265625,104.0041275024414,120.25850677490234,3822458629,SOL-USD,2026-04-10 21:05:42.10426
2025-04-07,106.90277862548828,111.47198486328125,96.58806610107422,105.7120132446289,8644174246,SOL-USD,2026-04-10 21:05:42.10426
2025-04-08,105.51219177246094,112.29893493652344,103.14452362060547,106.90526580810547,5353641480,SOL-USD,2026-04-10 21:05:42.10426
2025-04-09,119.05754089355469,120.47077178955078,101.43473815917969,105.50959014892578,7096350476,SOL-USD,2026-04-10 21:05:42.10426
2025-04-10,112.80392456054688,119.08255767822266,108.60169219970703,119.06228637695312,4310698523,SOL-USD,2026-04-10 21:05:42.10426
2025-04-11,121.53237915039062,122.39859008789062,112.1864242553711,112.80731964111328,3953610468,SOL-USD,2026-04-10 21:05:42.10426
2025-04-12,132.26055908203125,133.75885009765625,119.65934753417969,121.53269958496094,4089397536,SOL-USD,2026-04-10 21:05:42.10426
2025-04-13,128.58079528808594,133.5068359375,125.52386474609375,132.26258850097656,3818650340,SOL-USD,2026-04-10 21:05:42.10426
2025-04-14,129.3103790283203,135.18695068359375,128.23287963867188,128.5781707763672,4425565001,SOL-USD,2026-04-10 21:05:42.10426
2025-04-15,126.26313018798828,134.1931915283203,126.1368637084961,129.31101989746094,3272094237,SOL-USD,2026-04-10 21:05:42.10426
2025-04-16,131.44969177246094,133.59011840820312,123.72075653076172,126.26312255859375,4448562334,SOL-USD,2026-04-10 21:05:42.10426
2025-04-17,134.69874572753906,135.9093475341797,129.73309326171875,131.45022583007812,3504448606,SOL-USD,2026-04-10 21:05:42.10426
2025-04-18,134.07350158691406,135.868896484375,132.58799743652344,134.70419311523438,2142264993,SOL-USD,2026-04-10 21:05:42.10426
2025-04-19,139.75025939941406,140.0926055908203,133.69476318359375,134.07350158691406,2522912658,SOL-USD,2026-04-10 21:05:42.10426
2025-04-20,137.77459716796875,141.8303680419922,135.77146911621094,139.75289916992188,2796023398,SOL-USD,2026-04-10 21:05:42.10426
2025-04-21,136.7043914794922,142.66159057617188,134.1223602294922,137.77459716796875,4162691832,SOL-USD,2026-04-10 21:05:42.10426
2025-04-22,148.73941040039062,149.94924926757812,135.3777618408203,136.70184326171875,4659792312,SOL-USD,2026-04-10 21:05:42.10426
2025-04-23,151.15272521972656,153.86874389648438,147.45079040527344,148.74000549316406,4699152180,SOL-USD,2026-04-10 21:05:42.10426
2025-04-24,152.3036346435547,152.75404357910156,145.66134643554688,151.15394592285156,3903057847,SOL-USD,2026-04-10 21:05:42.10426
2025-04-25,150.91500854492188,156.04518127441406,150.12779235839844,152.32135009765625,4411923686,SOL-USD,2026-04-10 21:05:42.10426
2025-04-26,149.28936767578125,153.01953125,148.03741455078125,150.91726684570312,2128235815,SOL-USD,2026-04-10 21:05:42.10426
2025-04-27,148.24583435058594,150.20872497558594,145.7666015625,149.28970336914062,2015737709,SOL-USD,2026-04-10 21:05:42.10426
2025-04-28,147.8099365234375,153.20770263671875,144.89144897460938,148.2451629638672,3819502747,SOL-USD,2026-04-10 21:05:42.10426
2025-04-29,146.42787170410156,150.044189453125,145.16932678222656,147.8099365234375,2872743502,SOL-USD,2026-04-10 21:05:42.10426
2025-04-30,147.64320373535156,148.20928955078125,140.71209716796875,146.427490234375,3017472875,SOL-USD,2026-04-10 21:05:42.10426
2025-05-01,150.84658813476562,153.86590576171875,147.61297607421875,147.6449737548828,3224541533,SOL-USD,2026-04-10 21:05:42.10426
2025-05-02,148.05003356933594,151.73170471191406,147.45223999023438,150.8431396484375,2823970426,SOL-USD,2026-04-10 21:05:42.10426
2025-05-03,146.79605102539062,148.95945739746094,146.1094970703125,148.0498504638672,1567415096,SOL-USD,2026-04-10 21:05:42.10426
2025-05-04,143.98306274414062,147.68251037597656,143.82241821289062,146.79595947265625,1636835620,SOL-USD,2026-04-10 21:05:42.10426
2025-05-05,146.69664001464844,147.61659240722656,142.89988708496094,143.98593139648438,2238980623,SOL-USD,2026-04-10 21:05:42.10426
2025-05-06,146.7664031982422,147.0896453857422,141.6705322265625,146.69577026367188,2728680947,SOL-USD,2026-04-10 21:05:42.10426
2025-05-07,147.2137451171875,149.33984375,144.88270568847656,146.7668914794922,4316881378,SOL-USD,2026-04-10 21:05:42.10426
2025-05-08,163.96078491210938,163.9750518798828,147.2141876220703,147.21726989746094,6372889923,SOL-USD,2026-04-10 21:05:42.10426
2025-05-09,172.82827758789062,175.86207580566406,161.24777221679688,163.96023559570312,7452318987,SOL-USD,2026-04-10 21:05:42.10426
2025-05-10,177.62181091308594,178.5718536376953,168.92941284179688,172.82769775390625,4012477696,SOL-USD,2026-04-10 21:05:42.10426
2025-05-11,173.02645874023438,179.62252807617188,169.7177276611328,177.62289428710938,4025374577,SOL-USD,2026-04-10 21:05:42.10426
2025-05-12,174.24789428710938,180.9514923095703,169.07826232910156,173.03668212890625,6940951587,SOL-USD,2026-04-10 21:05:42.10426
2025-05-13,184.00625610351562,184.70140075683594,166.80731201171875,174.24620056152344,5170161208,SOL-USD,2026-04-10 21:05:42.10426
2025-05-14,176.709228515625,184.7181854248047,173.7317352294922,184.0063018798828,4610872279,SOL-USD,2026-04-10 21:05:42.10426
2025-05-15,169.00999450683594,178.10504150390625,167.28016662597656,176.7086639404297,4347587992,SOL-USD,2026-04-10 21:05:42.10426
2025-05-16,167.33395385742188,173.95809936523438,166.75723266601562,169.0146942138672,3495576096,SOL-USD,2026-04-10 21:05:42.10426
2025-05-17,165.9308319091797,169.76828002929688,164.22494506835938,167.33395385742188,2783616834,SOL-USD,2026-04-10 21:05:42.10426
2025-05-18,173.89871215820312,176.4924774169922,165.51353454589844,165.93197631835938,3866092629,SOL-USD,2026-04-10 21:05:42.10426
2025-05-19,166.86422729492188,173.83853149414062,159.64749145507812,173.83578491210938,4498613127,SOL-USD,2026-04-10 21:05:42.10426
2025-05-20,168.4836883544922,172.86056518554688,164.77964782714844,166.8642120361328,3787047019,SOL-USD,2026-04-10 21:05:42.10426
2025-05-21,173.68173217773438,175.5224151611328,166.30487060546875,168.48411560058594,5254974027,SOL-USD,2026-04-10 21:05:42.10426
2025-05-22,179.69094848632812,180.54624938964844,172.7552490234375,173.6822052001953,4913432701,SOL-USD,2026-04-10 21:05:42.10426
2025-05-23,173.82542419433594,187.27975463867188,173.5706329345703,179.69146728515625,7488253558,SOL-USD,2026-04-10 21:05:42.10426
2025-05-24,176.0424041748047,178.1427459716797,172.79171752929688,173.8404083251953,3002798120,SOL-USD,2026-04-10 21:05:42.10426
2025-05-25,175.72547912597656,176.72129821777344,169.3577880859375,176.03448486328125,3395309315,SOL-USD,2026-04-10 21:05:42.10426
2025-05-26,174.90789794921875,178.97799682617188,173.7002410888672,175.7256622314453,2872898398,SOL-USD,2026-04-10 21:05:42.10426
2025-05-27,176.815185546875,179.2212677001953,171.57545471191406,174.90769958496094,3737068836,SOL-USD,2026-04-10 21:05:42.10426
2025-05-28,172.18955993652344,177.37599182128906,169.10569763183594,176.8146514892578,3454599629,SOL-USD,2026-04-10 21:05:42.10426
2025-05-29,166.5881805419922,175.1842803955078,166.25851440429688,172.1905975341797,3480369993,SOL-USD,2026-04-10 21:05:42.10426
2025-05-30,156.23471069335938,167.3471221923828,156.03465270996094,166.5934295654297,4458908034,SOL-USD,2026-04-10 21:05:42.10426
2025-05-31,156.63894653320312,157.9366912841797,152.441650390625,156.23594665527344,2817151487,SOL-USD,2026-04-10 21:05:42.10426
2025-06-01,157.7845458984375,157.82785034179688,150.84341430664062,156.6378936767578,2554572841,SOL-USD,2026-04-10 21:05:42.10426
2025-06-02,156.99806213378906,158.89463806152344,151.99745178222656,157.7837371826172,3070599881,SOL-USD,2026-04-10 21:05:42.10426
2025-06-03,155.34317016601562,163.39369201660156,154.70765686035156,156.9980926513672,3739800274,SOL-USD,2026-04-10 21:05:42.10426
2025-06-04,153.35964965820312,157.85304260253906,153.17564392089844,155.3417205810547,2694510572,SOL-USD,2026-04-10 21:05:42.10426
2025-06-05,144.54295349121094,154.5604248046875,141.90293884277344,153.3593292236328,4691163987,SOL-USD,2026-04-10 21:05:42.10426
2025-06-06,147.9131317138672,152.02252197265625,144.44039916992188,144.54290771484375,2780168622,SOL-USD,2026-04-10 21:05:42.10426
2025-06-07,150.13406372070312,152.82553100585938,147.18727111816406,147.90805053710938,1895979261,SOL-USD,2026-04-10 21:05:42.10426
2025-06-08,152.4300994873047,155.04188537597656,148.22442626953125,150.13389587402344,1928262265,SOL-USD,2026-04-10 21:05:42.10426
2025-06-09,161.08865356445312,161.4990997314453,149.8399200439453,152.4300994873047,3689102023,SOL-USD,2026-04-10 21:05:42.10426
2025-06-10,165.02816772460938,165.53392028808594,156.84259033203125,161.09471130371094,4891108456,SOL-USD,2026-04-10 21:05:42.10426
2025-06-11,161.0558624267578,168.0181121826172,159.42578125,165.02816772460938,5292694830,SOL-USD,2026-04-10 21:05:42.10426
2025-06-12,152.7896728515625,161.20278930664062,152.23741149902344,161.0558624267578,3655760294,SOL-USD,2026-04-10 21:05:42.10426
2025-06-13,148.62835693359375,152.78704833984375,141.43714904785156,152.78704833984375,6346327306,SOL-USD,2026-04-10 21:05:42.10426
2025-06-14,144.7637481689453,148.64666748046875,142.22569274902344,148.63223266601562,2159011897,SOL-USD,2026-04-10 21:05:42.10426
2025-06-15,152.81439208984375,153.21786499023438,144.36363220214844,144.76339721679688,3600058127,SOL-USD,2026-04-10 21:05:42.10426
2025-06-16,150.8699951171875,158.60787963867188,150.8699951171875,152.81439208984375,4629439778,SOL-USD,2026-04-10 21:05:42.10426
2025-06-17,147.7498016357422,154.14801025390625,145.87115478515625,150.8648681640625,4505742897,SOL-USD,2026-04-10 21:05:42.10426
2025-06-18,146.35311889648438,149.15914916992188,143.96722412109375,147.74905395507812,3507323344,SOL-USD,2026-04-10 21:05:42.10426
2025-06-19,147.07147216796875,147.78707885742188,143.11187744140625,146.3552703857422,2754965137,SOL-USD,2026-04-10 21:05:42.10426
2025-06-20,140.16859436035156,148.71890258789062,136.5124053955078,147.07290649414062,4112242022,SOL-USD,2026-04-10 21:05:42.10426
2025-06-21,135.1610107421875,142.49974060058594,132.41424560546875,140.1680450439453,3335622844,SOL-USD,2026-04-10 21:05:42.10426
2025-06-22,131.61569213867188,137.55213928222656,126.82627868652344,135.19635009765625,4990284543,SOL-USD,2026-04-10 21:05:42.10426
2025-06-23,144.8467254638672,146.59849548339844,131.16085815429688,131.61585998535156,5742740781,SOL-USD,2026-04-10 21:05:42.10426
2025-06-24,145.95452880859375,146.5894775390625,142.56668090820312,144.8467254638672,3709899362,SOL-USD,2026-04-10 21:05:42.10426
2025-06-25,143.505126953125,147.77401733398438,142.55795288085938,145.95350646972656,3095794422,SOL-USD,2026-04-10 21:05:42.10426
2025-06-26,139.0598602294922,147.7301483154297,138.8082275390625,143.5052947998047,3480832173,SOL-USD,2026-04-10 21:05:42.10426
2025-06-27,142.1914825439453,144.4037322998047,137.79420471191406,139.05978393554688,3327165986,SOL-USD,2026-04-10 21:05:42.10426
2025-06-28,150.8275604248047,152.43739318847656,141.3493194580078,142.19203186035156,2847495210,SOL-USD,2026-04-10 21:05:42.10426
2025-06-29,153.35308837890625,154.42337036132812,149.532470703125,150.82598876953125,2462940245,SOL-USD,2026-04-10 21:05:42.10426
2025-06-30,154.7353057861328,159.63160705566406,149.61244201660156,153.35308837890625,4752163067,SOL-USD,2026-04-10 21:05:42.10426
2025-07-01,146.9266357421875,155.34742736816406,145.212890625,154.7350311279297,3599415509,SOL-USD,2026-04-10 21:05:42.10426
2025-07-02,152.22763061523438,154.4098358154297,146.232177734375,146.92874145507812,3941952132,SOL-USD,2026-04-10 21:05:42.10426
2025-07-03,152.40179443359375,156.1884765625,150.15145874023438,152.2285614013672,3748228101,SOL-USD,2026-04-10 21:05:42.10426
2025-07-04,147.76364135742188,153.55760192871094,145.45196533203125,152.4020233154297,3575641174,SOL-USD,2026-04-10 21:05:42.10426
2025-07-05,147.64144897460938,148.59071350097656,146.07684326171875,147.76290893554688,1579874806,SOL-USD,2026-04-10 21:05:42.10426
2025-07-06,151.87294006347656,153.38705444335938,146.8997344970703,147.64146423339844,2921512526,SOL-USD,2026-04-10 21:05:42.10426
2025-07-07,148.87234497070312,153.27696228027344,147.78939819335938,151.8733367919922,3661294298,SOL-USD,2026-04-10 21:05:42.10426
2025-07-08,151.81039428710938,152.79660034179688,147.9498748779297,148.87196350097656,3885408944,SOL-USD,2026-04-10 21:05:42.10426
2025-07-09,157.28150939941406,157.88002014160156,150.69989013671875,151.81039428710938,4759358090,SOL-USD,2026-04-10 21:05:42.10426
2025-07-10,164.06277465820312,165.0765838623047,156.0460662841797,157.28150939941406,5703252463,SOL-USD,2026-04-10 21:05:42.10426
2025-07-11,162.8833770751953,167.92196655273438,160.06564331054688,164.06253051757812,7095844188,SOL-USD,2026-04-10 21:05:42.10426
2025-07-12,160.68484497070312,163.84532165527344,157.99803161621094,162.8833770751953,3795297694,SOL-USD,2026-04-10 21:05:42.10426
2025-07-13,161.1940155029297,163.9575958251953,159.9158477783203,160.68484497070312,3865898680,SOL-USD,2026-04-10 21:05:42.10426
2025-07-14,162.2752227783203,168.33612060546875,160.7777862548828,161.1940155029297,7130680773,SOL-USD,2026-04-10 21:05:42.10426
2025-07-15,163.950439453125,164.12208557128906,157.60275268554688,162.27561950683594,6533486768,SOL-USD,2026-04-10 21:05:42.10426
2025-07-16,173.70848083496094,175.83580017089844,161.69142150878906,163.950439453125,8415349750,SOL-USD,2026-04-10 21:05:42.10426
2025-07-17,175.7930450439453,178.0684356689453,169.03152465820312,173.70848083496094,7913250794,SOL-USD,2026-04-10 21:05:42.10426
2025-07-18,177.38197326660156,184.36900329589844,173.91468811035156,175.79193115234375,8439352014,SOL-USD,2026-04-10 21:05:42.10426
2025-07-19,177.07012939453125,178.369384765625,174.31314086914062,177.3819122314453,4074891432,SOL-USD,2026-04-10 21:05:42.10426
2025-07-20,181.54603576660156,183.31976318359375,176.52830505371094,177.07049560546875,6503778374,SOL-USD,2026-04-10 21:05:42.10426
2025-07-21,195.9942626953125,198.91555786132812,178.56219482421875,181.54525756835938,11211509986,SOL-USD,2026-04-10 21:05:42.10426
2025-07-22,205.70054626464844,205.87147521972656,194.2823028564453,195.98789978027344,14508715185,SOL-USD,2026-04-10 21:05:42.10426
2025-07-23,189.54293823242188,205.75608825683594,184.32736206054688,205.71124267578125,10671351702,SOL-USD,2026-04-10 21:05:42.10426
2025-07-24,182.60606384277344,191.88336181640625,179.94815063476562,189.539306640625,8921891799,SOL-USD,2026-04-10 21:05:42.10426
2025-07-25,186.7796630859375,186.78858947753906,176.41354370117188,182.60394287109375,8613557362,SOL-USD,2026-04-10 21:05:42.10426
2025-07-26,184.91387939453125,189.64695739746094,184.5326690673828,186.77980041503906,3756183776,SOL-USD,2026-04-10 21:05:42.10426
2025-07-27,188.73348999023438,190.44314575195312,184.74012756347656,184.91197204589844,4713357652,SOL-USD,2026-04-10 21:05:42.10426
2025-07-28,182.54156494140625,194.65802001953125,182.36875915527344,188.7321014404297,7456216270,SOL-USD,2026-04-10 21:05:42.10426
2025-07-29,181.33531188964844,186.4884490966797,178.57058715820312,182.55848693847656,5430304723,SOL-USD,2026-04-10 21:05:42.10426
2025-07-30,177.6940155029297,182.3795166015625,172.34226989746094,181.33531188964844,6074764559,SOL-USD,2026-04-10 21:05:42.10426
2025-07-31,172.42434692382812,182.48248291015625,171.85279846191406,177.69378662109375,5443530167,SOL-USD,2026-04-10 21:05:42.10426
2025-08-01,162.87709045410156,172.4171142578125,159.78857421875,172.4171142578125,8200357157,SOL-USD,2026-04-10 21:05:42.10426
2025-08-02,158.48301696777344,165.1070098876953,156.0843505859375,162.87709045410156,4455060056,SOL-USD,2026-04-10 21:05:42.10426
2025-08-03,161.95497131347656,162.8240509033203,156.87167358398438,158.48341369628906,3702562222,SOL-USD,2026-04-10 21:05:42.10426
2025-08-04,169.42568969726562,169.71173095703125,161.43699645996094,161.9629669189453,4977909460,SOL-USD,2026-04-10 21:05:42.10426
2025-08-05,164.096435546875,171.56015014648438,161.64089965820312,169.4277801513672,4979304041,SOL-USD,2026-04-10 21:05:42.10426
2025-08-06,168.1757354736328,169.86183166503906,161.40118408203125,164.09857177734375,3851544154,SOL-USD,2026-04-10 21:05:42.10426
2025-08-07,175.4854278564453,175.48870849609375,166.89454650878906,168.17543029785156,5177005321,SOL-USD,2026-04-10 21:05:42.10426
2025-08-08,176.76329040527344,179.35963439941406,173.70159912109375,175.48545837402344,6565011386,SOL-USD,2026-04-10 21:05:42.10426
2025-08-09,180.18234252929688,183.14248657226562,176.7598419189453,176.76312255859375,5297615193,SOL-USD,2026-04-10 21:05:42.10426
2025-08-10,182.90301513671875,185.916748046875,177.99513244628906,180.18289184570312,6719478867,SOL-USD,2026-04-10 21:05:42.10426
2025-08-11,174.97781372070312,186.6573028564453,173.68667602539062,182.9030303955078,7353962794,SOL-USD,2026-04-10 21:05:42.10426
2025-08-12,191.85682678222656,193.4408416748047,173.8356170654297,174.9778289794922,8611505118,SOL-USD,2026-04-10 21:05:42.10426
2025-08-13,201.59042358398438,204.4700164794922,191.49545288085938,191.85682678222656,11831412257,SOL-USD,2026-04-10 21:05:42.10426
2025-08-14,192.58595275878906,209.66685485839844,187.7833709716797,201.58673095703125,14664456934,SOL-USD,2026-04-10 21:05:42.10426
2025-08-15,185.7412567138672,198.13832092285156,183.76400756835938,192.5877685546875,7685764515,SOL-USD,2026-04-10 21:05:42.10426
2025-08-16,189.76699829101562,189.98114013671875,185.45777893066406,185.7395477294922,3716008732,SOL-USD,2026-04-10 21:05:42.10426
2025-08-17,191.16482543945312,195.4407958984375,187.7236785888672,189.76585388183594,4221788171,SOL-USD,2026-04-10 21:05:42.10426
2025-08-18,183.0698699951172,191.35415649414062,180.4141082763672,191.16448974609375,6328028844,SOL-USD,2026-04-10 21:05:42.10426
2025-08-19,176.11227416992188,185.7837371826172,175.99241638183594,183.06968688964844,5990636025,SOL-USD,2026-04-10 21:05:42.10426
2025-08-20,187.5863037109375,187.68954467773438,176.10101318359375,176.11387634277344,6283111574,SOL-USD,2026-04-10 21:05:42.10426
2025-08-21,180.28062438964844,189.40052795410156,179.7133331298828,187.5863037109375,5379108039,SOL-USD,2026-04-10 21:05:42.10426
2025-08-22,200.64744567871094,201.93734741210938,177.47476196289062,180.27969360351562,10256417346,SOL-USD,2026-04-10 21:05:42.10426
2025-08-23,203.93673706054688,207.83900451660156,195.37184143066406,200.6461639404297,7845395369,SOL-USD,2026-04-10 21:05:42.10426
2025-08-24,205.8523712158203,211.76023864746094,201.7071990966797,203.93714904785156,11456987571,SOL-USD,2026-04-10 21:05:42.10426
2025-08-25,187.2784423828125,213.00613403320312,186.02505493164062,205.85543823242188,13048248034,SOL-USD,2026-04-10 21:05:42.10426
2025-08-26,195.90509033203125,197.84652709960938,186.17344665527344,187.26841735839844,8032115173,SOL-USD,2026-04-10 21:05:42.10426
2025-08-27,202.92337036132812,211.85757446289062,194.0631103515625,195.906005859375,12883119559,SOL-USD,2026-04-10 21:05:42.10426
2025-08-28,214.4056396484375,216.08740234375,202.00714111328125,202.9257049560547,12079041801,SOL-USD,2026-04-10 21:05:42.10426
2025-08-29,205.22000122070312,217.83670043945312,200.43594360351562,214.40133666992188,14055051455,SOL-USD,2026-04-10 21:05:42.10426
2025-08-30,202.86013793945312,206.80039978027344,197.89419555664062,205.2144775390625,5828701739,SOL-USD,2026-04-10 21:05:42.10426
2025-08-31,200.86354064941406,206.5069580078125,200.6566925048828,202.85719299316406,5028997406,SOL-USD,2026-04-10 21:05:42.10426
2025-09-01,197.10833740234375,204.2178497314453,194.37802124023438,200.8618621826172,7253329838,SOL-USD,2026-04-10 21:05:42.10426
2025-09-02,209.48153686523438,209.48153686523438,197.09365844726562,197.10958862304688,8625200488,SOL-USD,2026-04-10 21:05:42.10426
2025-09-03,210.74630737304688,212.82351684570312,207.58407592773438,209.4827880859375,6966454259,SOL-USD,2026-04-10 21:05:42.10426
2025-09-04,202.5601806640625,211.79501342773438,202.12701416015625,210.74630737304688,5241887525,SOL-USD,2026-04-10 21:05:42.10426
2025-09-05,203.49851989746094,209.8600616455078,201.1800079345703,202.54673767089844,7780086538,SOL-USD,2026-04-10 21:05:42.10426
2025-09-06,200.24630737304688,204.5575408935547,199.64039611816406,203.49851989746094,3057210360,SOL-USD,2026-04-10 21:05:42.10426
2025-09-07,206.4681854248047,207.86734008789062,200.22850036621094,200.2473602294922,4153166545,SOL-USD,2026-04-10 21:05:42.10426
2025-09-08,214.1864013671875,216.8997802734375,205.7173614501953,206.46453857421875,10019366594,SOL-USD,2026-04-10 21:05:42.10426
2025-09-09,217.2506866455078,219.52349853515625,211.1582489013672,214.18653869628906,8798692220,SOL-USD,2026-04-10 21:05:42.10426
2025-09-10,223.98690795898438,225.51246643066406,215.27252197265625,217.25039672851562,9070263027,SOL-USD,2026-04-10 21:05:42.10426
2025-09-11,228.7561798095703,228.90882873535156,222.025146484375,223.98568725585938,9580815361,SOL-USD,2026-04-10 21:05:42.10426
2025-09-12,242.30328369140625,243.78890991210938,228.2635498046875,228.75624084472656,13008621197,SOL-USD,2026-04-10 21:05:42.10426
2025-09-13,242.5959014892578,244.14328002929688,236.47329711914062,242.3009796142578,7478581447,SOL-USD,2026-04-10 21:05:42.10426
2025-09-14,240.5576934814453,249.12413024902344,240.21392822265625,242.59559631347656,9358190854,SOL-USD,2026-04-10 21:05:42.10426
2025-09-15,234.35755920410156,244.0004119873047,230.4840087890625,240.548095703125,10017744936,SOL-USD,2026-04-10 21:05:42.10426
2025-09-16,236.9895782470703,240.6835174560547,231.8729705810547,234.35922241210938,7521208086,SOL-USD,2026-04-10 21:05:42.10426
2025-09-17,244.85745239257812,246.4639434814453,232.7739715576172,236.97752380371094,10420751509,SOL-USD,2026-04-10 21:05:42.10426
2025-09-18,247.6371307373047,253.20989990234375,242.90658569335938,244.85130310058594,9258651570,SOL-USD,2026-04-10 21:05:42.10426
2025-09-19,238.55270385742188,248.50660705566406,235.87193298339844,247.63824462890625,7513642552,SOL-USD,2026-04-10 21:05:42.10426
2025-09-20,239.5924835205078,240.99896240234375,237.17776489257812,238.5497589111328,3518711912,SOL-USD,2026-04-10 21:05:42.10426
2025-09-21,236.57545471191406,241.80892944335938,235.71669006347656,239.5933074951172,3513052984,SOL-USD,2026-04-10 21:05:42.10426
2025-09-22,220.49644470214844,236.8692626953125,216.9177703857422,236.57421875,12102727916,SOL-USD,2026-04-10 21:05:42.10426
2025-09-23,213.71730041503906,221.3500518798828,212.8028564453125,220.50390625,7373425460,SOL-USD,2026-04-10 21:05:42.10426
2025-09-24,211.75625610351562,216.38018798828125,206.0406036376953,213.71072387695312,8377116522,SOL-USD,2026-04-10 21:05:42.10426
2025-09-25,192.38076782226562,212.4007568359375,192.08314514160156,211.75344848632812,12314273479,SOL-USD,2026-04-10 21:05:42.10426
2025-09-26,205.35255432128906,205.415283203125,191.12664794921875,192.39796447753906,10334548744,SOL-USD,2026-04-10 21:05:42.10426
2025-09-27,203.5833282470703,205.39913940429688,200.2690887451172,205.34518432617188,4016294139,SOL-USD,2026-04-10 21:05:42.10426
2025-09-28,210.7377471923828,210.89622497558594,198.3204345703125,203.58323669433594,4467879569,SOL-USD,2026-04-10 21:05:42.10426
2025-09-29,213.05340576171875,214.6881103515625,205.1308135986328,210.73973083496094,6886600486,SOL-USD,2026-04-10 21:05:42.10426
2025-09-30,208.7431182861328,213.50680541992188,204.56564331054688,213.0449676513672,6873718512,SOL-USD,2026-04-10 21:05:42.10426
2025-10-01,221.67587280273438,221.67587280273438,206.62066650390625,208.7422332763672,8264703260,SOL-USD,2026-04-10 21:05:42.10426
2025-10-02,234.85687255859375,234.86058044433594,219.85984802246094,221.69473266601562,9665302715,SOL-USD,2026-04-10 21:05:42.10426
2025-10-03,233.00196838378906,236.7911834716797,227.67674255371094,234.85398864746094,9289248668,SOL-USD,2026-04-10 21:05:42.10426
2025-10-04,228.00320434570312,233.90084838867188,224.4738311767578,233.0009765625,4553115834,SOL-USD,2026-04-10 21:05:42.10426
2025-10-05,228.6011962890625,236.77723693847656,226.89816284179688,228.00250244140625,7132874650,SOL-USD,2026-04-10 21:05:42.10426
2025-10-06,232.5160369873047,237.32254028320312,227.998046875,228.60110473632812,7521265450,SOL-USD,2026-04-10 21:05:42.10426
2025-10-07,220.4827117919922,235.08648681640625,220.45469665527344,232.5147705078125,9339230314,SOL-USD,2026-04-10 21:05:42.10426
2025-10-08,229.10121154785156,229.5643310546875,218.18418884277344,220.4855499267578,7198664384,SOL-USD,2026-04-10 21:05:42.10426
2025-10-09,220.99107360839844,229.31578063964844,217.19894409179688,229.0968780517578,7901186012,SOL-USD,2026-04-10 21:05:42.10426
2025-10-10,188.6638641357422,224.25440979003906,174.06973266601562,220.99305725097656,16784427014,SOL-USD,2026-04-10 21:05:42.10426
2025-10-11,178.05416870117188,190.87913513183594,173.75479125976562,188.63890075683594,12850012618,SOL-USD,2026-04-10 21:05:42.10426
2025-10-12,197.508544921875,198.8739776611328,173.52139282226562,178.0561981201172,11797041281,SOL-USD,2026-04-10 21:05:42.10426
2025-10-13,208.36729431152344,209.2491912841797,191.9441680908203,197.51219177246094,11469454798,SOL-USD,2026-04-10 21:05:42.10426
2025-10-14,202.46034240722656,211.10504150390625,191.6710205078125,208.36355590820312,13600198608,SOL-USD,2026-04-10 21:05:42.10426
2025-10-15,194.02186584472656,208.33116149902344,192.70005798339844,202.4618682861328,9867608882,SOL-USD,2026-04-10 21:05:42.10426
2025-10-16,184.68894958496094,197.95574951171875,182.2513427734375,194.02186584472656,10042886154,SOL-USD,2026-04-10 21:05:42.10426
2025-10-17,182.0347900390625,187.42857360839844,174.74417114257812,184.6862030029297,10401735741,SOL-USD,2026-04-10 21:05:42.10426
2025-10-18,187.66029357910156,188.26788330078125,182.02398681640625,182.03616333007812,4108902789,SOL-USD,2026-04-10 21:05:42.10426
2025-10-19,187.79820251464844,192.2006072998047,183.458251953125,187.66029357910156,4863227045,SOL-USD,2026-04-10 21:05:42.10426
2025-10-20,189.75067138671875,194.34115600585938,184.046630859375,187.79830932617188,6103945646,SOL-USD,2026-04-10 21:05:42.10426
2025-10-21,185.66627502441406,197.37448120117188,183.31324768066406,189.7620391845703,8186574439,SOL-USD,2026-04-10 21:05:42.10426
2025-10-22,180.14813232421875,187.32662963867188,177.6731414794922,185.66732788085938,7337365275,SOL-USD,2026-04-10 21:05:42.10426
2025-10-23,191.38827514648438,193.17556762695312,179.80087280273438,180.14813232421875,6358339771,SOL-USD,2026-04-10 21:05:42.10426
2025-10-24,193.5602264404297,195.3123321533203,189.10888671875,191.3885955810547,5855077941,SOL-USD,2026-04-10 21:05:42.10426
2025-10-25,194.04037475585938,195.08335876464844,191.60333251953125,193.56082153320312,3170047006,SOL-USD,2026-04-10 21:05:42.10426
2025-10-26,200.02862548828125,200.6212158203125,192.1607666015625,194.03758239746094,4753310567,SOL-USD,2026-04-10 21:05:42.10426
2025-10-27,198.74171447753906,205.02005004882812,197.59854125976562,200.02748107910156,6714497027,SOL-USD,2026-04-10 21:05:42.10426
2025-10-28,194.4427947998047,203.83175659179688,191.38519287109375,198.74099731445312,8093133805,SOL-USD,2026-04-10 21:05:42.10426
2025-10-29,194.41087341308594,201.6774444580078,190.6092071533203,194.43362426757812,8057327834,SOL-USD,2026-04-10 21:05:42.10426
2025-10-30,184.62442016601562,198.0394744873047,179.2217254638672,194.40017700195312,8688393422,SOL-USD,2026-04-10 21:05:42.10426
2025-10-31,187.20947265625,189.85353088378906,184.02078247070312,184.6289520263672,5699604751,SOL-USD,2026-04-10 21:05:42.10426
2025-11-01,186.3800506591797,187.34556579589844,184.0620880126953,187.20925903320312,2742470897,SOL-USD,2026-04-10 21:05:42.10426
2025-11-02,187.8259735107422,188.1415252685547,182.82925415039062,186.37965393066406,3213989849,SOL-USD,2026-04-10 21:05:42.10426
2025-11-03,166.0906982421875,188.7412109375,163.5452880859375,187.8260498046875,10083921329,SOL-USD,2026-04-10 21:05:42.10426
2025-11-04,155.40318298339844,168.20030212402344,146.7495574951172,166.0955352783203,11720472283,SOL-USD,2026-04-10 21:05:42.10426
2025-11-05,162.56607055664062,163.65786743164062,147.89247131347656,155.3994598388672,7278004532,SOL-USD,2026-04-10 21:05:42.10426
2025-11-06,155.06591796875,162.779296875,153.79432678222656,162.56338500976562,5543550041,SOL-USD,2026-04-10 21:05:42.10426
2025-11-07,161.7081756591797,164.09254455566406,150.44387817382812,155.06640625,6565811742,SOL-USD,2026-04-10 21:05:42.10426
2025-11-08,158.10250854492188,164.70510864257812,156.08547973632812,161.70852661132812,3777278818,SOL-USD,2026-04-10 21:05:42.10426
2025-11-09,164.45384216308594,166.2310333251953,155.38453674316406,158.1029815673828,4538025398,SOL-USD,2026-04-10 21:05:42.10426
2025-11-10,167.36700439453125,170.15528869628906,163.8563995361328,164.45126342773438,5424364139,SOL-USD,2026-04-10 21:05:42.10426
2025-11-11,154.56832885742188,171.6073455810547,154.26486206054688,167.36734008789062,6202061657,SOL-USD,2026-04-10 21:05:42.10426
2025-11-12,153.2620391845703,161.01406860351562,151.46876525878906,154.56333923339844,5979682267,SOL-USD,2026-04-10 21:05:42.10426
2025-11-13,145.1084747314453,156.98609924316406,141.3976593017578,153.2600555419922,7354986019,SOL-USD,2026-04-10 21:05:42.10426
2025-11-14,138.67660522460938,145.46722412109375,136.0413360595703,145.1084747314453,8170562276,SOL-USD,2026-04-10 21:05:42.10426
2025-11-15,139.5352020263672,143.59059143066406,138.67660522460938,138.67660522460938,3449336899,SOL-USD,2026-04-10 21:05:42.10426
2025-11-16,137.26573181152344,143.15945434570312,134.96566772460938,139.5326690673828,4722106857,SOL-USD,2026-04-10 21:05:42.10426
2025-11-17,130.8482666015625,142.46754455566406,129.01918029785156,137.26535034179688,7330608944,SOL-USD,2026-04-10 21:05:42.10426
2025-11-18,140.71438598632812,141.83172607421875,129.3094024658203,130.84869384765625,7400753648,SOL-USD,2026-04-10 21:05:42.10426
2025-11-19,136.76695251464844,142.47825622558594,130.64390563964844,140.71438598632812,6005404886,SOL-USD,2026-04-10 21:05:42.10426
2025-11-20,133.51715087890625,144.3306121826172,131.38912963867188,136.76776123046875,8497498957,SOL-USD,2026-04-10 21:05:42.10426
2025-11-21,128.50050354003906,134.7876434326172,122.27206420898438,133.5139617919922,10081815694,SOL-USD,2026-04-10 21:05:42.10426
2025-11-22,127.55120086669922,129.64389038085938,125.40487670898438,128.49856567382812,3490973210,SOL-USD,2026-04-10 21:05:42.10426
2025-11-23,130.70506286621094,133.32691955566406,127.55113220214844,127.55113220214844,3820042054,SOL-USD,2026-04-10 21:05:42.10426
2025-11-24,138.37135314941406,139.48390197753906,128.54151916503906,130.70603942871094,6046925667,SOL-USD,2026-04-10 21:05:42.10426
2025-11-25,138.89114379882812,140.3466339111328,133.5081329345703,138.37889099121094,4512057787,SOL-USD,2026-04-10 21:05:42.10426
2025-11-26,143.01219177246094,144.47103881835938,135.63246154785156,138.88987731933594,5361639551,SOL-USD,2026-04-10 21:05:42.10426
2025-11-27,140.84640502929688,144.1732177734375,140.6957550048828,143.0125274658203,3419017564,SOL-USD,2026-04-10 21:05:42.10426
2025-11-28,137.39019775390625,143.30421447753906,136.28543090820312,140.8464813232422,4865188881,SOL-USD,2026-04-10 21:05:42.10426
2025-11-29,136.0817108154297,137.8857879638672,135.1206817626953,137.39064025878906,2428334173,SOL-USD,2026-04-10 21:05:42.10426
2025-11-30,133.5648193359375,139.93711853027344,133.5648193359375,136.0821075439453,3123775023,SOL-USD,2026-04-10 21:05:42.10426
2025-12-01,126.70902252197266,133.60720825195312,123.31387329101562,133.5648193359375,6212210725,SOL-USD,2026-04-10 21:05:42.10426
2025-12-02,138.67420959472656,140.66482543945312,126.1412582397461,126.7086181640625,6173683503,SOL-USD,2026-04-10 21:05:42.10426
2025-12-03,144.89849853515625,145.73007202148438,137.94105529785156,138.673095703125,5809364566,SOL-USD,2026-04-10 21:05:42.10426
2025-12-04,139.0145263671875,146.7203826904297,138.0679931640625,144.89154052734375,4304817495,SOL-USD,2026-04-10 21:05:42.10426
2025-12-05,133.322998046875,140.3798828125,131.1352996826172,139.01397705078125,4557254539,SOL-USD,2026-04-10 21:05:42.10426
2025-12-06,132.34844970703125,134.06983947753906,131.50657653808594,133.32437133789062,2061286212,SOL-USD,2026-04-10 21:05:42.10426
2025-12-07,132.09356689453125,136.23268127441406,128.2851104736328,132.34986877441406,3824892147,SOL-USD,2026-04-10 21:05:42.10426
2025-12-08,133.27822875976562,139.2073516845703,131.67465209960938,132.0959930419922,4710407082,SOL-USD,2026-04-10 21:05:42.10426
2025-12-09,137.901611328125,144.74278259277344,131.8707275390625,133.27833557128906,5869893316,SOL-USD,2026-04-10 21:05:42.10426
2025-12-10,136.46902465820312,142.44235229492188,135.8628692626953,137.90609741210938,5949930252,SOL-USD,2026-04-10 21:05:42.10426
2025-12-11,136.37156677246094,137.67807006835938,129.38401794433594,136.46376037597656,5833676784,SOL-USD,2026-04-10 21:05:42.10426
2025-12-12,132.3242950439453,139.98731994628906,130.67987060546875,136.36993408203125,5282060650,SOL-USD,2026-04-10 21:05:42.10426
2025-12-13,133.24746704101562,134.24513244628906,131.98580932617188,132.32403564453125,2024059188,SOL-USD,2026-04-10 21:05:42.10426
2025-12-14,129.48109436035156,133.5909881591797,128.9016571044922,133.24761962890625,2489001258,SOL-USD,2026-04-10 21:05:42.10426
2025-12-15,127.75711822509766,134.71762084960938,123.998046875,129.48333740234375,5120043768,SOL-USD,2026-04-10 21:05:42.10426
2025-12-16,129.25120544433594,129.9452667236328,125.45384979248047,127.75730895996094,3918682307,SOL-USD,2026-04-10 21:05:42.10426
2025-12-17,123.11980438232422,133.4417724609375,121.55805206298828,129.25282287597656,5452646038,SOL-USD,2026-04-10 21:05:42.10426
2025-12-18,119.57015228271484,128.76417541503906,117.31623077392578,123.12610626220703,5835673225,SOL-USD,2026-04-10 21:05:42.10426
2025-12-19,126.1927490234375,127.5052261352539,117.79812622070312,119.57015228271484,5045203467,SOL-USD,2026-04-10 21:05:42.10426
2025-12-20,125.80903625488281,126.76323699951172,125.39103698730469,126.19405364990234,1703857955,SOL-USD,2026-04-10 21:05:42.10426
2025-12-21,125.99150085449219,126.45636749267578,123.60157775878906,125.81024169921875,2335972346,SOL-USD,2026-04-10 21:05:42.10426
2025-12-22,125.80123138427734,128.38507080078125,124.4066162109375,125.99151611328125,3657779407,SOL-USD,2026-04-10 21:05:42.10426
2025-12-23,123.85721588134766,126.73116302490234,122.32801818847656,125.80123138427734,3084149409,SOL-USD,2026-04-10 21:05:42.10426
2025-12-24,122.45860290527344,124.10684204101562,120.78385925292969,123.85684204101562,2313559221,SOL-USD,2026-04-10 21:05:42.10426
2025-12-25,119.9471206665039,124.19391632080078,119.90099334716797,122.45835876464844,2194207451,SOL-USD,2026-04-10 21:05:42.10426
2025-12-26,122.19595336914062,124.92918395996094,119.57316589355469,119.94737243652344,3779508002,SOL-USD,2026-04-10 21:05:42.10426
2025-12-27,124.64771270751953,124.74816131591797,121.86039733886719,122.19612121582031,1711358748,SOL-USD,2026-04-10 21:05:42.10426
2025-12-28,125.19935607910156,125.21761322021484,123.07058715820312,124.6484146118164,2003713687,SOL-USD,2026-04-10 21:05:42.10426
2025-12-29,123.12522888183594,129.30441284179688,122.42872619628906,125.19874572753906,4871847248,SOL-USD,2026-04-10 21:05:42.10426
2025-12-30,124.93132019042969,126.19066619873047,122.53900146484375,123.1244888305664,3096711898,SOL-USD,2026-04-10 21:05:42.10426
2025-12-31,124.48446655273438,127.11942291259766,123.46351623535156,124.93132019042969,3627228070,SOL-USD,2026-04-10 21:05:42.10426
2026-01-01,126.76112365722656,126.98711395263672,124.0515365600586,124.4847412109375,2461653813,SOL-USD,2026-04-10 21:05:42.10426
2026-01-02,132.1336669921875,132.98789978027344,125.79122161865234,126.76112365722656,4508641946,SOL-USD,2026-04-10 21:05:42.10426
2026-01-03,133.29847717285156,133.60838317871094,129.93521118164062,132.13339233398438,2477037555,SOL-USD,2026-04-10 21:05:42.10426
2026-01-04,133.8996124267578,135.35447692871094,133.22732543945312,133.2982177734375,2982580991,SOL-USD,2026-04-10 21:05:42.10426
2026-01-05,137.98997497558594,139.63558959960938,133.34866333007812,133.9026336669922,5200675282,SOL-USD,2026-04-10 21:05:42.10426
2026-01-06,141.09841918945312,143.0365753173828,136.3661346435547,137.9898223876953,5874437271,SOL-USD,2026-04-10 21:05:42.10426
2026-01-07,136.31301879882812,141.0989227294922,134.6916046142578,141.0961151123047,3910044770,SOL-USD,2026-04-10 21:05:42.10426
2026-01-08,138.29342651367188,139.83444213867188,132.82118225097656,136.31301879882812,4776764584,SOL-USD,2026-04-10 21:05:42.10426
2026-01-09,135.7563934326172,140.8950653076172,135.04872131347656,138.29727172851562,5002612595,SOL-USD,2026-04-10 21:05:42.10426
2026-01-10,135.7270050048828,136.81883239746094,135.29322814941406,135.75704956054688,1631651535,SOL-USD,2026-04-10 21:05:42.10426
2026-01-11,139.49046325683594,141.0433807373047,135.6405029296875,135.72767639160156,3148787073,SOL-USD,2026-04-10 21:05:42.10426
2026-01-12,139.1361846923828,143.9115753173828,138.42050170898438,139.49087524414062,6095296933,SOL-USD,2026-04-10 21:05:42.10426
2026-01-13,145.36087036132812,147.30531311035156,137.80845642089844,139.13543701171875,6784244711,SOL-USD,2026-04-10 21:05:42.10426
2026-01-14,146.7528076171875,148.21600341796875,143.52069091796875,145.36163330078125,6358680886,SOL-USD,2026-04-10 21:05:42.10426
2026-01-15,142.3324432373047,146.76199340820312,141.03555297851562,146.75563049316406,4616638822,SOL-USD,2026-04-10 21:05:42.10426
2026-01-16,144.8604736328125,145.3809814453125,140.43679809570312,142.3328857421875,3652609587,SOL-USD,2026-04-10 21:05:42.10426
2026-01-17,143.72567749023438,144.8657684326172,143.57345581054688,144.8601531982422,1900249993,SOL-USD,2026-04-10 21:05:42.10426
2026-01-18,137.99542236328125,143.82252502441406,137.9600372314453,143.72593688964844,2984193864,SOL-USD,2026-04-10 21:05:42.10426
2026-01-19,133.3386993408203,137.99765014648438,132.81777954101562,137.99720764160156,5018545520,SOL-USD,2026-04-10 21:05:42.10426
2026-01-20,125.70572662353516,134.38629150390625,125.67015838623047,133.33859252929688,5647782627,SOL-USD,2026-04-10 21:05:42.10426
2026-01-21,129.3790740966797,131.8393096923828,125.58707427978516,125.70572662353516,5435243612,SOL-USD,2026-04-10 21:05:42.10426
2026-01-22,128.28834533691406,130.49163818359375,126.85424041748047,129.3789520263672,3212054901,SOL-USD,2026-04-10 21:05:42.10426
2026-01-23,127.36157989501953,129.72862243652344,125.3766098022461,128.28851318359375,3766000022,SOL-USD,2026-04-10 21:05:42.10426
2026-01-24,127.05381774902344,127.90245056152344,126.56280517578125,127.363037109375,1620566908,SOL-USD,2026-04-10 21:05:42.10426
2026-01-25,118.77285766601562,127.22686004638672,117.57979583740234,127.05250549316406,5349293195,SOL-USD,2026-04-10 21:05:42.10426
2026-01-26,124.13972473144531,125.06038665771484,118.6618423461914,118.77265167236328,4273720547,SOL-USD,2026-04-10 21:05:42.10426
2026-01-27,127.05479431152344,127.62338256835938,123.04519653320312,124.13898468017578,3683537052,SOL-USD,2026-04-10 21:05:42.10426
2026-01-28,125.11844635009766,127.9662857055664,124.89337921142578,127.0533218383789,3544660044,SOL-USD,2026-04-10 21:05:42.10426
2026-01-29,117.60576629638672,125.18667602539062,115.41664123535156,125.11925506591797,6044075471,SOL-USD,2026-04-10 21:05:42.10426
2026-01-30,117.363037109375,118.86773681640625,112.96723175048828,117.60324096679688,6818716389,SOL-USD,2026-04-10 21:05:42.10426
2026-01-31,105.441650390625,118.61029052734375,99.98045349121094,117.36463165283203,9542017060,SOL-USD,2026-04-10 21:05:42.10426
2026-02-01,100.85052490234375,106.20301818847656,98.52946472167969,105.44039916992188,5440089988,SOL-USD,2026-04-10 21:05:42.10426
2026-02-02,104.47115325927734,105.69131469726562,96.42904663085938,100.8449478149414,6949524331,SOL-USD,2026-04-10 21:05:42.10426
2026-02-03,97.56390380859375,104.91223907470703,96.8131332397461,104.47044372558594,5824450887,SOL-USD,2026-04-10 21:05:42.10426
2026-02-04,92.02930450439453,99.45185852050781,89.66161346435547,97.56403350830078,7163239530,SOL-USD,2026-04-10 21:05:42.10426
2026-02-05,78.18741607666016,92.90266418457031,77.77494049072266,92.02930450439453,10561367080,SOL-USD,2026-04-10 21:05:42.10426
2026-02-06,87.46477508544922,89.50743865966797,68.69181823730469,78.18553161621094,11668451362,SOL-USD,2026-04-10 21:05:42.10426
2026-02-07,87.63983154296875,89.0591812133789,84.32820892333984,87.4673080444336,5200795827,SOL-USD,2026-04-10 21:05:42.10426
2026-02-08,87.04410552978516,88.67376708984375,85.87124633789062,87.63983154296875,3068974562,SOL-USD,2026-04-10 21:05:42.10426
2026-02-09,86.7017822265625,88.4691162109375,82.9388427734375,87.04224395751953,4074999909,SOL-USD,2026-04-10 21:05:42.10426
2026-02-10,82.91548156738281,87.34439086914062,81.989990234375,86.70360565185547,2879051689,SOL-USD,2026-04-10 21:05:42.10426
2026-02-11,79.2542495727539,84.22687530517578,78.39973449707031,82.91615295410156,4305057649,SOL-USD,2026-04-10 21:05:42.10426
2026-02-12,78.34844207763672,82.10655975341797,76.66899108886719,79.25389862060547,3687924145,SOL-USD,2026-04-10 21:05:42.10426
2026-02-13,84.32254028320312,85.46414184570312,77.61656951904297,78.34674072265625,3663739655,SOL-USD,2026-04-10 21:05:42.10426
2026-02-14,88.16083526611328,88.80354309082031,84.23580932617188,84.32231140136719,2954230209,SOL-USD,2026-04-10 21:05:42.10426
2026-02-15,86.00509643554688,91.07579040527344,85.0082015991211,88.16121673583984,4172988583,SOL-USD,2026-04-10 21:05:42.10426
2026-02-16,86.42878723144531,86.67033386230469,82.7319107055664,86.00759887695312,3523436883,SOL-USD,2026-04-10 21:05:42.10426
2026-02-17,85.1976089477539,87.5501708984375,83.13166046142578,86.4288330078125,3175385366,SOL-USD,2026-04-10 21:05:42.10426
2026-02-18,81.56694793701172,85.85118865966797,80.5713119506836,85.19692993164062,3282222779,SOL-USD,2026-04-10 21:05:42.10426
2026-02-19,82.39324951171875,82.57433319091797,79.75370025634766,81.56705474853516,2887552822,SOL-USD,2026-04-10 21:05:42.10426
2026-02-20,84.6351089477539,85.26191711425781,81.85164642333984,82.39338684082031,3866512374,SOL-USD,2026-04-10 21:05:42.10426
2026-02-21,85.21113586425781,86.6406478881836,84.02863311767578,84.63516998291016,2020472698,SOL-USD,2026-04-10 21:05:42.10426
2026-02-22,82.79097747802734,85.48234558105469,82.55017852783203,85.21121978759766,2030721314,SOL-USD,2026-04-10 21:05:42.10426
2026-02-23,77.7533187866211,82.78715515136719,77.27669525146484,82.78715515136719,4967335032,SOL-USD,2026-04-10 21:05:42.10426
2026-02-24,79.0365219116211,79.57894897460938,76.02326965332031,77.7544174194336,3622232562,SOL-USD,2026-04-10 21:05:42.10426
2026-02-25,87.91560363769531,91.04756927490234,78.80804443359375,79.0365219116211,5782225888,SOL-USD,2026-04-10 21:05:42.10426
2026-02-26,85.90911865234375,89.1194076538086,84.5010986328125,87.9095687866211,4154129610,SOL-USD,2026-04-10 21:05:42.10426
2026-02-27,81.95148468017578,88.04073333740234,80.9331283569336,85.90913391113281,3859172094,SOL-USD,2026-04-10 21:05:42.10426
2026-02-28,84.36618041992188,85.25884246826172,77.44635772705078,81.9506607055664,4761528427,SOL-USD,2026-04-10 21:05:42.10426
2026-03-01,83.5776596069336,88.65435028076172,81.84449005126953,84.36634826660156,4665364489,SOL-USD,2026-04-10 21:05:42.10426
2026-03-02,86.634521484375,89.88912200927734,82.49097442626953,83.57645416259766,5455789912,SOL-USD,2026-04-10 21:05:42.10426
2026-03-03,87.0197525024414,87.32257080078125,82.87655639648438,86.63624572753906,4835947541,SOL-USD,2026-04-10 21:05:42.10426
2026-03-04,90.83426666259766,93.82653045654297,84.94286346435547,87.01956939697266,6907739136,SOL-USD,2026-04-10 21:05:42.10426
2026-03-05,88.69110870361328,92.78878784179688,88.00936889648438,90.83426666259766,4462211662,SOL-USD,2026-04-10 21:05:42.10426
2026-03-06,84.68180084228516,89.24493408203125,83.7433090209961,88.69347381591797,3739561333,SOL-USD,2026-04-10 21:05:42.10426
2026-03-07,83.1799545288086,85.00260162353516,82.49453735351562,84.68055725097656,1916017174,SOL-USD,2026-04-10 21:05:42.10426
2026-03-08,81.62458801269531,84.05389404296875,80.71095275878906,83.18003845214844,2686950610,SOL-USD,2026-04-10 21:05:42.10426
2026-03-09,84.93617248535156,86.91543579101562,81.59979248046875,81.62455749511719,4216355210,SOL-USD,2026-04-10 21:05:42.10426
2026-03-10,85.83822631835938,88.63069152832031,84.92603302001953,84.93749237060547,4341777505,SOL-USD,2026-04-10 21:05:42.10426
2026-03-11,86.56493377685547,87.83213806152344,84.45158386230469,85.8381576538086,3960189193,SOL-USD,2026-04-10 21:05:42.10426
2026-03-12,86.86779022216797,87.5905990600586,84.81645202636719,86.56668090820312,3741395035,SOL-USD,2026-04-10 21:05:42.10426
2026-03-13,88.15328979492188,92.88053131103516,86.81328582763672,86.86770629882812,5722483290,SOL-USD,2026-04-10 21:05:42.10426
2026-03-14,88.07068634033203,88.67119598388672,86.63023376464844,88.15412902832031,2167169768,SOL-USD,2026-04-10 21:05:42.10426
2026-03-15,92.25182342529297,92.99776458740234,87.49870300292969,88.0704345703125,3277177955,SOL-USD,2026-04-10 21:05:42.10426
2026-03-16,96.22372436523438,97.41771697998047,91.24591827392578,92.25813293457031,6507301442,SOL-USD,2026-04-10 21:05:42.10426
2026-03-17,94.70597076416016,96.74771881103516,93.32286071777344,96.22423553466797,4239635773,SOL-USD,2026-04-10 21:05:42.10426
2026-03-18,90.06571960449219,95.53937530517578,88.81206512451172,94.70464324951172,4331839385,SOL-USD,2026-04-10 21:05:42.10426
2026-03-19,88.9178466796875,91.22755432128906,87.19413757324219,90.06442260742188,3654219084,SOL-USD,2026-04-10 21:05:42.10426
2026-03-20,89.85356903076172,90.23690795898438,88.241943359375,88.91725158691406,3090719128,SOL-USD,2026-04-10 21:05:42.10426
2026-03-21,87.46537017822266,90.76116943359375,87.44123840332031,89.8543701171875,1903136993,SOL-USD,2026-04-10 21:05:42.10426
2026-03-22,86.12834930419922,89.047119140625,85.29344940185547,87.46663665771484,2979255573,SOL-USD,2026-04-10 21:05:42.10426
2026-03-23,91.42407989501953,92.16435241699219,85.25033569335938,86.12869262695312,5416789599,SOL-USD,2026-04-10 21:05:42.10426
2026-03-24,90.82242584228516,92.150390625,88.48899841308594,91.42520904541016,4147126404,SOL-USD,2026-04-10 21:05:42.10426
2026-03-25,91.70822143554688,93.26300811767578,90.80261993408203,90.82242584228516,3750957246,SOL-USD,2026-04-10 21:05:42.10426
2026-03-26,86.44393157958984,91.89579772949219,85.51251220703125,91.70822143554688,4280339140,SOL-USD,2026-04-10 21:05:42.10426
2026-03-27,83.01882934570312,86.91437530517578,82.04327392578125,86.4457015991211,3694287477,SOL-USD,2026-04-10 21:05:42.10426
2026-03-28,82.0156021118164,84.05540466308594,81.86953735351562,83.0184555053711,2278504599,SOL-USD,2026-04-10 21:05:42.10426
2026-03-29,81.42240142822266,83.07173919677734,79.57503509521484,82.01568603515625,2398386905,SOL-USD,2026-04-10 21:05:42.10426
2026-03-30,82.44405364990234,84.7214126586914,81.19849395751953,81.42201232910156,3987544544,SOL-USD,2026-04-10 21:05:42.10426
2026-03-31,83.10646057128906,84.22917938232422,80.2129135131836,82.44381713867188,4833199759,SOL-USD,2026-04-10 21:05:42.10426
2026-04-01,81.19525909423828,86.39097595214844,80.93441009521484,83.10919952392578,5093477642,SOL-USD,2026-04-10 21:05:42.10426
2026-04-02,78.9513168334961,81.70182037353516,76.81694030761719,81.19540405273438,4928225665,SOL-USD,2026-04-10 21:05:42.10426
2026-04-03,80.36854553222656,80.56055450439453,78.91806030273438,78.9513168334961,2994787677,SOL-USD,2026-04-10 21:05:42.10426
2026-04-04,80.80838012695312,81.29010009765625,79.74375915527344,80.3687515258789,2127989928,SOL-USD,2026-04-10 21:05:42.10426
2026-04-05,81.8544921875,81.96971893310547,78.60292053222656,80.80895233154297,2423711503,SOL-USD,2026-04-10 21:05:42.10426
2026-04-06,80.15157318115234,82.87333679199219,79.73141479492188,81.8546371459961,3541988994,SOL-USD,2026-04-10 21:05:42.10426
2026-04-09,260.489990234375,261.1199951171875,256.07000732421875,259,28121600,AAPL,2026-04-11 08:15:21.028922
2026-04-09,318.489990234375,319.5400085449219,311.05999755859375,315.9100036621094,23739200,GOOGL,2026-04-11 08:15:21.737379
2026-04-09,373.07000732421875,373.5,367.04998779296875,372.5,30435300,MSFT,2026-04-11 08:15:22.581577
2026-04-09,183.91000366210938,184.0800018310547,180.6199951171875,181.83999633789062,116428500,NVDA,2026-04-11 08:15:23.359706
2026-04-09,71767.828125,73107.265625,70486.359375,71120.5703125,38799581473,BTC-USD,2026-04-11 08:15:24.122106
2026-04-09,2189.14404296875,2243.972900390625,2158.017578125,2190.33251953125,17218638798,ETH-USD,2026-04-11 08:15:25.143494
2026-04-09,83.2977294921875,85.60839080810547,81.54859924316406,82.58191680908203,4470806838,SOL-USD,2026-04-11 08:15:25.855066
