{"timestamp":"2026-04-16T13:00:31.431739Z","level":"info","event":"Filling up the DagBag from /opt/airflow/dags/pipeline_dags.py","logger":"airflow.dag_processing.dagbag.BundleDagBag","filename":"dagbag.py","lineno":469}
{"timestamp":"2026-04-16T13:04:31.661767Z","level":"error","event":"Process timed out, PID: 5541","logger":"airflow.dag_processing.importers.python_importer","filename":"python_importer.py","lineno":62}
{"timestamp":"2026-04-16T13:04:31.748995Z","level":"error","event":"Failed to import: /opt/airflow/dags/pipeline_dags.py","logger":"airflow.dag_processing.importers.python_importer","filename":"python_importer.py","lineno":244,"error_detail":[{"exc_type":"AirflowTaskTimeout","exc_value":"DagBag import timeout for /opt/airflow/dags/pipeline_dags.py after 30.0s.\nPlease take a look at these docs to improve your DAG import time:\n* https://airflow.apache.org/docs/apache-airflow/3.2.0/best-practices.html#top-level-python-code\n* https://airflow.apache.org/docs/apache-airflow/3.2.0/best-practices.html#reducing-dag-complexity, PID: 5541","exc_notes":[],"syntax_error":null,"is_cause":false,"frames":[{"filename":"/home/airflow/.local/lib/python3.13/site-packages/airflow/dag_processing/importers/python_importer.py","lineno":238,"name":"parse"},{"filename":"<frozen importlib._bootstrap_external>","lineno":1023,"name":"exec_module"},{"filename":"<frozen importlib._bootstrap>","lineno":488,"name":"_call_with_frames_removed"},{"filename":"/opt/airflow/dags/pipeline_dags.py","lineno":4,"name":"<module>"},{"filename":"/opt/airflow/data_ingestion/fetch_data.py","lineno":2,"name":"<module>"},{"filename":"/home/airflow/.local/lib/python3.13/site-packages/yfinance/__init__.py","lineno":23,"name":"<module>"},{"filename":"/home/airflow/.local/lib/python3.13/site-packages/yfinance/search.py","lineno":24,"name":"<module>"},{"filename":"/home/airflow/.local/lib/python3.13/site-packages/yfinance/utils.py","lineno":37,"name":"<module>"},{"filename":"/home/airflow/.local/lib/python3.13/site-packages/pandas/__init__.py","lineno":49,"name":"<module>"},{"filename":"/home/airflow/.local/lib/python3.13/site-packages/pandas/core/api.py","lineno":28,"name":"<module>"},{"filename":"/home/airflow/.local/lib/python3.13/site-packages/pandas/core/arrays/__init__.py","lineno":1,"name":"<module>"},{"filename":"/home/airflow/.local/lib/python3.13/site-packages/pandas/core/arrays/arrow/__init__.py","lineno":1,"name":"<module>"},{"filename":"<frozen importlib._bootstrap>","lineno":1360,"name":"_find_and_load"},{"filename":"<frozen importlib._bootstrap>","lineno":1322,"name":"_find_and_load_unlocked"},{"filename":"<frozen importlib._bootstrap>","lineno":1262,"name":"_find_spec"},{"filename":"<frozen importlib._bootstrap_external>","lineno":1556,"name":"find_spec"},{"filename":"<frozen importlib._bootstrap_external>","lineno":1528,"name":"_get_spec"},{"filename":"<frozen importlib._bootstrap_external>","lineno":1515,"name":"_path_importer_cache"},{"filename":"<frozen importlib._bootstrap_external>","lineno":1491,"name":"_path_hooks"},{"filename":"<frozen importlib._bootstrap_external>","lineno":1713,"name":"path_hook_for_FileFinder"},{"filename":"/home/airflow/.local/lib/python3.13/site-packages/airflow/dag_processing/importers/python_importer.py","lineno":65,"name":"handle_timeout"}],"is_group":false,"exceptions":[]},{"exc_type":"KeyError","exc_value":"'/home/airflow/.local/lib/python3.13/site-packages/pandas/core/arrays/arrow'","exc_notes":[],"syntax_error":null,"is_cause":false,"frames":[{"filename":"<frozen importlib._bootstrap_external>","lineno":1513,"name":"_path_importer_cache"}],"is_group":false,"exceptions":[]}]}
{"timestamp":"2026-04-16T13:04:32.125537Z","level":"error","event":"Error loading DAG from pipeline_dags.py: DagBag import timeout for /opt/airflow/dags/pipeline_dags.py after 30.0s.\nPlease take a look at these docs to improve your DAG import time:\n* https://airflow.apache.org/docs/apache-airflow/3.2.0/best-practices.html#top-level-python-code\n* https://airflow.apache.org/docs/apache-airflow/3.2.0/best-practices.html#reducing-dag-complexity, PID: 5541","logger":"airflow.dag_processing.dagbag.BundleDagBag","filename":"dagbag.py","lineno":327}
{"timestamp":"2026-04-16T13:17:06.334432Z","level":"info","event":"Filling up the DagBag from /opt/airflow/dags/pipeline_dags.py","logger":"airflow.dag_processing.dagbag.BundleDagBag","filename":"dagbag.py","lineno":469}
{"timestamp":"2026-04-16T13:17:38.013593Z","level":"error","event":"Process timed out, PID: 5567","logger":"airflow.dag_processing.importers.python_importer","filename":"python_importer.py","lineno":62}
{"timestamp":"2026-04-16T13:17:38.017672Z","level":"error","event":"Failed to import: /opt/airflow/dags/pipeline_dags.py","logger":"airflow.dag_processing.importers.python_importer","filename":"python_importer.py","lineno":244,"error_detail":[{"exc_type":"AirflowTaskTimeout","exc_value":"DagBag import timeout for /opt/airflow/dags/pipeline_dags.py after 30.0s.\nPlease take a look at these docs to improve your DAG import time:\n* https://airflow.apache.org/docs/apache-airflow/3.2.0/best-practices.html#top-level-python-code\n* https://airflow.apache.org/docs/apache-airflow/3.2.0/best-practices.html#reducing-dag-complexity, PID: 5567","exc_notes":[],"syntax_error":null,"is_cause":false,"frames":[{"filename":"/home/airflow/.local/lib/python3.13/site-packages/airflow/dag_processing/importers/python_importer.py","lineno":238,"name":"parse"},{"filename":"<frozen importlib._bootstrap_external>","lineno":1023,"name":"exec_module"},{"filename":"<frozen importlib._bootstrap>","lineno":488,"name":"_call_with_frames_removed"},{"filename":"/opt/airflow/dags/pipeline_dags.py","lineno":4,"name":"<module>"},{"filename":"/opt/airflow/data_ingestion/fetch_data.py","lineno":2,"name":"<module>"},{"filename":"/home/airflow/.local/lib/python3.13/site-packages/yfinance/__init__.py","lineno":23,"name":"<module>"},{"filename":"/home/airflow/.local/lib/python3.13/site-packages/yfinance/search.py","lineno":27,"name":"<module>"},{"filename":"/home/airflow/.local/lib/python3.13/site-packages/yfinance/data.py","lineno":8,"name":"<module>"},{"filename":"/home/airflow/.local/lib/python3.13/site-packages/bs4/__init__.py","lineno":65,"name":"<module>"},{"filename":"/home/airflow/.local/lib/python3.13/site-packages/bs4/builder/__init__.py","lineno":24,"name":"<module>"},{"filename":"/home/airflow/.local/lib/python3.13/site-packages/bs4/element.py","lineno":15,"name":"<module>"},{"filename":"/home/airflow/.local/lib/python3.13/site-packages/bs4/formatter.py","lineno":4,"name":"<module>"},{"filename":"/home/airflow/.local/lib/python3.13/site-packages/bs4/dammit.py","lineno":57,"name":"<module>"},{"filename":"<frozen importlib._bootstrap>","lineno":1360,"name":"_find_and_load"},{"filename":"<frozen importlib._bootstrap>","lineno":1322,"name":"_find_and_load_unlocked"},{"filename":"<frozen importlib._bootstrap>","lineno":1262,"name":"_find_spec"},{"filename":"<frozen importlib._bootstrap_external>","lineno":1556,"name":"find_spec"},{"filename":"<frozen importlib._bootstrap_external>","lineno":1530,"name":"_get_spec"},{"filename":"<frozen importlib._bootstrap_external>","lineno":1648,"name":"find_spec"},{"filename":"/home/airflow/.local/lib/python3.13/site-packages/airflow/dag_processing/importers/python_importer.py","lineno":65,"name":"handle_timeout"}],"is_group":false,"exceptions":[]},{"exc_type":"ModuleNotFoundError","exc_value":"No module named 'cchardet'","exc_notes":[],"syntax_error":null,"is_cause":false,"frames":[{"filename":"/home/airflow/.local/lib/python3.13/site-packages/bs4/dammit.py","lineno":50,"name":"<module>"}],"is_group":false,"exceptions":[]}]}
{"timestamp":"2026-04-16T13:17:38.104946Z","level":"error","event":"Error loading DAG from pipeline_dags.py: DagBag import timeout for /opt/airflow/dags/pipeline_dags.py after 30.0s.\nPlease take a look at these docs to improve your DAG import time:\n* https://airflow.apache.org/docs/apache-airflow/3.2.0/best-practices.html#top-level-python-code\n* https://airflow.apache.org/docs/apache-airflow/3.2.0/best-practices.html#reducing-dag-complexity, PID: 5567","logger":"airflow.dag_processing.dagbag.BundleDagBag","filename":"dagbag.py","lineno":327}
{"timestamp":"2026-04-16T13:18:09.045296Z","level":"info","event":"Filling up the DagBag from /opt/airflow/dags/pipeline_dags.py","logger":"airflow.dag_processing.dagbag.BundleDagBag","filename":"dagbag.py","lineno":469}
{"timestamp":"2026-04-16T13:18:50.011548Z","level":"info","event":"Filling up the DagBag from /opt/airflow/dags/pipeline_dags.py","logger":"airflow.dag_processing.dagbag.BundleDagBag","filename":"dagbag.py","lineno":469}
{"timestamp":"2026-04-16T13:19:26.043966Z","level":"info","event":"Filling up the DagBag from /opt/airflow/dags/pipeline_dags.py","logger":"airflow.dag_processing.dagbag.BundleDagBag","filename":"dagbag.py","lineno":469}
{"timestamp":"2026-04-16T13:20:00.931562Z","level":"info","event":"Filling up the DagBag from /opt/airflow/dags/pipeline_dags.py","logger":"airflow.dag_processing.dagbag.BundleDagBag","filename":"dagbag.py","lineno":469}
{"timestamp":"2026-04-16T13:20:36.703585Z","level":"info","event":"Filling up the DagBag from /opt/airflow/dags/pipeline_dags.py","logger":"airflow.dag_processing.dagbag.BundleDagBag","filename":"dagbag.py","lineno":469}
{"timestamp":"2026-04-16T13:21:12.221650Z","level":"info","event":"Filling up the DagBag from /opt/airflow/dags/pipeline_dags.py","logger":"airflow.dag_processing.dagbag.BundleDagBag","filename":"dagbag.py","lineno":469}
{"timestamp":"2026-04-16T13:21:48.915901Z","level":"info","event":"Filling up the DagBag from /opt/airflow/dags/pipeline_dags.py","logger":"airflow.dag_processing.dagbag.BundleDagBag","filename":"dagbag.py","lineno":469}
{"timestamp":"2026-04-16T13:22:23.353491Z","level":"info","event":"Filling up the DagBag from /opt/airflow/dags/pipeline_dags.py","logger":"airflow.dag_processing.dagbag.BundleDagBag","filename":"dagbag.py","lineno":469}
{"timestamp":"2026-04-16T13:22:59.454545Z","level":"info","event":"Filling up the DagBag from /opt/airflow/dags/pipeline_dags.py","logger":"airflow.dag_processing.dagbag.BundleDagBag","filename":"dagbag.py","lineno":469}
{"timestamp":"2026-04-16T13:23:33.779402Z","level":"info","event":"Filling up the DagBag from /opt/airflow/dags/pipeline_dags.py","logger":"airflow.dag_processing.dagbag.BundleDagBag","filename":"dagbag.py","lineno":469}
{"timestamp":"2026-04-16T13:24:08.637351Z","level":"info","event":"Filling up the DagBag from /opt/airflow/dags/pipeline_dags.py","logger":"airflow.dag_processing.dagbag.BundleDagBag","filename":"dagbag.py","lineno":469}
{"timestamp":"2026-04-16T13:24:46.786832Z","level":"info","event":"Filling up the DagBag from /opt/airflow/dags/pipeline_dags.py","logger":"airflow.dag_processing.dagbag.BundleDagBag","filename":"dagbag.py","lineno":469}
{"timestamp":"2026-04-16T13:25:24.623942Z","level":"info","event":"Filling up the DagBag from /opt/airflow/dags/pipeline_dags.py","logger":"airflow.dag_processing.dagbag.BundleDagBag","filename":"dagbag.py","lineno":469}
{"timestamp":"2026-04-16T13:29:10.008279Z","level":"info","event":"Filling up the DagBag from /opt/airflow/dags/pipeline_dags.py","logger":"airflow.dag_processing.dagbag.BundleDagBag","filename":"dagbag.py","lineno":469}
{"timestamp":"2026-04-16T13:29:53.484110Z","level":"info","event":"Filling up the DagBag from /opt/airflow/dags/pipeline_dags.py","logger":"airflow.dag_processing.dagbag.BundleDagBag","filename":"dagbag.py","lineno":469}
{"timestamp":"2026-04-16T13:30:29.533975Z","level":"info","event":"Filling up the DagBag from /opt/airflow/dags/pipeline_dags.py","logger":"airflow.dag_processing.dagbag.BundleDagBag","filename":"dagbag.py","lineno":469}
{"timestamp":"2026-04-16T13:31:03.032870Z","level":"info","event":"Filling up the DagBag from /opt/airflow/dags/pipeline_dags.py","logger":"airflow.dag_processing.dagbag.BundleDagBag","filename":"dagbag.py","lineno":469}
{"timestamp":"2026-04-16T13:31:35.995256Z","level":"info","event":"Filling up the DagBag from /opt/airflow/dags/pipeline_dags.py","logger":"airflow.dag_processing.dagbag.BundleDagBag","filename":"dagbag.py","lineno":469}
{"timestamp":"2026-04-16T13:32:09.309827Z","level":"info","event":"Filling up the DagBag from /opt/airflow/dags/pipeline_dags.py","logger":"airflow.dag_processing.dagbag.BundleDagBag","filename":"dagbag.py","lineno":469}
{"timestamp":"2026-04-16T13:32:42.021191Z","level":"info","event":"Filling up the DagBag from /opt/airflow/dags/pipeline_dags.py","logger":"airflow.dag_processing.dagbag.BundleDagBag","filename":"dagbag.py","lineno":469}
{"timestamp":"2026-04-16T13:33:15.514606Z","level":"info","event":"Filling up the DagBag from /opt/airflow/dags/pipeline_dags.py","logger":"airflow.dag_processing.dagbag.BundleDagBag","filename":"dagbag.py","lineno":469}
{"timestamp":"2026-04-16T13:33:48.497142Z","level":"info","event":"Filling up the DagBag from /opt/airflow/dags/pipeline_dags.py","logger":"airflow.dag_processing.dagbag.BundleDagBag","filename":"dagbag.py","lineno":469}
{"timestamp":"2026-04-16T13:34:22.365156Z","level":"info","event":"Filling up the DagBag from /opt/airflow/dags/pipeline_dags.py","logger":"airflow.dag_processing.dagbag.BundleDagBag","filename":"dagbag.py","lineno":469}
{"timestamp":"2026-04-16T13:35:03.194644Z","level":"info","event":"Filling up the DagBag from /opt/airflow/dags/pipeline_dags.py","logger":"airflow.dag_processing.dagbag.BundleDagBag","filename":"dagbag.py","lineno":469}
{"timestamp":"2026-04-16T13:35:39.583878Z","level":"info","event":"Filling up the DagBag from /opt/airflow/dags/pipeline_dags.py","logger":"airflow.dag_processing.dagbag.BundleDagBag","filename":"dagbag.py","lineno":469}
{"timestamp":"2026-04-16T13:36:19.969010Z","level":"info","event":"Filling up the DagBag from /opt/airflow/dags/pipeline_dags.py","logger":"airflow.dag_processing.dagbag.BundleDagBag","filename":"dagbag.py","lineno":469}
{"timestamp":"2026-04-16T13:36:55.576869Z","level":"info","event":"Filling up the DagBag from /opt/airflow/dags/pipeline_dags.py","logger":"airflow.dag_processing.dagbag.BundleDagBag","filename":"dagbag.py","lineno":469}
{"timestamp":"2026-04-16T13:37:35.755744Z","level":"info","event":"Filling up the DagBag from /opt/airflow/dags/pipeline_dags.py","logger":"airflow.dag_processing.dagbag.BundleDagBag","filename":"dagbag.py","lineno":469}
{"timestamp":"2026-04-16T13:38:11.348001Z","level":"info","event":"Filling up the DagBag from /opt/airflow/dags/pipeline_dags.py","logger":"airflow.dag_processing.dagbag.BundleDagBag","filename":"dagbag.py","lineno":469}
{"timestamp":"2026-04-16T13:38:44.792714Z","level":"info","event":"Filling up the DagBag from /opt/airflow/dags/pipeline_dags.py","logger":"airflow.dag_processing.dagbag.BundleDagBag","filename":"dagbag.py","lineno":469}
{"timestamp":"2026-04-16T13:39:18.127058Z","level":"info","event":"Filling up the DagBag from /opt/airflow/dags/pipeline_dags.py","logger":"airflow.dag_processing.dagbag.BundleDagBag","filename":"dagbag.py","lineno":469}
{"timestamp":"2026-04-16T13:39:52.224821Z","level":"info","event":"Filling up the DagBag from /opt/airflow/dags/pipeline_dags.py","logger":"airflow.dag_processing.dagbag.BundleDagBag","filename":"dagbag.py","lineno":469}
{"timestamp":"2026-04-16T13:40:26.562735Z","level":"info","event":"Filling up the DagBag from /opt/airflow/dags/pipeline_dags.py","logger":"airflow.dag_processing.dagbag.BundleDagBag","filename":"dagbag.py","lineno":469}
{"timestamp":"2026-04-16T13:41:00.478682Z","level":"info","event":"Filling up the DagBag from /opt/airflow/dags/pipeline_dags.py","logger":"airflow.dag_processing.dagbag.BundleDagBag","filename":"dagbag.py","lineno":469}
{"timestamp":"2026-04-16T13:41:33.911825Z","level":"info","event":"Filling up the DagBag from /opt/airflow/dags/pipeline_dags.py","logger":"airflow.dag_processing.dagbag.BundleDagBag","filename":"dagbag.py","lineno":469}
{"timestamp":"2026-04-16T13:42:07.479127Z","level":"info","event":"Filling up the DagBag from /opt/airflow/dags/pipeline_dags.py","logger":"airflow.dag_processing.dagbag.BundleDagBag","filename":"dagbag.py","lineno":469}
{"timestamp":"2026-04-16T13:42:40.875686Z","level":"info","event":"Filling up the DagBag from /opt/airflow/dags/pipeline_dags.py","logger":"airflow.dag_processing.dagbag.BundleDagBag","filename":"dagbag.py","lineno":469}
{"timestamp":"2026-04-16T13:43:16.303302Z","level":"info","event":"Filling up the DagBag from /opt/airflow/dags/pipeline_dags.py","logger":"airflow.dag_processing.dagbag.BundleDagBag","filename":"dagbag.py","lineno":469}
{"timestamp":"2026-04-16T13:43:50.567304Z","level":"info","event":"Filling up the DagBag from /opt/airflow/dags/pipeline_dags.py","logger":"airflow.dag_processing.dagbag.BundleDagBag","filename":"dagbag.py","lineno":469}
{"timestamp":"2026-04-16T13:44:26.778604Z","level":"info","event":"Filling up the DagBag from /opt/airflow/dags/pipeline_dags.py","logger":"airflow.dag_processing.dagbag.BundleDagBag","filename":"dagbag.py","lineno":469}
{"timestamp":"2026-04-16T13:44:59.739708Z","level":"info","event":"Filling up the DagBag from /opt/airflow/dags/pipeline_dags.py","logger":"airflow.dag_processing.dagbag.BundleDagBag","filename":"dagbag.py","lineno":469}
{"timestamp":"2026-04-16T13:45:32.986987Z","level":"info","event":"Filling up the DagBag from /opt/airflow/dags/pipeline_dags.py","logger":"airflow.dag_processing.dagbag.BundleDagBag","filename":"dagbag.py","lineno":469}
{"timestamp":"2026-04-16T13:46:06.608616Z","level":"info","event":"Filling up the DagBag from /opt/airflow/dags/pipeline_dags.py","logger":"airflow.dag_processing.dagbag.BundleDagBag","filename":"dagbag.py","lineno":469}
{"timestamp":"2026-04-16T13:48:22.186419Z","level":"info","event":"Filling up the DagBag from /opt/airflow/dags/pipeline_dags.py","logger":"airflow.dag_processing.dagbag.BundleDagBag","filename":"dagbag.py","lineno":469}
{"timestamp":"2026-04-16T13:49:00.072002Z","level":"info","event":"Filling up the DagBag from /opt/airflow/dags/pipeline_dags.py","logger":"airflow.dag_processing.dagbag.BundleDagBag","filename":"dagbag.py","lineno":469}
{"timestamp":"2026-04-16T13:49:34.751125Z","level":"info","event":"Filling up the DagBag from /opt/airflow/dags/pipeline_dags.py","logger":"airflow.dag_processing.dagbag.BundleDagBag","filename":"dagbag.py","lineno":469}
{"timestamp":"2026-04-16T13:50:07.813424Z","level":"info","event":"Filling up the DagBag from /opt/airflow/dags/pipeline_dags.py","logger":"airflow.dag_processing.dagbag.BundleDagBag","filename":"dagbag.py","lineno":469}
{"timestamp":"2026-04-16T13:50:41.223346Z","level":"info","event":"Filling up the DagBag from /opt/airflow/dags/pipeline_dags.py","logger":"airflow.dag_processing.dagbag.BundleDagBag","filename":"dagbag.py","lineno":469}
{"timestamp":"2026-04-16T13:51:15.352261Z","level":"info","event":"Filling up the DagBag from /opt/airflow/dags/pipeline_dags.py","logger":"airflow.dag_processing.dagbag.BundleDagBag","filename":"dagbag.py","lineno":469}
{"timestamp":"2026-04-16T13:51:49.275699Z","level":"info","event":"Filling up the DagBag from /opt/airflow/dags/pipeline_dags.py","logger":"airflow.dag_processing.dagbag.BundleDagBag","filename":"dagbag.py","lineno":469}
{"timestamp":"2026-04-16T13:52:23.955522Z","level":"info","event":"Filling up the DagBag from /opt/airflow/dags/pipeline_dags.py","logger":"airflow.dag_processing.dagbag.BundleDagBag","filename":"dagbag.py","lineno":469}
{"timestamp":"2026-04-16T13:53:00.991724Z","level":"info","event":"Filling up the DagBag from /opt/airflow/dags/pipeline_dags.py","logger":"airflow.dag_processing.dagbag.BundleDagBag","filename":"dagbag.py","lineno":469}
{"timestamp":"2026-04-16T13:53:45.981798Z","level":"info","event":"Filling up the DagBag from /opt/airflow/dags/pipeline_dags.py","logger":"airflow.dag_processing.dagbag.BundleDagBag","filename":"dagbag.py","lineno":469}
{"timestamp":"2026-04-16T13:54:20.369062Z","level":"info","event":"Filling up the DagBag from /opt/airflow/dags/pipeline_dags.py","logger":"airflow.dag_processing.dagbag.BundleDagBag","filename":"dagbag.py","lineno":469}
{"timestamp":"2026-04-16T13:54:53.788970Z","level":"info","event":"Filling up the DagBag from /opt/airflow/dags/pipeline_dags.py","logger":"airflow.dag_processing.dagbag.BundleDagBag","filename":"dagbag.py","lineno":469}
{"timestamp":"2026-04-16T13:55:27.345344Z","level":"info","event":"Filling up the DagBag from /opt/airflow/dags/pipeline_dags.py","logger":"airflow.dag_processing.dagbag.BundleDagBag","filename":"dagbag.py","lineno":469}
{"timestamp":"2026-04-16T13:55:34.166824Z","level":"info","event":"Filling up the DagBag from /opt/airflow/dags/pipeline_dags.py","logger":"airflow.dag_processing.dagbag.BundleDagBag","filename":"dagbag.py","lineno":469}
{"timestamp":"2026-04-16T13:56:09.848361Z","level":"info","event":"Filling up the DagBag from /opt/airflow/dags/pipeline_dags.py","logger":"airflow.dag_processing.dagbag.BundleDagBag","filename":"dagbag.py","lineno":469}
{"timestamp":"2026-04-16T13:56:43.892290Z","level":"info","event":"Filling up the DagBag from /opt/airflow/dags/pipeline_dags.py","logger":"airflow.dag_processing.dagbag.BundleDagBag","filename":"dagbag.py","lineno":469}
{"timestamp":"2026-04-16T13:57:19.855790Z","level":"info","event":"Filling up the DagBag from /opt/airflow/dags/pipeline_dags.py","logger":"airflow.dag_processing.dagbag.BundleDagBag","filename":"dagbag.py","lineno":469}
{"timestamp":"2026-04-16T13:57:56.218608Z","level":"info","event":"Filling up the DagBag from /opt/airflow/dags/pipeline_dags.py","logger":"airflow.dag_processing.dagbag.BundleDagBag","filename":"dagbag.py","lineno":469}
{"timestamp":"2026-04-16T13:58:29.808113Z","level":"info","event":"Filling up the DagBag from /opt/airflow/dags/pipeline_dags.py","logger":"airflow.dag_processing.dagbag.BundleDagBag","filename":"dagbag.py","lineno":469}
{"timestamp":"2026-04-16T13:59:02.913512Z","level":"info","event":"Filling up the DagBag from /opt/airflow/dags/pipeline_dags.py","logger":"airflow.dag_processing.dagbag.BundleDagBag","filename":"dagbag.py","lineno":469}
{"timestamp":"2026-04-16T13:59:35.820364Z","level":"info","event":"Filling up the DagBag from /opt/airflow/dags/pipeline_dags.py","logger":"airflow.dag_processing.dagbag.BundleDagBag","filename":"dagbag.py","lineno":469}
{"timestamp":"2026-04-16T14:00:12.378757Z","level":"info","event":"Filling up the DagBag from /opt/airflow/dags/pipeline_dags.py","logger":"airflow.dag_processing.dagbag.BundleDagBag","filename":"dagbag.py","lineno":469}
{"timestamp":"2026-04-16T14:00:46.215766Z","level":"info","event":"Filling up the DagBag from /opt/airflow/dags/pipeline_dags.py","logger":"airflow.dag_processing.dagbag.BundleDagBag","filename":"dagbag.py","lineno":469}
{"timestamp":"2026-04-16T14:01:19.734608Z","level":"info","event":"Filling up the DagBag from /opt/airflow/dags/pipeline_dags.py","logger":"airflow.dag_processing.dagbag.BundleDagBag","filename":"dagbag.py","lineno":469}
{"timestamp":"2026-04-16T14:01:52.611906Z","level":"info","event":"Filling up the DagBag from /opt/airflow/dags/pipeline_dags.py","logger":"airflow.dag_processing.dagbag.BundleDagBag","filename":"dagbag.py","lineno":469}
{"timestamp":"2026-04-16T14:02:25.491932Z","level":"info","event":"Filling up the DagBag from /opt/airflow/dags/pipeline_dags.py","logger":"airflow.dag_processing.dagbag.BundleDagBag","filename":"dagbag.py","lineno":469}
{"timestamp":"2026-04-16T14:02:58.503337Z","level":"info","event":"Filling up the DagBag from /opt/airflow/dags/pipeline_dags.py","logger":"airflow.dag_processing.dagbag.BundleDagBag","filename":"dagbag.py","lineno":469}
{"timestamp":"2026-04-16T14:03:33.137466Z","level":"info","event":"Filling up the DagBag from /opt/airflow/dags/pipeline_dags.py","logger":"airflow.dag_processing.dagbag.BundleDagBag","filename":"dagbag.py","lineno":469}
{"timestamp":"2026-04-16T14:04:10.523687Z","level":"info","event":"Filling up the DagBag from /opt/airflow/dags/pipeline_dags.py","logger":"airflow.dag_processing.dagbag.BundleDagBag","filename":"dagbag.py","lineno":469}
{"timestamp":"2026-04-16T14:04:44.965355Z","level":"info","event":"Filling up the DagBag from /opt/airflow/dags/pipeline_dags.py","logger":"airflow.dag_processing.dagbag.BundleDagBag","filename":"dagbag.py","lineno":469}
{"timestamp":"2026-04-16T14:05:18.318210Z","level":"info","event":"Filling up the DagBag from /opt/airflow/dags/pipeline_dags.py","logger":"airflow.dag_processing.dagbag.BundleDagBag","filename":"dagbag.py","lineno":469}
{"timestamp":"2026-04-16T14:05:51.613780Z","level":"info","event":"Filling up the DagBag from /opt/airflow/dags/pipeline_dags.py","logger":"airflow.dag_processing.dagbag.BundleDagBag","filename":"dagbag.py","lineno":469}
{"timestamp":"2026-04-16T14:06:29.519288Z","level":"info","event":"Filling up the DagBag from /opt/airflow/dags/pipeline_dags.py","logger":"airflow.dag_processing.dagbag.BundleDagBag","filename":"dagbag.py","lineno":469}
{"timestamp":"2026-04-16T14:07:02.418290Z","level":"info","event":"Filling up the DagBag from /opt/airflow/dags/pipeline_dags.py","logger":"airflow.dag_processing.dagbag.BundleDagBag","filename":"dagbag.py","lineno":469}
{"timestamp":"2026-04-16T14:07:37.442214Z","level":"info","event":"Filling up the DagBag from /opt/airflow/dags/pipeline_dags.py","logger":"airflow.dag_processing.dagbag.BundleDagBag","filename":"dagbag.py","lineno":469}
{"timestamp":"2026-04-16T14:08:13.067811Z","level":"info","event":"Filling up the DagBag from /opt/airflow/dags/pipeline_dags.py","logger":"airflow.dag_processing.dagbag.BundleDagBag","filename":"dagbag.py","lineno":469}
{"timestamp":"2026-04-16T14:08:48.130104Z","level":"info","event":"Filling up the DagBag from /opt/airflow/dags/pipeline_dags.py","logger":"airflow.dag_processing.dagbag.BundleDagBag","filename":"dagbag.py","lineno":469}
{"timestamp":"2026-04-16T14:09:22.878247Z","level":"info","event":"Filling up the DagBag from /opt/airflow/dags/pipeline_dags.py","logger":"airflow.dag_processing.dagbag.BundleDagBag","filename":"dagbag.py","lineno":469}
{"timestamp":"2026-04-16T14:09:56.676384Z","level":"info","event":"Filling up the DagBag from /opt/airflow/dags/pipeline_dags.py","logger":"airflow.dag_processing.dagbag.BundleDagBag","filename":"dagbag.py","lineno":469}
{"timestamp":"2026-04-16T14:10:30.318599Z","level":"info","event":"Filling up the DagBag from /opt/airflow/dags/pipeline_dags.py","logger":"airflow.dag_processing.dagbag.BundleDagBag","filename":"dagbag.py","lineno":469}
{"timestamp":"2026-04-16T14:10:34.974184Z","level":"info","event":"Filling up the DagBag from /opt/airflow/dags/pipeline_dags.py","logger":"airflow.dag_processing.dagbag.BundleDagBag","filename":"dagbag.py","lineno":469}
{"timestamp":"2026-04-16T14:11:08.442576Z","level":"info","event":"Filling up the DagBag from /opt/airflow/dags/pipeline_dags.py","logger":"airflow.dag_processing.dagbag.BundleDagBag","filename":"dagbag.py","lineno":469}
{"timestamp":"2026-04-16T14:11:42.486823Z","level":"info","event":"Filling up the DagBag from /opt/airflow/dags/pipeline_dags.py","logger":"airflow.dag_processing.dagbag.BundleDagBag","filename":"dagbag.py","lineno":469}
{"timestamp":"2026-04-16T14:12:17.951416Z","level":"info","event":"Filling up the DagBag from /opt/airflow/dags/pipeline_dags.py","logger":"airflow.dag_processing.dagbag.BundleDagBag","filename":"dagbag.py","lineno":469}
{"timestamp":"2026-04-16T14:12:52.885855Z","level":"info","event":"Filling up the DagBag from /opt/airflow/dags/pipeline_dags.py","logger":"airflow.dag_processing.dagbag.BundleDagBag","filename":"dagbag.py","lineno":469}
{"timestamp":"2026-04-16T14:13:28.637715Z","level":"info","event":"Filling up the DagBag from /opt/airflow/dags/pipeline_dags.py","logger":"airflow.dag_processing.dagbag.BundleDagBag","filename":"dagbag.py","lineno":469}
{"timestamp":"2026-04-16T14:14:03.890246Z","level":"info","event":"Filling up the DagBag from /opt/airflow/dags/pipeline_dags.py","logger":"airflow.dag_processing.dagbag.BundleDagBag","filename":"dagbag.py","lineno":469}
{"timestamp":"2026-04-16T14:14:39.526312Z","level":"info","event":"Filling up the DagBag from /opt/airflow/dags/pipeline_dags.py","logger":"airflow.dag_processing.dagbag.BundleDagBag","filename":"dagbag.py","lineno":469}
{"timestamp":"2026-04-16T14:15:19.282391Z","level":"info","event":"Filling up the DagBag from /opt/airflow/dags/pipeline_dags.py","logger":"airflow.dag_processing.dagbag.BundleDagBag","filename":"dagbag.py","lineno":469}
{"timestamp":"2026-04-16T14:15:54.012601Z","level":"info","event":"Filling up the DagBag from /opt/airflow/dags/pipeline_dags.py","logger":"airflow.dag_processing.dagbag.BundleDagBag","filename":"dagbag.py","lineno":469}
{"timestamp":"2026-04-16T14:16:29.347273Z","level":"info","event":"Filling up the DagBag from /opt/airflow/dags/pipeline_dags.py","logger":"airflow.dag_processing.dagbag.BundleDagBag","filename":"dagbag.py","lineno":469}
{"timestamp":"2026-04-16T14:17:03.193487Z","level":"info","event":"Filling up the DagBag from /opt/airflow/dags/pipeline_dags.py","logger":"airflow.dag_processing.dagbag.BundleDagBag","filename":"dagbag.py","lineno":469}
{"timestamp":"2026-04-16T14:17:37.295196Z","level":"info","event":"Filling up the DagBag from /opt/airflow/dags/pipeline_dags.py","logger":"airflow.dag_processing.dagbag.BundleDagBag","filename":"dagbag.py","lineno":469}
{"timestamp":"2026-04-16T14:18:11.668617Z","level":"info","event":"Filling up the DagBag from /opt/airflow/dags/pipeline_dags.py","logger":"airflow.dag_processing.dagbag.BundleDagBag","filename":"dagbag.py","lineno":469}
{"timestamp":"2026-04-16T14:18:46.068454Z","level":"info","event":"Filling up the DagBag from /opt/airflow/dags/pipeline_dags.py","logger":"airflow.dag_processing.dagbag.BundleDagBag","filename":"dagbag.py","lineno":469}
{"timestamp":"2026-04-16T14:19:34.892254Z","level":"info","event":"Filling up the DagBag from /opt/airflow/dags/pipeline_dags.py","logger":"airflow.dag_processing.dagbag.BundleDagBag","filename":"dagbag.py","lineno":469}
{"timestamp":"2026-04-16T14:20:08.532765Z","level":"info","event":"Filling up the DagBag from /opt/airflow/dags/pipeline_dags.py","logger":"airflow.dag_processing.dagbag.BundleDagBag","filename":"dagbag.py","lineno":469}
{"timestamp":"2026-04-16T14:31:06.287698Z","level":"info","event":"Filling up the DagBag from /opt/airflow/dags/pipeline_dags.py","logger":"airflow.dag_processing.dagbag.BundleDagBag","filename":"dagbag.py","lineno":469}
{"timestamp":"2026-04-16T14:32:02.965987Z","level":"info","event":"Filling up the DagBag from /opt/airflow/dags/pipeline_dags.py","logger":"airflow.dag_processing.dagbag.BundleDagBag","filename":"dagbag.py","lineno":469}
{"timestamp":"2026-04-16T14:32:39.457770Z","level":"info","event":"Filling up the DagBag from /opt/airflow/dags/pipeline_dags.py","logger":"airflow.dag_processing.dagbag.BundleDagBag","filename":"dagbag.py","lineno":469}
{"timestamp":"2026-04-16T14:33:14.273222Z","level":"info","event":"Filling up the DagBag from /opt/airflow/dags/pipeline_dags.py","logger":"airflow.dag_processing.dagbag.BundleDagBag","filename":"dagbag.py","lineno":469}
{"timestamp":"2026-04-16T14:33:48.195580Z","level":"info","event":"Filling up the DagBag from /opt/airflow/dags/pipeline_dags.py","logger":"airflow.dag_processing.dagbag.BundleDagBag","filename":"dagbag.py","lineno":469}
{"timestamp":"2026-04-16T14:34:27.093535Z","level":"info","event":"Filling up the DagBag from /opt/airflow/dags/pipeline_dags.py","logger":"airflow.dag_processing.dagbag.BundleDagBag","filename":"dagbag.py","lineno":469}
{"timestamp":"2026-04-16T14:35:16.246924Z","level":"info","event":"Filling up the DagBag from /opt/airflow/dags/pipeline_dags.py","logger":"airflow.dag_processing.dagbag.BundleDagBag","filename":"dagbag.py","lineno":469}
{"timestamp":"2026-04-16T14:35:53.674141Z","level":"info","event":"Filling up the DagBag from /opt/airflow/dags/pipeline_dags.py","logger":"airflow.dag_processing.dagbag.BundleDagBag","filename":"dagbag.py","lineno":469}
{"timestamp":"2026-04-16T14:36:29.334453Z","level":"info","event":"Filling up the DagBag from /opt/airflow/dags/pipeline_dags.py","logger":"airflow.dag_processing.dagbag.BundleDagBag","filename":"dagbag.py","lineno":469}
{"timestamp":"2026-04-16T14:37:04.573432Z","level":"info","event":"Filling up the DagBag from /opt/airflow/dags/pipeline_dags.py","logger":"airflow.dag_processing.dagbag.BundleDagBag","filename":"dagbag.py","lineno":469}
{"timestamp":"2026-04-16T14:37:39.179404Z","level":"info","event":"Filling up the DagBag from /opt/airflow/dags/pipeline_dags.py","logger":"airflow.dag_processing.dagbag.BundleDagBag","filename":"dagbag.py","lineno":469}
{"timestamp":"2026-04-16T14:38:12.747370Z","level":"info","event":"Filling up the DagBag from /opt/airflow/dags/pipeline_dags.py","logger":"airflow.dag_processing.dagbag.BundleDagBag","filename":"dagbag.py","lineno":469}
{"timestamp":"2026-04-16T14:38:46.478155Z","level":"info","event":"Filling up the DagBag from /opt/airflow/dags/pipeline_dags.py","logger":"airflow.dag_processing.dagbag.BundleDagBag","filename":"dagbag.py","lineno":469}
{"timestamp":"2026-04-16T14:39:20.515455Z","level":"info","event":"Filling up the DagBag from /opt/airflow/dags/pipeline_dags.py","logger":"airflow.dag_processing.dagbag.BundleDagBag","filename":"dagbag.py","lineno":469}
{"timestamp":"2026-04-16T14:39:56.450764Z","level":"info","event":"Filling up the DagBag from /opt/airflow/dags/pipeline_dags.py","logger":"airflow.dag_processing.dagbag.BundleDagBag","filename":"dagbag.py","lineno":469}
{"timestamp":"2026-04-16T14:40:31.151057Z","level":"info","event":"Filling up the DagBag from /opt/airflow/dags/pipeline_dags.py","logger":"airflow.dag_processing.dagbag.BundleDagBag","filename":"dagbag.py","lineno":469}
{"timestamp":"2026-04-16T14:41:07.153916Z","level":"info","event":"Filling up the DagBag from /opt/airflow/dags/pipeline_dags.py","logger":"airflow.dag_processing.dagbag.BundleDagBag","filename":"dagbag.py","lineno":469}
{"timestamp":"2026-04-16T14:41:41.554645Z","level":"info","event":"Filling up the DagBag from /opt/airflow/dags/pipeline_dags.py","logger":"airflow.dag_processing.dagbag.BundleDagBag","filename":"dagbag.py","lineno":469}
{"timestamp":"2026-04-16T14:42:15.827823Z","level":"info","event":"Filling up the DagBag from /opt/airflow/dags/pipeline_dags.py","logger":"airflow.dag_processing.dagbag.BundleDagBag","filename":"dagbag.py","lineno":469}
{"timestamp":"2026-04-16T14:42:50.883854Z","level":"info","event":"Filling up the DagBag from /opt/airflow/dags/pipeline_dags.py","logger":"airflow.dag_processing.dagbag.BundleDagBag","filename":"dagbag.py","lineno":469}
{"timestamp":"2026-04-16T14:43:24.756859Z","level":"info","event":"Filling up the DagBag from /opt/airflow/dags/pipeline_dags.py","logger":"airflow.dag_processing.dagbag.BundleDagBag","filename":"dagbag.py","lineno":469}
{"timestamp":"2026-04-16T14:43:58.626109Z","level":"info","event":"Filling up the DagBag from /opt/airflow/dags/pipeline_dags.py","logger":"airflow.dag_processing.dagbag.BundleDagBag","filename":"dagbag.py","lineno":469}
{"timestamp":"2026-04-16T14:44:32.268588Z","level":"info","event":"Filling up the DagBag from /opt/airflow/dags/pipeline_dags.py","logger":"airflow.dag_processing.dagbag.BundleDagBag","filename":"dagbag.py","lineno":469}
{"timestamp":"2026-04-16T14:45:05.718962Z","level":"info","event":"Filling up the DagBag from /opt/airflow/dags/pipeline_dags.py","logger":"airflow.dag_processing.dagbag.BundleDagBag","filename":"dagbag.py","lineno":469}
{"timestamp":"2026-04-16T14:45:38.367111Z","level":"info","event":"Filling up the DagBag from /opt/airflow/dags/pipeline_dags.py","logger":"airflow.dag_processing.dagbag.BundleDagBag","filename":"dagbag.py","lineno":469}
{"timestamp":"2026-04-16T14:46:11.340553Z","level":"info","event":"Filling up the DagBag from /opt/airflow/dags/pipeline_dags.py","logger":"airflow.dag_processing.dagbag.BundleDagBag","filename":"dagbag.py","lineno":469}
{"timestamp":"2026-04-16T14:46:45.182137Z","level":"info","event":"Filling up the DagBag from /opt/airflow/dags/pipeline_dags.py","logger":"airflow.dag_processing.dagbag.BundleDagBag","filename":"dagbag.py","lineno":469}
{"timestamp":"2026-04-16T14:47:19.184707Z","level":"info","event":"Filling up the DagBag from /opt/airflow/dags/pipeline_dags.py","logger":"airflow.dag_processing.dagbag.BundleDagBag","filename":"dagbag.py","lineno":469}
{"timestamp":"2026-04-16T14:47:57.605838Z","level":"info","event":"Filling up the DagBag from /opt/airflow/dags/pipeline_dags.py","logger":"airflow.dag_processing.dagbag.BundleDagBag","filename":"dagbag.py","lineno":469}
{"timestamp":"2026-04-16T14:48:33.448092Z","level":"info","event":"Filling up the DagBag from /opt/airflow/dags/pipeline_dags.py","logger":"airflow.dag_processing.dagbag.BundleDagBag","filename":"dagbag.py","lineno":469}
{"timestamp":"2026-04-16T14:49:07.317686Z","level":"info","event":"Filling up the DagBag from /opt/airflow/dags/pipeline_dags.py","logger":"airflow.dag_processing.dagbag.BundleDagBag","filename":"dagbag.py","lineno":469}
{"timestamp":"2026-04-16T14:49:43.918169Z","level":"info","event":"Filling up the DagBag from /opt/airflow/dags/pipeline_dags.py","logger":"airflow.dag_processing.dagbag.BundleDagBag","filename":"dagbag.py","lineno":469}
{"timestamp":"2026-04-16T14:50:19.569347Z","level":"info","event":"Filling up the DagBag from /opt/airflow/dags/pipeline_dags.py","logger":"airflow.dag_processing.dagbag.BundleDagBag","filename":"dagbag.py","lineno":469}
{"timestamp":"2026-04-16T14:50:53.552967Z","level":"info","event":"Filling up the DagBag from /opt/airflow/dags/pipeline_dags.py","logger":"airflow.dag_processing.dagbag.BundleDagBag","filename":"dagbag.py","lineno":469}
{"timestamp":"2026-04-16T15:05:14.161945Z","level":"info","event":"Filling up the DagBag from /opt/airflow/dags/pipeline_dags.py","logger":"airflow.dag_processing.dagbag.BundleDagBag","filename":"dagbag.py","lineno":469}
{"timestamp":"2026-04-16T15:02:34.154379Z","level":"info","event":"Filling up the DagBag from /opt/airflow/dags/pipeline_dags.py","logger":"airflow.dag_processing.dagbag.BundleDagBag","filename":"dagbag.py","lineno":469}
{"timestamp":"2026-04-16T15:03:09.515515Z","level":"info","event":"Filling up the DagBag from /opt/airflow/dags/pipeline_dags.py","logger":"airflow.dag_processing.dagbag.BundleDagBag","filename":"dagbag.py","lineno":469}
{"timestamp":"2026-04-16T15:03:43.474422Z","level":"info","event":"Filling up the DagBag from /opt/airflow/dags/pipeline_dags.py","logger":"airflow.dag_processing.dagbag.BundleDagBag","filename":"dagbag.py","lineno":469}
{"timestamp":"2026-04-16T15:04:17.254210Z","level":"info","event":"Filling up the DagBag from /opt/airflow/dags/pipeline_dags.py","logger":"airflow.dag_processing.dagbag.BundleDagBag","filename":"dagbag.py","lineno":469}
{"timestamp":"2026-04-16T15:04:51.157018Z","level":"info","event":"Filling up the DagBag from /opt/airflow/dags/pipeline_dags.py","logger":"airflow.dag_processing.dagbag.BundleDagBag","filename":"dagbag.py","lineno":469}
{"timestamp":"2026-04-16T15:08:39.249748Z","level":"info","event":"Filling up the DagBag from /opt/airflow/dags/pipeline_dags.py","logger":"airflow.dag_processing.dagbag.BundleDagBag","filename":"dagbag.py","lineno":469}
{"timestamp":"2026-04-16T19:04:47.897308Z","level":"info","event":"Filling up the DagBag from /opt/airflow/dags/pipeline_dags.py","logger":"airflow.dag_processing.dagbag.BundleDagBag","filename":"dagbag.py","lineno":469}
{"timestamp":"2026-04-16T19:05:58.759590Z","level":"info","event":"Filling up the DagBag from /opt/airflow/dags/pipeline_dags.py","logger":"airflow.dag_processing.dagbag.BundleDagBag","filename":"dagbag.py","lineno":469}
{"timestamp":"2026-04-16T19:06:45.948708Z","level":"info","event":"Filling up the DagBag from /opt/airflow/dags/pipeline_dags.py","logger":"airflow.dag_processing.dagbag.BundleDagBag","filename":"dagbag.py","lineno":469}
{"timestamp":"2026-04-16T19:07:18.321394Z","level":"info","event":"Filling up the DagBag from /opt/airflow/dags/pipeline_dags.py","logger":"airflow.dag_processing.dagbag.BundleDagBag","filename":"dagbag.py","lineno":469}
{"timestamp":"2026-04-16T19:07:50.747535Z","level":"info","event":"Filling up the DagBag from /opt/airflow/dags/pipeline_dags.py","logger":"airflow.dag_processing.dagbag.BundleDagBag","filename":"dagbag.py","lineno":469}
{"timestamp":"2026-04-16T19:08:23.494232Z","level":"info","event":"Filling up the DagBag from /opt/airflow/dags/pipeline_dags.py","logger":"airflow.dag_processing.dagbag.BundleDagBag","filename":"dagbag.py","lineno":469}
{"timestamp":"2026-04-16T19:09:04.368411Z","level":"info","event":"Filling up the DagBag from /opt/airflow/dags/pipeline_dags.py","logger":"airflow.dag_processing.dagbag.BundleDagBag","filename":"dagbag.py","lineno":469}
{"timestamp":"2026-04-16T19:09:40.597643Z","level":"info","event":"Filling up the DagBag from /opt/airflow/dags/pipeline_dags.py","logger":"airflow.dag_processing.dagbag.BundleDagBag","filename":"dagbag.py","lineno":469}
{"timestamp":"2026-04-16T19:10:15.318922Z","level":"info","event":"Filling up the DagBag from /opt/airflow/dags/pipeline_dags.py","logger":"airflow.dag_processing.dagbag.BundleDagBag","filename":"dagbag.py","lineno":469}
{"timestamp":"2026-04-16T19:10:49.708024Z","level":"info","event":"Filling up the DagBag from /opt/airflow/dags/pipeline_dags.py","logger":"airflow.dag_processing.dagbag.BundleDagBag","filename":"dagbag.py","lineno":469}
{"timestamp":"2026-04-16T19:11:22.350818Z","level":"info","event":"Filling up the DagBag from /opt/airflow/dags/pipeline_dags.py","logger":"airflow.dag_processing.dagbag.BundleDagBag","filename":"dagbag.py","lineno":469}
{"timestamp":"2026-04-16T19:11:57.701868Z","level":"info","event":"Filling up the DagBag from /opt/airflow/dags/pipeline_dags.py","logger":"airflow.dag_processing.dagbag.BundleDagBag","filename":"dagbag.py","lineno":469}
{"timestamp":"2026-04-16T19:12:31.359835Z","level":"info","event":"Filling up the DagBag from /opt/airflow/dags/pipeline_dags.py","logger":"airflow.dag_processing.dagbag.BundleDagBag","filename":"dagbag.py","lineno":469}
{"timestamp":"2026-04-16T19:13:04.396942Z","level":"info","event":"Filling up the DagBag from /opt/airflow/dags/pipeline_dags.py","logger":"airflow.dag_processing.dagbag.BundleDagBag","filename":"dagbag.py","lineno":469}
{"timestamp":"2026-04-16T19:13:37.946298Z","level":"info","event":"Filling up the DagBag from /opt/airflow/dags/pipeline_dags.py","logger":"airflow.dag_processing.dagbag.BundleDagBag","filename":"dagbag.py","lineno":469}
{"timestamp":"2026-04-16T19:14:20.668588Z","level":"info","event":"Filling up the DagBag from /opt/airflow/dags/pipeline_dags.py","logger":"airflow.dag_processing.dagbag.BundleDagBag","filename":"dagbag.py","lineno":469}
{"timestamp":"2026-04-16T19:14:55.052976Z","level":"info","event":"Filling up the DagBag from /opt/airflow/dags/pipeline_dags.py","logger":"airflow.dag_processing.dagbag.BundleDagBag","filename":"dagbag.py","lineno":469}
{"timestamp":"2026-04-16T19:26:57.911446Z","level":"info","event":"Filling up the DagBag from /opt/airflow/dags/pipeline_dags.py","logger":"airflow.dag_processing.dagbag.BundleDagBag","filename":"dagbag.py","lineno":469}
{"timestamp":"2026-04-16T19:28:20.441301Z","level":"info","event":"Filling up the DagBag from /opt/airflow/dags/pipeline_dags.py","logger":"airflow.dag_processing.dagbag.BundleDagBag","filename":"dagbag.py","lineno":469}
{"timestamp":"2026-04-16T19:28:51.199260Z","level":"error","event":"Process timed out, PID: 560","logger":"airflow.dag_processing.importers.python_importer","filename":"python_importer.py","lineno":62}
{"timestamp":"2026-04-16T19:28:51.212186Z","level":"error","event":"Failed to import: /opt/airflow/dags/pipeline_dags.py","logger":"airflow.dag_processing.importers.python_importer","filename":"python_importer.py","lineno":244,"error_detail":[{"exc_type":"AirflowTaskTimeout","exc_value":"DagBag import timeout for /opt/airflow/dags/pipeline_dags.py after 30.0s.\nPlease take a look at these docs to improve your DAG import time:\n* https://airflow.apache.org/docs/apache-airflow/3.2.0/best-practices.html#top-level-python-code\n* https://airflow.apache.org/docs/apache-airflow/3.2.0/best-practices.html#reducing-dag-complexity, PID: 560","exc_notes":[],"syntax_error":null,"is_cause":false,"frames":[{"filename":"/home/airflow/.local/lib/python3.13/site-packages/airflow/dag_processing/importers/python_importer.py","lineno":238,"name":"parse"},{"filename":"<frozen importlib._bootstrap_external>","lineno":1023,"name":"exec_module"},{"filename":"<frozen importlib._bootstrap>","lineno":488,"name":"_call_with_frames_removed"},{"filename":"/opt/airflow/dags/pipeline_dags.py","lineno":4,"name":"<module>"},{"filename":"/opt/airflow/data_ingestion/fetch_data.py","lineno":2,"name":"<module>"},{"filename":"/home/airflow/.local/lib/python3.13/site-packages/yfinance/__init__.py","lineno":23,"name":"<module>"},{"filename":"/home/airflow/.local/lib/python3.13/site-packages/yfinance/search.py","lineno":27,"name":"<module>"},{"filename":"/home/airflow/.local/lib/python3.13/site-packages/yfinance/data.py","lineno":8,"name":"<module>"},{"filename":"/home/airflow/.local/lib/python3.13/site-packages/bs4/__init__.py","lineno":65,"name":"<module>"},{"filename":"/home/airflow/.local/lib/python3.13/site-packages/bs4/builder/__init__.py","lineno":843,"name":"<module>"},{"filename":"/home/airflow/.local/lib/python3.13/site-packages/bs4/builder/_lxml.py","lineno":31,"name":"<module>"},{"filename":"/opt/airflow/src/lxml/etree.pyx","lineno":2719,"name":"init lxml.etree"},{"filename":"<frozen abc>","lineno":115,"name":"register"},{"filename":"<frozen abc>","lineno":123,"name":"__subclasscheck__"},{"filename":"<frozen abc>","lineno":123,"name":"__subclasscheck__"},{"filename":"<frozen abc>","lineno":123,"name":"__subclasscheck__"},{"filename":"<frozen abc>","lineno":121,"name":"__subclasscheck__"},{"filename":"/home/airflow/.local/lib/python3.13/site-packages/airflow/dag_processing/importers/python_importer.py","lineno":65,"name":"handle_timeout"}],"is_group":false,"exceptions":[]}]}
{"timestamp":"2026-04-16T19:28:51.284751Z","level":"error","event":"Error loading DAG from pipeline_dags.py: DagBag import timeout for /opt/airflow/dags/pipeline_dags.py after 30.0s.\nPlease take a look at these docs to improve your DAG import time:\n* https://airflow.apache.org/docs/apache-airflow/3.2.0/best-practices.html#top-level-python-code\n* https://airflow.apache.org/docs/apache-airflow/3.2.0/best-practices.html#reducing-dag-complexity, PID: 560","logger":"airflow.dag_processing.dagbag.BundleDagBag","filename":"dagbag.py","lineno":327}
{"timestamp":"2026-04-16T19:29:22.191414Z","level":"info","event":"Filling up the DagBag from /opt/airflow/dags/pipeline_dags.py","logger":"airflow.dag_processing.dagbag.BundleDagBag","filename":"dagbag.py","lineno":469}
{"timestamp":"2026-04-16T19:30:00.990738Z","level":"info","event":"Filling up the DagBag from /opt/airflow/dags/pipeline_dags.py","logger":"airflow.dag_processing.dagbag.BundleDagBag","filename":"dagbag.py","lineno":469}
{"timestamp":"2026-04-16T19:34:03.519160Z","level":"info","event":"Filling up the DagBag from /opt/airflow/dags/pipeline_dags.py","logger":"airflow.dag_processing.dagbag.BundleDagBag","filename":"dagbag.py","lineno":469}
{"timestamp":"2026-04-16T19:34:38.347314Z","level":"info","event":"Filling up the DagBag from /opt/airflow/dags/pipeline_dags.py","logger":"airflow.dag_processing.dagbag.BundleDagBag","filename":"dagbag.py","lineno":469}
{"timestamp":"2026-04-16T19:35:30.442839Z","level":"info","event":"Filling up the DagBag from /opt/airflow/dags/pipeline_dags.py","logger":"airflow.dag_processing.dagbag.BundleDagBag","filename":"dagbag.py","lineno":469}
{"timestamp":"2026-04-16T19:36:08.591782Z","level":"info","event":"Filling up the DagBag from /opt/airflow/dags/pipeline_dags.py","logger":"airflow.dag_processing.dagbag.BundleDagBag","filename":"dagbag.py","lineno":469}
{"timestamp":"2026-04-16T19:36:43.611171Z","level":"info","event":"Filling up the DagBag from /opt/airflow/dags/pipeline_dags.py","logger":"airflow.dag_processing.dagbag.BundleDagBag","filename":"dagbag.py","lineno":469}
{"timestamp":"2026-04-16T19:37:18.199035Z","level":"info","event":"Filling up the DagBag from /opt/airflow/dags/pipeline_dags.py","logger":"airflow.dag_processing.dagbag.BundleDagBag","filename":"dagbag.py","lineno":469}
{"timestamp":"2026-04-16T19:37:55.881149Z","level":"info","event":"Filling up the DagBag from /opt/airflow/dags/pipeline_dags.py","logger":"airflow.dag_processing.dagbag.BundleDagBag","filename":"dagbag.py","lineno":469}
{"timestamp":"2026-04-16T19:38:31.010315Z","level":"info","event":"Filling up the DagBag from /opt/airflow/dags/pipeline_dags.py","logger":"airflow.dag_processing.dagbag.BundleDagBag","filename":"dagbag.py","lineno":469}
{"timestamp":"2026-04-16T19:39:05.570477Z","level":"info","event":"Filling up the DagBag from /opt/airflow/dags/pipeline_dags.py","logger":"airflow.dag_processing.dagbag.BundleDagBag","filename":"dagbag.py","lineno":469}
{"timestamp":"2026-04-16T19:39:41.144490Z","level":"info","event":"Filling up the DagBag from /opt/airflow/dags/pipeline_dags.py","logger":"airflow.dag_processing.dagbag.BundleDagBag","filename":"dagbag.py","lineno":469}
{"timestamp":"2026-04-16T19:40:17.079196Z","level":"info","event":"Filling up the DagBag from /opt/airflow/dags/pipeline_dags.py","logger":"airflow.dag_processing.dagbag.BundleDagBag","filename":"dagbag.py","lineno":469}
{"timestamp":"2026-04-16T19:40:51.674430Z","level":"info","event":"Filling up the DagBag from /opt/airflow/dags/pipeline_dags.py","logger":"airflow.dag_processing.dagbag.BundleDagBag","filename":"dagbag.py","lineno":469}
{"timestamp":"2026-04-16T19:41:26.499640Z","level":"info","event":"Filling up the DagBag from /opt/airflow/dags/pipeline_dags.py","logger":"airflow.dag_processing.dagbag.BundleDagBag","filename":"dagbag.py","lineno":469}
{"timestamp":"2026-04-16T19:42:02.430100Z","level":"info","event":"Filling up the DagBag from /opt/airflow/dags/pipeline_dags.py","logger":"airflow.dag_processing.dagbag.BundleDagBag","filename":"dagbag.py","lineno":469}
{"timestamp":"2026-04-16T19:42:35.484726Z","level":"info","event":"Filling up the DagBag from /opt/airflow/dags/pipeline_dags.py","logger":"airflow.dag_processing.dagbag.BundleDagBag","filename":"dagbag.py","lineno":469}
{"timestamp":"2026-04-16T19:43:10.038814Z","level":"info","event":"Filling up the DagBag from /opt/airflow/dags/pipeline_dags.py","logger":"airflow.dag_processing.dagbag.BundleDagBag","filename":"dagbag.py","lineno":469}
{"timestamp":"2026-04-16T19:43:43.279987Z","level":"info","event":"Filling up the DagBag from /opt/airflow/dags/pipeline_dags.py","logger":"airflow.dag_processing.dagbag.BundleDagBag","filename":"dagbag.py","lineno":469}
{"timestamp":"2026-04-16T19:44:17.390096Z","level":"info","event":"Filling up the DagBag from /opt/airflow/dags/pipeline_dags.py","logger":"airflow.dag_processing.dagbag.BundleDagBag","filename":"dagbag.py","lineno":469}
{"timestamp":"2026-04-16T19:44:51.887969Z","level":"info","event":"Filling up the DagBag from /opt/airflow/dags/pipeline_dags.py","logger":"airflow.dag_processing.dagbag.BundleDagBag","filename":"dagbag.py","lineno":469}
{"timestamp":"2026-04-16T19:45:26.695792Z","level":"info","event":"Filling up the DagBag from /opt/airflow/dags/pipeline_dags.py","logger":"airflow.dag_processing.dagbag.BundleDagBag","filename":"dagbag.py","lineno":469}
{"timestamp":"2026-04-16T19:46:00.727028Z","level":"info","event":"Filling up the DagBag from /opt/airflow/dags/pipeline_dags.py","logger":"airflow.dag_processing.dagbag.BundleDagBag","filename":"dagbag.py","lineno":469}
{"timestamp":"2026-04-16T19:46:34.810464Z","level":"info","event":"Filling up the DagBag from /opt/airflow/dags/pipeline_dags.py","logger":"airflow.dag_processing.dagbag.BundleDagBag","filename":"dagbag.py","lineno":469}
{"timestamp":"2026-04-16T19:47:08.088426Z","level":"info","event":"Filling up the DagBag from /opt/airflow/dags/pipeline_dags.py","logger":"airflow.dag_processing.dagbag.BundleDagBag","filename":"dagbag.py","lineno":469}
{"timestamp":"2026-04-16T19:47:12.183414Z","level":"info","event":"Filling up the DagBag from /opt/airflow/dags/pipeline_dags.py","logger":"airflow.dag_processing.dagbag.BundleDagBag","filename":"dagbag.py","lineno":469}
{"timestamp":"2026-04-16T19:46:23.896464Z","level":"info","event":"Filling up the DagBag from /opt/airflow/dags/pipeline_dags.py","logger":"airflow.dag_processing.dagbag.BundleDagBag","filename":"dagbag.py","lineno":469}
{"timestamp":"2026-04-16T19:50:41.176354Z","level":"info","event":"Filling up the DagBag from /opt/airflow/dags/pipeline_dags.py","logger":"airflow.dag_processing.dagbag.BundleDagBag","filename":"dagbag.py","lineno":469}
{"timestamp":"2026-04-16T19:51:17.231141Z","level":"info","event":"Filling up the DagBag from /opt/airflow/dags/pipeline_dags.py","logger":"airflow.dag_processing.dagbag.BundleDagBag","filename":"dagbag.py","lineno":469}
{"timestamp":"2026-04-16T19:51:52.036362Z","level":"info","event":"Filling up the DagBag from /opt/airflow/dags/pipeline_dags.py","logger":"airflow.dag_processing.dagbag.BundleDagBag","filename":"dagbag.py","lineno":469}
{"timestamp":"2026-04-16T19:52:25.757033Z","level":"info","event":"Filling up the DagBag from /opt/airflow/dags/pipeline_dags.py","logger":"airflow.dag_processing.dagbag.BundleDagBag","filename":"dagbag.py","lineno":469}
{"timestamp":"2026-04-16T19:52:59.597493Z","level":"info","event":"Filling up the DagBag from /opt/airflow/dags/pipeline_dags.py","logger":"airflow.dag_processing.dagbag.BundleDagBag","filename":"dagbag.py","lineno":469}
{"timestamp":"2026-04-16T19:53:35.057522Z","level":"info","event":"Filling up the DagBag from /opt/airflow/dags/pipeline_dags.py","logger":"airflow.dag_processing.dagbag.BundleDagBag","filename":"dagbag.py","lineno":469}
{"timestamp":"2026-04-16T19:54:08.699018Z","level":"info","event":"Filling up the DagBag from /opt/airflow/dags/pipeline_dags.py","logger":"airflow.dag_processing.dagbag.BundleDagBag","filename":"dagbag.py","lineno":469}
{"timestamp":"2026-04-16T19:54:42.559270Z","level":"info","event":"Filling up the DagBag from /opt/airflow/dags/pipeline_dags.py","logger":"airflow.dag_processing.dagbag.BundleDagBag","filename":"dagbag.py","lineno":469}
{"timestamp":"2026-04-16T19:55:15.913026Z","level":"info","event":"Filling up the DagBag from /opt/airflow/dags/pipeline_dags.py","logger":"airflow.dag_processing.dagbag.BundleDagBag","filename":"dagbag.py","lineno":469}
{"timestamp":"2026-04-16T19:55:50.082190Z","level":"info","event":"Filling up the DagBag from /opt/airflow/dags/pipeline_dags.py","logger":"airflow.dag_processing.dagbag.BundleDagBag","filename":"dagbag.py","lineno":469}
{"timestamp":"2026-04-16T19:56:24.292387Z","level":"info","event":"Filling up the DagBag from /opt/airflow/dags/pipeline_dags.py","logger":"airflow.dag_processing.dagbag.BundleDagBag","filename":"dagbag.py","lineno":469}
{"timestamp":"2026-04-16T19:57:01.957744Z","level":"info","event":"Filling up the DagBag from /opt/airflow/dags/pipeline_dags.py","logger":"airflow.dag_processing.dagbag.BundleDagBag","filename":"dagbag.py","lineno":469}
{"timestamp":"2026-04-16T19:57:36.448313Z","level":"info","event":"Filling up the DagBag from /opt/airflow/dags/pipeline_dags.py","logger":"airflow.dag_processing.dagbag.BundleDagBag","filename":"dagbag.py","lineno":469}
{"timestamp":"2026-04-16T19:58:11.088517Z","level":"info","event":"Filling up the DagBag from /opt/airflow/dags/pipeline_dags.py","logger":"airflow.dag_processing.dagbag.BundleDagBag","filename":"dagbag.py","lineno":469}
{"timestamp":"2026-04-16T19:58:45.208793Z","level":"info","event":"Filling up the DagBag from /opt/airflow/dags/pipeline_dags.py","logger":"airflow.dag_processing.dagbag.BundleDagBag","filename":"dagbag.py","lineno":469}
{"timestamp":"2026-04-16T19:59:19.804154Z","level":"info","event":"Filling up the DagBag from /opt/airflow/dags/pipeline_dags.py","logger":"airflow.dag_processing.dagbag.BundleDagBag","filename":"dagbag.py","lineno":469}
{"timestamp":"2026-04-16T19:59:55.007091Z","level":"info","event":"Filling up the DagBag from /opt/airflow/dags/pipeline_dags.py","logger":"airflow.dag_processing.dagbag.BundleDagBag","filename":"dagbag.py","lineno":469}
{"timestamp":"2026-04-16T20:00:32.488658Z","level":"info","event":"Filling up the DagBag from /opt/airflow/dags/pipeline_dags.py","logger":"airflow.dag_processing.dagbag.BundleDagBag","filename":"dagbag.py","lineno":469}
{"timestamp":"2026-04-16T20:01:06.744867Z","level":"info","event":"Filling up the DagBag from /opt/airflow/dags/pipeline_dags.py","logger":"airflow.dag_processing.dagbag.BundleDagBag","filename":"dagbag.py","lineno":469}
{"timestamp":"2026-04-16T20:01:43.891639Z","level":"info","event":"Filling up the DagBag from /opt/airflow/dags/pipeline_dags.py","logger":"airflow.dag_processing.dagbag.BundleDagBag","filename":"dagbag.py","lineno":469}
{"timestamp":"2026-04-16T20:02:18.528951Z","level":"info","event":"Filling up the DagBag from /opt/airflow/dags/pipeline_dags.py","logger":"airflow.dag_processing.dagbag.BundleDagBag","filename":"dagbag.py","lineno":469}
{"timestamp":"2026-04-16T20:02:52.310068Z","level":"info","event":"Filling up the DagBag from /opt/airflow/dags/pipeline_dags.py","logger":"airflow.dag_processing.dagbag.BundleDagBag","filename":"dagbag.py","lineno":469}
{"timestamp":"2026-04-16T20:03:27.203673Z","level":"info","event":"Filling up the DagBag from /opt/airflow/dags/pipeline_dags.py","logger":"airflow.dag_processing.dagbag.BundleDagBag","filename":"dagbag.py","lineno":469}
{"timestamp":"2026-04-16T20:04:01.939451Z","level":"info","event":"Filling up the DagBag from /opt/airflow/dags/pipeline_dags.py","logger":"airflow.dag_processing.dagbag.BundleDagBag","filename":"dagbag.py","lineno":469}
{"timestamp":"2026-04-16T20:04:37.522371Z","level":"info","event":"Filling up the DagBag from /opt/airflow/dags/pipeline_dags.py","logger":"airflow.dag_processing.dagbag.BundleDagBag","filename":"dagbag.py","lineno":469}
{"timestamp":"2026-04-16T20:05:11.620332Z","level":"info","event":"Filling up the DagBag from /opt/airflow/dags/pipeline_dags.py","logger":"airflow.dag_processing.dagbag.BundleDagBag","filename":"dagbag.py","lineno":469}
{"timestamp":"2026-04-16T20:05:45.598292Z","level":"info","event":"Filling up the DagBag from /opt/airflow/dags/pipeline_dags.py","logger":"airflow.dag_processing.dagbag.BundleDagBag","filename":"dagbag.py","lineno":469}
{"timestamp":"2026-04-16T20:06:20.467396Z","level":"info","event":"Filling up the DagBag from /opt/airflow/dags/pipeline_dags.py","logger":"airflow.dag_processing.dagbag.BundleDagBag","filename":"dagbag.py","lineno":469}
{"timestamp":"2026-04-16T20:07:00.369736Z","level":"info","event":"Filling up the DagBag from /opt/airflow/dags/pipeline_dags.py","logger":"airflow.dag_processing.dagbag.BundleDagBag","filename":"dagbag.py","lineno":469}
{"timestamp":"2026-04-16T20:07:38.646926Z","level":"info","event":"Filling up the DagBag from /opt/airflow/dags/pipeline_dags.py","logger":"airflow.dag_processing.dagbag.BundleDagBag","filename":"dagbag.py","lineno":469}
{"timestamp":"2026-04-16T20:08:15.186110Z","level":"info","event":"Filling up the DagBag from /opt/airflow/dags/pipeline_dags.py","logger":"airflow.dag_processing.dagbag.BundleDagBag","filename":"dagbag.py","lineno":469}
{"timestamp":"2026-04-16T20:08:50.191592Z","level":"info","event":"Filling up the DagBag from /opt/airflow/dags/pipeline_dags.py","logger":"airflow.dag_processing.dagbag.BundleDagBag","filename":"dagbag.py","lineno":469}
{"timestamp":"2026-04-16T20:09:24.865516Z","level":"info","event":"Filling up the DagBag from /opt/airflow/dags/pipeline_dags.py","logger":"airflow.dag_processing.dagbag.BundleDagBag","filename":"dagbag.py","lineno":469}
{"timestamp":"2026-04-16T20:09:58.023233Z","level":"info","event":"Filling up the DagBag from /opt/airflow/dags/pipeline_dags.py","logger":"airflow.dag_processing.dagbag.BundleDagBag","filename":"dagbag.py","lineno":469}
{"timestamp":"2026-04-16T20:10:34.310202Z","level":"info","event":"Filling up the DagBag from /opt/airflow/dags/pipeline_dags.py","logger":"airflow.dag_processing.dagbag.BundleDagBag","filename":"dagbag.py","lineno":469}
{"timestamp":"2026-04-16T20:11:19.647971Z","level":"info","event":"Filling up the DagBag from /opt/airflow/dags/pipeline_dags.py","logger":"airflow.dag_processing.dagbag.BundleDagBag","filename":"dagbag.py","lineno":469}
{"timestamp":"2026-04-16T20:12:04.476755Z","level":"info","event":"Filling up the DagBag from /opt/airflow/dags/pipeline_dags.py","logger":"airflow.dag_processing.dagbag.BundleDagBag","filename":"dagbag.py","lineno":469}
{"timestamp":"2026-04-16T20:12:43.196593Z","level":"info","event":"Filling up the DagBag from /opt/airflow/dags/pipeline_dags.py","logger":"airflow.dag_processing.dagbag.BundleDagBag","filename":"dagbag.py","lineno":469}
{"timestamp":"2026-04-16T20:13:21.247015Z","level":"info","event":"Filling up the DagBag from /opt/airflow/dags/pipeline_dags.py","logger":"airflow.dag_processing.dagbag.BundleDagBag","filename":"dagbag.py","lineno":469}
{"timestamp":"2026-04-16T20:14:04.703442Z","level":"info","event":"Filling up the DagBag from /opt/airflow/dags/pipeline_dags.py","logger":"airflow.dag_processing.dagbag.BundleDagBag","filename":"dagbag.py","lineno":469}
{"timestamp":"2026-04-16T20:14:48.704107Z","level":"info","event":"Filling up the DagBag from /opt/airflow/dags/pipeline_dags.py","logger":"airflow.dag_processing.dagbag.BundleDagBag","filename":"dagbag.py","lineno":469}
{"timestamp":"2026-04-16T20:15:23.424787Z","level":"info","event":"Filling up the DagBag from /opt/airflow/dags/pipeline_dags.py","logger":"airflow.dag_processing.dagbag.BundleDagBag","filename":"dagbag.py","lineno":469}
{"timestamp":"2026-04-16T20:15:59.996603Z","level":"info","event":"Filling up the DagBag from /opt/airflow/dags/pipeline_dags.py","logger":"airflow.dag_processing.dagbag.BundleDagBag","filename":"dagbag.py","lineno":469}
{"timestamp":"2026-04-16T20:16:40.161120Z","level":"info","event":"Filling up the DagBag from /opt/airflow/dags/pipeline_dags.py","logger":"airflow.dag_processing.dagbag.BundleDagBag","filename":"dagbag.py","lineno":469}
{"timestamp":"2026-04-16T20:17:15.260786Z","level":"info","event":"Filling up the DagBag from /opt/airflow/dags/pipeline_dags.py","logger":"airflow.dag_processing.dagbag.BundleDagBag","filename":"dagbag.py","lineno":469}
{"timestamp":"2026-04-16T20:31:08.429567Z","level":"info","event":"Filling up the DagBag from /opt/airflow/dags/pipeline_dags.py","logger":"airflow.dag_processing.dagbag.BundleDagBag","filename":"dagbag.py","lineno":469}
{"timestamp":"2026-04-16T20:31:39.862311Z","level":"error","event":"Process timed out, PID: 171","logger":"airflow.dag_processing.importers.python_importer","filename":"python_importer.py","lineno":62}
{"timestamp":"2026-04-16T20:31:39.865040Z","level":"error","event":"Failed to import: /opt/airflow/dags/pipeline_dags.py","logger":"airflow.dag_processing.importers.python_importer","filename":"python_importer.py","lineno":244,"error_detail":[{"exc_type":"AirflowTaskTimeout","exc_value":"DagBag import timeout for /opt/airflow/dags/pipeline_dags.py after 30.0s.\nPlease take a look at these docs to improve your DAG import time:\n* https://airflow.apache.org/docs/apache-airflow/3.2.0/best-practices.html#top-level-python-code\n* https://airflow.apache.org/docs/apache-airflow/3.2.0/best-practices.html#reducing-dag-complexity, PID: 171","exc_notes":[],"syntax_error":null,"is_cause":false,"frames":[{"filename":"/home/airflow/.local/lib/python3.13/site-packages/airflow/dag_processing/importers/python_importer.py","lineno":238,"name":"parse"},{"filename":"<frozen importlib._bootstrap_external>","lineno":1023,"name":"exec_module"},{"filename":"<frozen importlib._bootstrap>","lineno":488,"name":"_call_with_frames_removed"},{"filename":"/opt/airflow/dags/pipeline_dags.py","lineno":4,"name":"<module>"},{"filename":"/opt/airflow/data_ingestion/fetch_data.py","lineno":2,"name":"<module>"},{"filename":"/home/airflow/.local/lib/python3.13/site-packages/yfinance/__init__.py","lineno":23,"name":"<module>"},{"filename":"/home/airflow/.local/lib/python3.13/site-packages/yfinance/search.py","lineno":27,"name":"<module>"},{"filename":"/home/airflow/.local/lib/python3.13/site-packages/yfinance/data.py","lineno":8,"name":"<module>"},{"filename":"/home/airflow/.local/lib/python3.13/site-packages/bs4/__init__.py","lineno":65,"name":"<module>"},{"filename":"/home/airflow/.local/lib/python3.13/site-packages/bs4/builder/__init__.py","lineno":24,"name":"<module>"},{"filename":"/home/airflow/.local/lib/python3.13/site-packages/bs4/element.py","lineno":15,"name":"<module>"},{"filename":"/home/airflow/.local/lib/python3.13/site-packages/bs4/formatter.py","lineno":4,"name":"<module>"},{"filename":"/home/airflow/.local/lib/python3.13/site-packages/bs4/dammit.py","lineno":57,"name":"<module>"},{"filename":"/home/airflow/.local/lib/python3.13/site-packages/chardet/__init__.py","lineno":23,"name":"<module>"},{"filename":"/home/airflow/.local/lib/python3.13/site-packages/chardet/universaldetector.py","lineno":49,"name":"<module>"},{"filename":"/home/airflow/.local/lib/python3.13/site-packages/chardet/sbcsgroupprober.py","lineno":314,"name":"<module>"},{"filename":"/home/airflow/.local/lib/python3.13/site-packages/airflow/dag_processing/importers/python_importer.py","lineno":65,"name":"handle_timeout"}],"is_group":false,"exceptions":[]},{"exc_type":"ModuleNotFoundError","exc_value":"No module named 'cchardet'","exc_notes":[],"syntax_error":null,"is_cause":false,"frames":[{"filename":"/home/airflow/.local/lib/python3.13/site-packages/bs4/dammit.py","lineno":50,"name":"<module>"}],"is_group":false,"exceptions":[]}]}
{"timestamp":"2026-04-16T20:31:39.919954Z","level":"error","event":"Error loading DAG from pipeline_dags.py: DagBag import timeout for /opt/airflow/dags/pipeline_dags.py after 30.0s.\nPlease take a look at these docs to improve your DAG import time:\n* https://airflow.apache.org/docs/apache-airflow/3.2.0/best-practices.html#top-level-python-code\n* https://airflow.apache.org/docs/apache-airflow/3.2.0/best-practices.html#reducing-dag-complexity, PID: 171","logger":"airflow.dag_processing.dagbag.BundleDagBag","filename":"dagbag.py","lineno":327}
{"timestamp":"2026-04-16T20:32:10.674978Z","level":"info","event":"Filling up the DagBag from /opt/airflow/dags/pipeline_dags.py","logger":"airflow.dag_processing.dagbag.BundleDagBag","filename":"dagbag.py","lineno":469}
{"timestamp":"2026-04-16T20:32:54.472870Z","level":"info","event":"Filling up the DagBag from /opt/airflow/dags/pipeline_dags.py","logger":"airflow.dag_processing.dagbag.BundleDagBag","filename":"dagbag.py","lineno":469}
{"timestamp":"2026-04-16T20:33:28.668532Z","level":"info","event":"Filling up the DagBag from /opt/airflow/dags/pipeline_dags.py","logger":"airflow.dag_processing.dagbag.BundleDagBag","filename":"dagbag.py","lineno":469}
{"timestamp":"2026-04-16T20:34:02.711721Z","level":"info","event":"Filling up the DagBag from /opt/airflow/dags/pipeline_dags.py","logger":"airflow.dag_processing.dagbag.BundleDagBag","filename":"dagbag.py","lineno":469}
{"timestamp":"2026-04-16T20:34:43.755381Z","level":"info","event":"Filling up the DagBag from /opt/airflow/dags/pipeline_dags.py","logger":"airflow.dag_processing.dagbag.BundleDagBag","filename":"dagbag.py","lineno":469}
{"timestamp":"2026-04-16T20:34:56.593820Z","level":"info","event":"Filling up the DagBag from /opt/airflow/dags/pipeline_dags.py","logger":"airflow.dag_processing.dagbag.BundleDagBag","filename":"dagbag.py","lineno":469}
{"timestamp":"2026-04-16T20:35:37.770005Z","level":"info","event":"Filling up the DagBag from /opt/airflow/dags/pipeline_dags.py","logger":"airflow.dag_processing.dagbag.BundleDagBag","filename":"dagbag.py","lineno":469}
{"timestamp":"2026-04-16T20:36:12.697437Z","level":"info","event":"Filling up the DagBag from /opt/airflow/dags/pipeline_dags.py","logger":"airflow.dag_processing.dagbag.BundleDagBag","filename":"dagbag.py","lineno":469}
{"timestamp":"2026-04-16T20:36:55.770704Z","level":"info","event":"Filling up the DagBag from /opt/airflow/dags/pipeline_dags.py","logger":"airflow.dag_processing.dagbag.BundleDagBag","filename":"dagbag.py","lineno":469}
{"timestamp":"2026-04-16T20:37:56.384839Z","level":"info","event":"Filling up the DagBag from /opt/airflow/dags/pipeline_dags.py","logger":"airflow.dag_processing.dagbag.BundleDagBag","filename":"dagbag.py","lineno":469}
{"timestamp":"2026-04-16T20:38:33.702236Z","level":"info","event":"Filling up the DagBag from /opt/airflow/dags/pipeline_dags.py","logger":"airflow.dag_processing.dagbag.BundleDagBag","filename":"dagbag.py","lineno":469}
{"timestamp":"2026-04-16T20:39:09.479942Z","level":"info","event":"Filling up the DagBag from /opt/airflow/dags/pipeline_dags.py","logger":"airflow.dag_processing.dagbag.BundleDagBag","filename":"dagbag.py","lineno":469}
{"timestamp":"2026-04-16T20:39:45.949498Z","level":"info","event":"Filling up the DagBag from /opt/airflow/dags/pipeline_dags.py","logger":"airflow.dag_processing.dagbag.BundleDagBag","filename":"dagbag.py","lineno":469}
{"timestamp":"2026-04-16T20:40:22.020239Z","level":"info","event":"Filling up the DagBag from /opt/airflow/dags/pipeline_dags.py","logger":"airflow.dag_processing.dagbag.BundleDagBag","filename":"dagbag.py","lineno":469}
{"timestamp":"2026-04-16T20:40:56.705879Z","level":"info","event":"Filling up the DagBag from /opt/airflow/dags/pipeline_dags.py","logger":"airflow.dag_processing.dagbag.BundleDagBag","filename":"dagbag.py","lineno":469}
{"timestamp":"2026-04-16T20:41:31.255746Z","level":"info","event":"Filling up the DagBag from /opt/airflow/dags/pipeline_dags.py","logger":"airflow.dag_processing.dagbag.BundleDagBag","filename":"dagbag.py","lineno":469}
{"timestamp":"2026-04-16T20:42:08.915819Z","level":"info","event":"Filling up the DagBag from /opt/airflow/dags/pipeline_dags.py","logger":"airflow.dag_processing.dagbag.BundleDagBag","filename":"dagbag.py","lineno":469}
{"timestamp":"2026-04-16T20:42:44.355054Z","level":"info","event":"Filling up the DagBag from /opt/airflow/dags/pipeline_dags.py","logger":"airflow.dag_processing.dagbag.BundleDagBag","filename":"dagbag.py","lineno":469}
{"timestamp":"2026-04-16T20:43:20.136819Z","level":"info","event":"Filling up the DagBag from /opt/airflow/dags/pipeline_dags.py","logger":"airflow.dag_processing.dagbag.BundleDagBag","filename":"dagbag.py","lineno":469}
{"timestamp":"2026-04-16T20:43:55.455111Z","level":"info","event":"Filling up the DagBag from /opt/airflow/dags/pipeline_dags.py","logger":"airflow.dag_processing.dagbag.BundleDagBag","filename":"dagbag.py","lineno":469}
{"timestamp":"2026-04-16T20:44:30.370394Z","level":"info","event":"Filling up the DagBag from /opt/airflow/dags/pipeline_dags.py","logger":"airflow.dag_processing.dagbag.BundleDagBag","filename":"dagbag.py","lineno":469}
{"timestamp":"2026-04-16T20:45:04.915306Z","level":"info","event":"Filling up the DagBag from /opt/airflow/dags/pipeline_dags.py","logger":"airflow.dag_processing.dagbag.BundleDagBag","filename":"dagbag.py","lineno":469}
{"timestamp":"2026-04-16T20:45:39.499531Z","level":"info","event":"Filling up the DagBag from /opt/airflow/dags/pipeline_dags.py","logger":"airflow.dag_processing.dagbag.BundleDagBag","filename":"dagbag.py","lineno":469}
{"timestamp":"2026-04-16T20:46:15.595529Z","level":"info","event":"Filling up the DagBag from /opt/airflow/dags/pipeline_dags.py","logger":"airflow.dag_processing.dagbag.BundleDagBag","filename":"dagbag.py","lineno":469}
{"timestamp":"2026-04-16T20:46:50.995726Z","level":"info","event":"Filling up the DagBag from /opt/airflow/dags/pipeline_dags.py","logger":"airflow.dag_processing.dagbag.BundleDagBag","filename":"dagbag.py","lineno":469}
{"timestamp":"2026-04-16T20:47:25.578211Z","level":"info","event":"Filling up the DagBag from /opt/airflow/dags/pipeline_dags.py","logger":"airflow.dag_processing.dagbag.BundleDagBag","filename":"dagbag.py","lineno":469}
{"timestamp":"2026-04-16T20:48:00.104366Z","level":"info","event":"Filling up the DagBag from /opt/airflow/dags/pipeline_dags.py","logger":"airflow.dag_processing.dagbag.BundleDagBag","filename":"dagbag.py","lineno":469}
{"timestamp":"2026-04-16T20:48:35.702307Z","level":"info","event":"Filling up the DagBag from /opt/airflow/dags/pipeline_dags.py","logger":"airflow.dag_processing.dagbag.BundleDagBag","filename":"dagbag.py","lineno":469}
{"timestamp":"2026-04-16T20:49:12.548552Z","level":"info","event":"Filling up the DagBag from /opt/airflow/dags/pipeline_dags.py","logger":"airflow.dag_processing.dagbag.BundleDagBag","filename":"dagbag.py","lineno":469}
{"timestamp":"2026-04-16T20:49:46.612013Z","level":"info","event":"Filling up the DagBag from /opt/airflow/dags/pipeline_dags.py","logger":"airflow.dag_processing.dagbag.BundleDagBag","filename":"dagbag.py","lineno":469}
{"timestamp":"2026-04-16T20:50:20.574282Z","level":"info","event":"Filling up the DagBag from /opt/airflow/dags/pipeline_dags.py","logger":"airflow.dag_processing.dagbag.BundleDagBag","filename":"dagbag.py","lineno":469}
{"timestamp":"2026-04-16T20:50:55.754315Z","level":"info","event":"Filling up the DagBag from /opt/airflow/dags/pipeline_dags.py","logger":"airflow.dag_processing.dagbag.BundleDagBag","filename":"dagbag.py","lineno":469}
{"timestamp":"2026-04-16T20:51:32.365827Z","level":"info","event":"Filling up the DagBag from /opt/airflow/dags/pipeline_dags.py","logger":"airflow.dag_processing.dagbag.BundleDagBag","filename":"dagbag.py","lineno":469}
{"timestamp":"2026-04-16T20:52:11.228178Z","level":"info","event":"Filling up the DagBag from /opt/airflow/dags/pipeline_dags.py","logger":"airflow.dag_processing.dagbag.BundleDagBag","filename":"dagbag.py","lineno":469}
{"timestamp":"2026-04-16T20:52:47.008579Z","level":"info","event":"Filling up the DagBag from /opt/airflow/dags/pipeline_dags.py","logger":"airflow.dag_processing.dagbag.BundleDagBag","filename":"dagbag.py","lineno":469}
{"timestamp":"2026-04-16T20:53:25.623199Z","level":"info","event":"Filling up the DagBag from /opt/airflow/dags/pipeline_dags.py","logger":"airflow.dag_processing.dagbag.BundleDagBag","filename":"dagbag.py","lineno":469}
{"timestamp":"2026-04-16T20:54:05.444930Z","level":"info","event":"Filling up the DagBag from /opt/airflow/dags/pipeline_dags.py","logger":"airflow.dag_processing.dagbag.BundleDagBag","filename":"dagbag.py","lineno":469}
{"timestamp":"2026-04-16T20:54:44.756725Z","level":"info","event":"Filling up the DagBag from /opt/airflow/dags/pipeline_dags.py","logger":"airflow.dag_processing.dagbag.BundleDagBag","filename":"dagbag.py","lineno":469}
{"timestamp":"2026-04-16T20:55:22.232860Z","level":"info","event":"Filling up the DagBag from /opt/airflow/dags/pipeline_dags.py","logger":"airflow.dag_processing.dagbag.BundleDagBag","filename":"dagbag.py","lineno":469}
{"timestamp":"2026-04-16T20:56:00.164575Z","level":"info","event":"Filling up the DagBag from /opt/airflow/dags/pipeline_dags.py","logger":"airflow.dag_processing.dagbag.BundleDagBag","filename":"dagbag.py","lineno":469}
{"timestamp":"2026-04-16T20:56:35.860018Z","level":"info","event":"Filling up the DagBag from /opt/airflow/dags/pipeline_dags.py","logger":"airflow.dag_processing.dagbag.BundleDagBag","filename":"dagbag.py","lineno":469}
{"timestamp":"2026-04-16T20:57:10.772797Z","level":"info","event":"Filling up the DagBag from /opt/airflow/dags/pipeline_dags.py","logger":"airflow.dag_processing.dagbag.BundleDagBag","filename":"dagbag.py","lineno":469}
{"timestamp":"2026-04-16T20:57:45.558008Z","level":"info","event":"Filling up the DagBag from /opt/airflow/dags/pipeline_dags.py","logger":"airflow.dag_processing.dagbag.BundleDagBag","filename":"dagbag.py","lineno":469}
{"timestamp":"2026-04-16T20:58:20.015398Z","level":"info","event":"Filling up the DagBag from /opt/airflow/dags/pipeline_dags.py","logger":"airflow.dag_processing.dagbag.BundleDagBag","filename":"dagbag.py","lineno":469}
{"timestamp":"2026-04-16T20:58:55.562031Z","level":"info","event":"Filling up the DagBag from /opt/airflow/dags/pipeline_dags.py","logger":"airflow.dag_processing.dagbag.BundleDagBag","filename":"dagbag.py","lineno":469}
{"timestamp":"2026-04-16T20:59:30.783603Z","level":"info","event":"Filling up the DagBag from /opt/airflow/dags/pipeline_dags.py","logger":"airflow.dag_processing.dagbag.BundleDagBag","filename":"dagbag.py","lineno":469}
{"timestamp":"2026-04-16T21:00:05.374046Z","level":"info","event":"Filling up the DagBag from /opt/airflow/dags/pipeline_dags.py","logger":"airflow.dag_processing.dagbag.BundleDagBag","filename":"dagbag.py","lineno":469}
{"timestamp":"2026-04-16T21:00:42.812134Z","level":"info","event":"Filling up the DagBag from /opt/airflow/dags/pipeline_dags.py","logger":"airflow.dag_processing.dagbag.BundleDagBag","filename":"dagbag.py","lineno":469}
{"timestamp":"2026-04-16T21:01:17.929333Z","level":"info","event":"Filling up the DagBag from /opt/airflow/dags/pipeline_dags.py","logger":"airflow.dag_processing.dagbag.BundleDagBag","filename":"dagbag.py","lineno":469}
{"timestamp":"2026-04-16T21:01:53.303497Z","level":"info","event":"Filling up the DagBag from /opt/airflow/dags/pipeline_dags.py","logger":"airflow.dag_processing.dagbag.BundleDagBag","filename":"dagbag.py","lineno":469}
{"timestamp":"2026-04-16T21:02:28.903744Z","level":"info","event":"Filling up the DagBag from /opt/airflow/dags/pipeline_dags.py","logger":"airflow.dag_processing.dagbag.BundleDagBag","filename":"dagbag.py","lineno":469}
{"timestamp":"2026-04-16T21:06:25.076789Z","level":"info","event":"Filling up the DagBag from /opt/airflow/dags/pipeline_dags.py","logger":"airflow.dag_processing.dagbag.BundleDagBag","filename":"dagbag.py","lineno":469}
{"timestamp":"2026-04-16T21:07:10.183333Z","level":"info","event":"Filling up the DagBag from /opt/airflow/dags/pipeline_dags.py","logger":"airflow.dag_processing.dagbag.BundleDagBag","filename":"dagbag.py","lineno":469}
{"timestamp":"2026-04-16T21:07:46.204768Z","level":"info","event":"Filling up the DagBag from /opt/airflow/dags/pipeline_dags.py","logger":"airflow.dag_processing.dagbag.BundleDagBag","filename":"dagbag.py","lineno":469}
{"timestamp":"2026-04-16T21:08:25.567852Z","level":"info","event":"Filling up the DagBag from /opt/airflow/dags/pipeline_dags.py","logger":"airflow.dag_processing.dagbag.BundleDagBag","filename":"dagbag.py","lineno":469}
{"timestamp":"2026-04-16T21:08:36.762655Z","level":"info","event":"Filling up the DagBag from /opt/airflow/dags/pipeline_dags.py","logger":"airflow.dag_processing.dagbag.BundleDagBag","filename":"dagbag.py","lineno":469}
{"timestamp":"2026-04-16T21:09:13.737987Z","level":"info","event":"Filling up the DagBag from /opt/airflow/dags/pipeline_dags.py","logger":"airflow.dag_processing.dagbag.BundleDagBag","filename":"dagbag.py","lineno":469}
{"timestamp":"2026-04-16T21:09:49.794894Z","level":"info","event":"Filling up the DagBag from /opt/airflow/dags/pipeline_dags.py","logger":"airflow.dag_processing.dagbag.BundleDagBag","filename":"dagbag.py","lineno":469}
{"timestamp":"2026-04-16T21:10:26.925820Z","level":"info","event":"Filling up the DagBag from /opt/airflow/dags/pipeline_dags.py","logger":"airflow.dag_processing.dagbag.BundleDagBag","filename":"dagbag.py","lineno":469}
{"timestamp":"2026-04-16T21:11:02.599582Z","level":"info","event":"Filling up the DagBag from /opt/airflow/dags/pipeline_dags.py","logger":"airflow.dag_processing.dagbag.BundleDagBag","filename":"dagbag.py","lineno":469}
{"timestamp":"2026-04-16T21:11:36.970733Z","level":"info","event":"Filling up the DagBag from /opt/airflow/dags/pipeline_dags.py","logger":"airflow.dag_processing.dagbag.BundleDagBag","filename":"dagbag.py","lineno":469}
{"timestamp":"2026-04-16T21:12:13.065326Z","level":"info","event":"Filling up the DagBag from /opt/airflow/dags/pipeline_dags.py","logger":"airflow.dag_processing.dagbag.BundleDagBag","filename":"dagbag.py","lineno":469}
{"timestamp":"2026-04-16T21:12:47.145658Z","level":"info","event":"Filling up the DagBag from /opt/airflow/dags/pipeline_dags.py","logger":"airflow.dag_processing.dagbag.BundleDagBag","filename":"dagbag.py","lineno":469}
{"timestamp":"2026-04-16T21:13:20.450194Z","level":"info","event":"Filling up the DagBag from /opt/airflow/dags/pipeline_dags.py","logger":"airflow.dag_processing.dagbag.BundleDagBag","filename":"dagbag.py","lineno":469}
{"timestamp":"2026-04-16T21:13:52.838602Z","level":"info","event":"Filling up the DagBag from /opt/airflow/dags/pipeline_dags.py","logger":"airflow.dag_processing.dagbag.BundleDagBag","filename":"dagbag.py","lineno":469}
{"timestamp":"2026-04-16T21:14:24.772697Z","level":"info","event":"Filling up the DagBag from /opt/airflow/dags/pipeline_dags.py","logger":"airflow.dag_processing.dagbag.BundleDagBag","filename":"dagbag.py","lineno":469}
{"timestamp":"2026-04-16T21:14:56.589908Z","level":"info","event":"Filling up the DagBag from /opt/airflow/dags/pipeline_dags.py","logger":"airflow.dag_processing.dagbag.BundleDagBag","filename":"dagbag.py","lineno":469}
{"timestamp":"2026-04-16T21:15:29.292673Z","level":"info","event":"Filling up the DagBag from /opt/airflow/dags/pipeline_dags.py","logger":"airflow.dag_processing.dagbag.BundleDagBag","filename":"dagbag.py","lineno":469}
{"timestamp":"2026-04-16T21:16:01.843849Z","level":"info","event":"Filling up the DagBag from /opt/airflow/dags/pipeline_dags.py","logger":"airflow.dag_processing.dagbag.BundleDagBag","filename":"dagbag.py","lineno":469}
{"timestamp":"2026-04-16T21:16:34.650023Z","level":"info","event":"Filling up the DagBag from /opt/airflow/dags/pipeline_dags.py","logger":"airflow.dag_processing.dagbag.BundleDagBag","filename":"dagbag.py","lineno":469}
{"timestamp":"2026-04-16T21:17:07.350876Z","level":"info","event":"Filling up the DagBag from /opt/airflow/dags/pipeline_dags.py","logger":"airflow.dag_processing.dagbag.BundleDagBag","filename":"dagbag.py","lineno":469}
{"timestamp":"2026-04-16T21:17:43.313512Z","level":"info","event":"Filling up the DagBag from /opt/airflow/dags/pipeline_dags.py","logger":"airflow.dag_processing.dagbag.BundleDagBag","filename":"dagbag.py","lineno":469}
{"timestamp":"2026-04-16T21:18:18.430647Z","level":"info","event":"Filling up the DagBag from /opt/airflow/dags/pipeline_dags.py","logger":"airflow.dag_processing.dagbag.BundleDagBag","filename":"dagbag.py","lineno":469}
{"timestamp":"2026-04-16T21:18:36.964673Z","level":"info","event":"Filling up the DagBag from /opt/airflow/dags/pipeline_dags.py","logger":"airflow.dag_processing.dagbag.BundleDagBag","filename":"dagbag.py","lineno":469}
{"timestamp":"2026-04-16T21:19:14.680204Z","level":"info","event":"Filling up the DagBag from /opt/airflow/dags/pipeline_dags.py","logger":"airflow.dag_processing.dagbag.BundleDagBag","filename":"dagbag.py","lineno":469}
{"timestamp":"2026-04-16T21:19:48.522490Z","level":"info","event":"Filling up the DagBag from /opt/airflow/dags/pipeline_dags.py","logger":"airflow.dag_processing.dagbag.BundleDagBag","filename":"dagbag.py","lineno":469}
{"timestamp":"2026-04-16T21:19:52.956643Z","level":"info","event":"Filling up the DagBag from /opt/airflow/dags/pipeline_dags.py","logger":"airflow.dag_processing.dagbag.BundleDagBag","filename":"dagbag.py","lineno":469}
{"timestamp":"2026-04-16T21:20:25.788508Z","level":"info","event":"Filling up the DagBag from /opt/airflow/dags/pipeline_dags.py","logger":"airflow.dag_processing.dagbag.BundleDagBag","filename":"dagbag.py","lineno":469}
{"timestamp":"2026-04-16T21:20:58.077642Z","level":"info","event":"Filling up the DagBag from /opt/airflow/dags/pipeline_dags.py","logger":"airflow.dag_processing.dagbag.BundleDagBag","filename":"dagbag.py","lineno":469}
{"timestamp":"2026-04-16T21:21:31.199448Z","level":"info","event":"Filling up the DagBag from /opt/airflow/dags/pipeline_dags.py","logger":"airflow.dag_processing.dagbag.BundleDagBag","filename":"dagbag.py","lineno":469}
{"timestamp":"2026-04-16T21:22:26.849929Z","level":"info","event":"Filling up the DagBag from /opt/airflow/dags/pipeline_dags.py","logger":"airflow.dag_processing.dagbag.BundleDagBag","filename":"dagbag.py","lineno":469}
{"timestamp":"2026-04-16T21:22:59.781919Z","level":"info","event":"Filling up the DagBag from /opt/airflow/dags/pipeline_dags.py","logger":"airflow.dag_processing.dagbag.BundleDagBag","filename":"dagbag.py","lineno":469}
{"timestamp":"2026-04-16T21:23:32.153081Z","level":"info","event":"Filling up the DagBag from /opt/airflow/dags/pipeline_dags.py","logger":"airflow.dag_processing.dagbag.BundleDagBag","filename":"dagbag.py","lineno":469}
{"timestamp":"2026-04-16T21:24:04.786799Z","level":"info","event":"Filling up the DagBag from /opt/airflow/dags/pipeline_dags.py","logger":"airflow.dag_processing.dagbag.BundleDagBag","filename":"dagbag.py","lineno":469}
{"timestamp":"2026-04-16T21:24:37.996764Z","level":"info","event":"Filling up the DagBag from /opt/airflow/dags/pipeline_dags.py","logger":"airflow.dag_processing.dagbag.BundleDagBag","filename":"dagbag.py","lineno":469}
{"timestamp":"2026-04-16T21:25:10.450723Z","level":"info","event":"Filling up the DagBag from /opt/airflow/dags/pipeline_dags.py","logger":"airflow.dag_processing.dagbag.BundleDagBag","filename":"dagbag.py","lineno":469}
{"timestamp":"2026-04-16T21:25:43.178171Z","level":"info","event":"Filling up the DagBag from /opt/airflow/dags/pipeline_dags.py","logger":"airflow.dag_processing.dagbag.BundleDagBag","filename":"dagbag.py","lineno":469}
{"timestamp":"2026-04-16T21:26:17.027716Z","level":"info","event":"Filling up the DagBag from /opt/airflow/dags/pipeline_dags.py","logger":"airflow.dag_processing.dagbag.BundleDagBag","filename":"dagbag.py","lineno":469}
{"timestamp":"2026-04-16T21:26:54.687603Z","level":"info","event":"Filling up the DagBag from /opt/airflow/dags/pipeline_dags.py","logger":"airflow.dag_processing.dagbag.BundleDagBag","filename":"dagbag.py","lineno":469}
{"timestamp":"2026-04-16T21:27:26.604029Z","level":"info","event":"Filling up the DagBag from /opt/airflow/dags/pipeline_dags.py","logger":"airflow.dag_processing.dagbag.BundleDagBag","filename":"dagbag.py","lineno":469}
{"timestamp":"2026-04-16T21:27:58.829207Z","level":"info","event":"Filling up the DagBag from /opt/airflow/dags/pipeline_dags.py","logger":"airflow.dag_processing.dagbag.BundleDagBag","filename":"dagbag.py","lineno":469}
{"timestamp":"2026-04-16T21:28:04.432369Z","level":"info","event":"Filling up the DagBag from /opt/airflow/dags/pipeline_dags.py","logger":"airflow.dag_processing.dagbag.BundleDagBag","filename":"dagbag.py","lineno":469}
{"timestamp":"2026-04-16T21:28:37.279921Z","level":"info","event":"Filling up the DagBag from /opt/airflow/dags/pipeline_dags.py","logger":"airflow.dag_processing.dagbag.BundleDagBag","filename":"dagbag.py","lineno":469}
{"timestamp":"2026-04-16T21:29:09.634419Z","level":"info","event":"Filling up the DagBag from /opt/airflow/dags/pipeline_dags.py","logger":"airflow.dag_processing.dagbag.BundleDagBag","filename":"dagbag.py","lineno":469}
{"timestamp":"2026-04-16T21:29:42.804514Z","level":"info","event":"Filling up the DagBag from /opt/airflow/dags/pipeline_dags.py","logger":"airflow.dag_processing.dagbag.BundleDagBag","filename":"dagbag.py","lineno":469}
{"timestamp":"2026-04-16T21:30:15.056625Z","level":"info","event":"Filling up the DagBag from /opt/airflow/dags/pipeline_dags.py","logger":"airflow.dag_processing.dagbag.BundleDagBag","filename":"dagbag.py","lineno":469}
{"timestamp":"2026-04-16T21:31:14.888251Z","level":"info","event":"Filling up the DagBag from /opt/airflow/dags/pipeline_dags.py","logger":"airflow.dag_processing.dagbag.BundleDagBag","filename":"dagbag.py","lineno":469}
{"timestamp":"2026-04-16T21:31:54.170744Z","level":"info","event":"Filling up the DagBag from /opt/airflow/dags/pipeline_dags.py","logger":"airflow.dag_processing.dagbag.BundleDagBag","filename":"dagbag.py","lineno":469}
{"timestamp":"2026-04-16T21:32:28.356500Z","level":"info","event":"Filling up the DagBag from /opt/airflow/dags/pipeline_dags.py","logger":"airflow.dag_processing.dagbag.BundleDagBag","filename":"dagbag.py","lineno":469}
{"timestamp":"2026-04-16T21:33:04.408528Z","level":"info","event":"Filling up the DagBag from /opt/airflow/dags/pipeline_dags.py","logger":"airflow.dag_processing.dagbag.BundleDagBag","filename":"dagbag.py","lineno":469}
{"timestamp":"2026-04-16T21:33:42.022045Z","level":"info","event":"Filling up the DagBag from /opt/airflow/dags/pipeline_dags.py","logger":"airflow.dag_processing.dagbag.BundleDagBag","filename":"dagbag.py","lineno":469}
{"timestamp":"2026-04-16T21:34:17.966062Z","level":"info","event":"Filling up the DagBag from /opt/airflow/dags/pipeline_dags.py","logger":"airflow.dag_processing.dagbag.BundleDagBag","filename":"dagbag.py","lineno":469}
{"timestamp":"2026-04-16T21:34:51.523024Z","level":"info","event":"Filling up the DagBag from /opt/airflow/dags/pipeline_dags.py","logger":"airflow.dag_processing.dagbag.BundleDagBag","filename":"dagbag.py","lineno":469}
{"timestamp":"2026-04-16T21:35:26.152194Z","level":"info","event":"Filling up the DagBag from /opt/airflow/dags/pipeline_dags.py","logger":"airflow.dag_processing.dagbag.BundleDagBag","filename":"dagbag.py","lineno":469}
{"timestamp":"2026-04-16T21:35:59.199905Z","level":"info","event":"Filling up the DagBag from /opt/airflow/dags/pipeline_dags.py","logger":"airflow.dag_processing.dagbag.BundleDagBag","filename":"dagbag.py","lineno":469}
{"timestamp":"2026-04-16T21:36:32.683338Z","level":"info","event":"Filling up the DagBag from /opt/airflow/dags/pipeline_dags.py","logger":"airflow.dag_processing.dagbag.BundleDagBag","filename":"dagbag.py","lineno":469}
{"timestamp":"2026-04-16T21:37:04.945857Z","level":"info","event":"Filling up the DagBag from /opt/airflow/dags/pipeline_dags.py","logger":"airflow.dag_processing.dagbag.BundleDagBag","filename":"dagbag.py","lineno":469}
{"timestamp":"2026-04-16T21:37:37.592605Z","level":"info","event":"Filling up the DagBag from /opt/airflow/dags/pipeline_dags.py","logger":"airflow.dag_processing.dagbag.BundleDagBag","filename":"dagbag.py","lineno":469}
{"timestamp":"2026-04-16T21:38:10.742387Z","level":"info","event":"Filling up the DagBag from /opt/airflow/dags/pipeline_dags.py","logger":"airflow.dag_processing.dagbag.BundleDagBag","filename":"dagbag.py","lineno":469}
{"timestamp":"2026-04-16T21:38:43.266303Z","level":"info","event":"Filling up the DagBag from /opt/airflow/dags/pipeline_dags.py","logger":"airflow.dag_processing.dagbag.BundleDagBag","filename":"dagbag.py","lineno":469}
{"timestamp":"2026-04-16T21:39:15.751314Z","level":"info","event":"Filling up the DagBag from /opt/airflow/dags/pipeline_dags.py","logger":"airflow.dag_processing.dagbag.BundleDagBag","filename":"dagbag.py","lineno":469}
{"timestamp":"2026-04-16T21:39:48.426245Z","level":"info","event":"Filling up the DagBag from /opt/airflow/dags/pipeline_dags.py","logger":"airflow.dag_processing.dagbag.BundleDagBag","filename":"dagbag.py","lineno":469}
{"timestamp":"2026-04-16T21:40:24.032163Z","level":"info","event":"Filling up the DagBag from /opt/airflow/dags/pipeline_dags.py","logger":"airflow.dag_processing.dagbag.BundleDagBag","filename":"dagbag.py","lineno":469}
{"timestamp":"2026-04-16T21:41:00.772086Z","level":"info","event":"Filling up the DagBag from /opt/airflow/dags/pipeline_dags.py","logger":"airflow.dag_processing.dagbag.BundleDagBag","filename":"dagbag.py","lineno":469}
{"timestamp":"2026-04-16T21:41:34.178645Z","level":"info","event":"Filling up the DagBag from /opt/airflow/dags/pipeline_dags.py","logger":"airflow.dag_processing.dagbag.BundleDagBag","filename":"dagbag.py","lineno":469}
{"timestamp":"2026-04-16T21:42:09.838479Z","level":"info","event":"Filling up the DagBag from /opt/airflow/dags/pipeline_dags.py","logger":"airflow.dag_processing.dagbag.BundleDagBag","filename":"dagbag.py","lineno":469}
{"timestamp":"2026-04-16T21:42:44.061044Z","level":"info","event":"Filling up the DagBag from /opt/airflow/dags/pipeline_dags.py","logger":"airflow.dag_processing.dagbag.BundleDagBag","filename":"dagbag.py","lineno":469}
{"timestamp":"2026-04-16T21:43:16.768843Z","level":"info","event":"Filling up the DagBag from /opt/airflow/dags/pipeline_dags.py","logger":"airflow.dag_processing.dagbag.BundleDagBag","filename":"dagbag.py","lineno":469}
{"timestamp":"2026-04-16T21:43:50.499955Z","level":"info","event":"Filling up the DagBag from /opt/airflow/dags/pipeline_dags.py","logger":"airflow.dag_processing.dagbag.BundleDagBag","filename":"dagbag.py","lineno":469}
{"timestamp":"2026-04-16T21:44:22.769580Z","level":"info","event":"Filling up the DagBag from /opt/airflow/dags/pipeline_dags.py","logger":"airflow.dag_processing.dagbag.BundleDagBag","filename":"dagbag.py","lineno":469}
{"timestamp":"2026-04-16T21:44:56.447765Z","level":"info","event":"Filling up the DagBag from /opt/airflow/dags/pipeline_dags.py","logger":"airflow.dag_processing.dagbag.BundleDagBag","filename":"dagbag.py","lineno":469}
{"timestamp":"2026-04-16T21:45:29.475782Z","level":"info","event":"Filling up the DagBag from /opt/airflow/dags/pipeline_dags.py","logger":"airflow.dag_processing.dagbag.BundleDagBag","filename":"dagbag.py","lineno":469}
{"timestamp":"2026-04-16T21:46:02.269088Z","level":"info","event":"Filling up the DagBag from /opt/airflow/dags/pipeline_dags.py","logger":"airflow.dag_processing.dagbag.BundleDagBag","filename":"dagbag.py","lineno":469}
{"timestamp":"2026-04-16T21:46:35.115749Z","level":"info","event":"Filling up the DagBag from /opt/airflow/dags/pipeline_dags.py","logger":"airflow.dag_processing.dagbag.BundleDagBag","filename":"dagbag.py","lineno":469}
{"timestamp":"2026-04-16T21:47:07.036291Z","level":"info","event":"Filling up the DagBag from /opt/airflow/dags/pipeline_dags.py","logger":"airflow.dag_processing.dagbag.BundleDagBag","filename":"dagbag.py","lineno":469}
{"timestamp":"2026-04-16T21:47:38.773182Z","level":"info","event":"Filling up the DagBag from /opt/airflow/dags/pipeline_dags.py","logger":"airflow.dag_processing.dagbag.BundleDagBag","filename":"dagbag.py","lineno":469}
{"timestamp":"2026-04-16T21:48:11.775888Z","level":"info","event":"Filling up the DagBag from /opt/airflow/dags/pipeline_dags.py","logger":"airflow.dag_processing.dagbag.BundleDagBag","filename":"dagbag.py","lineno":469}
{"timestamp":"2026-04-16T21:48:44.697914Z","level":"info","event":"Filling up the DagBag from /opt/airflow/dags/pipeline_dags.py","logger":"airflow.dag_processing.dagbag.BundleDagBag","filename":"dagbag.py","lineno":469}
{"timestamp":"2026-04-16T21:49:21.698162Z","level":"info","event":"Filling up the DagBag from /opt/airflow/dags/pipeline_dags.py","logger":"airflow.dag_processing.dagbag.BundleDagBag","filename":"dagbag.py","lineno":469}
{"timestamp":"2026-04-16T21:49:55.754561Z","level":"info","event":"Filling up the DagBag from /opt/airflow/dags/pipeline_dags.py","logger":"airflow.dag_processing.dagbag.BundleDagBag","filename":"dagbag.py","lineno":469}
{"timestamp":"2026-04-16T21:50:33.567994Z","level":"info","event":"Filling up the DagBag from /opt/airflow/dags/pipeline_dags.py","logger":"airflow.dag_processing.dagbag.BundleDagBag","filename":"dagbag.py","lineno":469}
{"timestamp":"2026-04-16T21:51:06.787964Z","level":"info","event":"Filling up the DagBag from /opt/airflow/dags/pipeline_dags.py","logger":"airflow.dag_processing.dagbag.BundleDagBag","filename":"dagbag.py","lineno":469}
{"timestamp":"2026-04-16T21:51:39.986800Z","level":"info","event":"Filling up the DagBag from /opt/airflow/dags/pipeline_dags.py","logger":"airflow.dag_processing.dagbag.BundleDagBag","filename":"dagbag.py","lineno":469}
{"timestamp":"2026-04-16T21:52:13.725568Z","level":"info","event":"Filling up the DagBag from /opt/airflow/dags/pipeline_dags.py","logger":"airflow.dag_processing.dagbag.BundleDagBag","filename":"dagbag.py","lineno":469}
{"timestamp":"2026-04-16T21:52:54.276891Z","level":"info","event":"Filling up the DagBag from /opt/airflow/dags/pipeline_dags.py","logger":"airflow.dag_processing.dagbag.BundleDagBag","filename":"dagbag.py","lineno":469}
{"timestamp":"2026-04-16T21:53:28.036893Z","level":"info","event":"Filling up the DagBag from /opt/airflow/dags/pipeline_dags.py","logger":"airflow.dag_processing.dagbag.BundleDagBag","filename":"dagbag.py","lineno":469}
{"timestamp":"2026-04-16T21:54:01.940774Z","level":"info","event":"Filling up the DagBag from /opt/airflow/dags/pipeline_dags.py","logger":"airflow.dag_processing.dagbag.BundleDagBag","filename":"dagbag.py","lineno":469}
{"timestamp":"2026-04-16T21:54:34.990190Z","level":"info","event":"Filling up the DagBag from /opt/airflow/dags/pipeline_dags.py","logger":"airflow.dag_processing.dagbag.BundleDagBag","filename":"dagbag.py","lineno":469}
{"timestamp":"2026-04-16T21:55:07.217091Z","level":"info","event":"Filling up the DagBag from /opt/airflow/dags/pipeline_dags.py","logger":"airflow.dag_processing.dagbag.BundleDagBag","filename":"dagbag.py","lineno":469}
{"timestamp":"2026-04-16T21:55:39.454761Z","level":"info","event":"Filling up the DagBag from /opt/airflow/dags/pipeline_dags.py","logger":"airflow.dag_processing.dagbag.BundleDagBag","filename":"dagbag.py","lineno":469}
{"timestamp":"2026-04-16T21:56:13.827908Z","level":"info","event":"Filling up the DagBag from /opt/airflow/dags/pipeline_dags.py","logger":"airflow.dag_processing.dagbag.BundleDagBag","filename":"dagbag.py","lineno":469}
{"timestamp":"2026-04-16T21:56:47.516174Z","level":"info","event":"Filling up the DagBag from /opt/airflow/dags/pipeline_dags.py","logger":"airflow.dag_processing.dagbag.BundleDagBag","filename":"dagbag.py","lineno":469}
{"timestamp":"2026-04-16T21:57:20.246361Z","level":"info","event":"Filling up the DagBag from /opt/airflow/dags/pipeline_dags.py","logger":"airflow.dag_processing.dagbag.BundleDagBag","filename":"dagbag.py","lineno":469}
{"timestamp":"2026-04-16T21:57:52.508515Z","level":"info","event":"Filling up the DagBag from /opt/airflow/dags/pipeline_dags.py","logger":"airflow.dag_processing.dagbag.BundleDagBag","filename":"dagbag.py","lineno":469}
{"timestamp":"2026-04-16T21:58:26.699552Z","level":"info","event":"Filling up the DagBag from /opt/airflow/dags/pipeline_dags.py","logger":"airflow.dag_processing.dagbag.BundleDagBag","filename":"dagbag.py","lineno":469}
{"timestamp":"2026-04-16T21:59:00.474442Z","level":"info","event":"Filling up the DagBag from /opt/airflow/dags/pipeline_dags.py","logger":"airflow.dag_processing.dagbag.BundleDagBag","filename":"dagbag.py","lineno":469}
{"timestamp":"2026-04-16T21:59:35.578709Z","level":"info","event":"Filling up the DagBag from /opt/airflow/dags/pipeline_dags.py","logger":"airflow.dag_processing.dagbag.BundleDagBag","filename":"dagbag.py","lineno":469}
{"timestamp":"2026-04-16T22:00:08.295049Z","level":"info","event":"Filling up the DagBag from /opt/airflow/dags/pipeline_dags.py","logger":"airflow.dag_processing.dagbag.BundleDagBag","filename":"dagbag.py","lineno":469}
{"timestamp":"2026-04-16T22:00:42.812337Z","level":"info","event":"Filling up the DagBag from /opt/airflow/dags/pipeline_dags.py","logger":"airflow.dag_processing.dagbag.BundleDagBag","filename":"dagbag.py","lineno":469}
{"timestamp":"2026-04-16T22:01:17.337647Z","level":"info","event":"Filling up the DagBag from /opt/airflow/dags/pipeline_dags.py","logger":"airflow.dag_processing.dagbag.BundleDagBag","filename":"dagbag.py","lineno":469}
{"timestamp":"2026-04-16T22:02:41.621785Z","level":"info","event":"Filling up the DagBag from /opt/airflow/dags/pipeline_dags.py","logger":"airflow.dag_processing.dagbag.BundleDagBag","filename":"dagbag.py","lineno":469}
{"timestamp":"2026-04-16T22:03:22.447899Z","level":"info","event":"Filling up the DagBag from /opt/airflow/dags/pipeline_dags.py","logger":"airflow.dag_processing.dagbag.BundleDagBag","filename":"dagbag.py","lineno":469}
{"timestamp":"2026-04-16T22:04:08.330121Z","level":"info","event":"Filling up the DagBag from /opt/airflow/dags/pipeline_dags.py","logger":"airflow.dag_processing.dagbag.BundleDagBag","filename":"dagbag.py","lineno":469}
{"timestamp":"2026-04-16T22:04:46.298429Z","level":"info","event":"Filling up the DagBag from /opt/airflow/dags/pipeline_dags.py","logger":"airflow.dag_processing.dagbag.BundleDagBag","filename":"dagbag.py","lineno":469}
{"timestamp":"2026-04-16T22:05:24.812599Z","level":"info","event":"Filling up the DagBag from /opt/airflow/dags/pipeline_dags.py","logger":"airflow.dag_processing.dagbag.BundleDagBag","filename":"dagbag.py","lineno":469}
{"timestamp":"2026-04-16T22:05:57.810232Z","level":"info","event":"Filling up the DagBag from /opt/airflow/dags/pipeline_dags.py","logger":"airflow.dag_processing.dagbag.BundleDagBag","filename":"dagbag.py","lineno":469}
{"timestamp":"2026-04-16T22:06:32.353714Z","level":"info","event":"Filling up the DagBag from /opt/airflow/dags/pipeline_dags.py","logger":"airflow.dag_processing.dagbag.BundleDagBag","filename":"dagbag.py","lineno":469}
{"timestamp":"2026-04-16T22:07:11.030379Z","level":"info","event":"Filling up the DagBag from /opt/airflow/dags/pipeline_dags.py","logger":"airflow.dag_processing.dagbag.BundleDagBag","filename":"dagbag.py","lineno":469}
{"timestamp":"2026-04-16T22:07:49.720824Z","level":"info","event":"Filling up the DagBag from /opt/airflow/dags/pipeline_dags.py","logger":"airflow.dag_processing.dagbag.BundleDagBag","filename":"dagbag.py","lineno":469}
{"timestamp":"2026-04-16T22:08:25.392407Z","level":"info","event":"Filling up the DagBag from /opt/airflow/dags/pipeline_dags.py","logger":"airflow.dag_processing.dagbag.BundleDagBag","filename":"dagbag.py","lineno":469}
{"timestamp":"2026-04-16T22:08:29.548049Z","level":"info","event":"Filling up the DagBag from /opt/airflow/dags/pipeline_dags.py","logger":"airflow.dag_processing.dagbag.BundleDagBag","filename":"dagbag.py","lineno":469}
{"timestamp":"2026-04-16T22:09:02.351951Z","level":"info","event":"Filling up the DagBag from /opt/airflow/dags/pipeline_dags.py","logger":"airflow.dag_processing.dagbag.BundleDagBag","filename":"dagbag.py","lineno":469}
{"timestamp":"2026-04-16T22:09:35.059335Z","level":"info","event":"Filling up the DagBag from /opt/airflow/dags/pipeline_dags.py","logger":"airflow.dag_processing.dagbag.BundleDagBag","filename":"dagbag.py","lineno":469}
{"timestamp":"2026-04-16T22:10:08.376881Z","level":"info","event":"Filling up the DagBag from /opt/airflow/dags/pipeline_dags.py","logger":"airflow.dag_processing.dagbag.BundleDagBag","filename":"dagbag.py","lineno":469}
{"timestamp":"2026-04-16T22:10:41.178836Z","level":"info","event":"Filling up the DagBag from /opt/airflow/dags/pipeline_dags.py","logger":"airflow.dag_processing.dagbag.BundleDagBag","filename":"dagbag.py","lineno":469}
{"timestamp":"2026-04-16T22:11:13.204229Z","level":"info","event":"Filling up the DagBag from /opt/airflow/dags/pipeline_dags.py","logger":"airflow.dag_processing.dagbag.BundleDagBag","filename":"dagbag.py","lineno":469}
{"timestamp":"2026-04-16T22:11:44.814998Z","level":"info","event":"Filling up the DagBag from /opt/airflow/dags/pipeline_dags.py","logger":"airflow.dag_processing.dagbag.BundleDagBag","filename":"dagbag.py","lineno":469}
{"timestamp":"2026-04-16T22:12:17.313280Z","level":"info","event":"Filling up the DagBag from /opt/airflow/dags/pipeline_dags.py","logger":"airflow.dag_processing.dagbag.BundleDagBag","filename":"dagbag.py","lineno":469}
{"timestamp":"2026-04-16T22:12:48.856059Z","level":"info","event":"Filling up the DagBag from /opt/airflow/dags/pipeline_dags.py","logger":"airflow.dag_processing.dagbag.BundleDagBag","filename":"dagbag.py","lineno":469}
{"timestamp":"2026-04-16T22:13:21.455805Z","level":"info","event":"Filling up the DagBag from /opt/airflow/dags/pipeline_dags.py","logger":"airflow.dag_processing.dagbag.BundleDagBag","filename":"dagbag.py","lineno":469}
{"timestamp":"2026-04-16T22:13:53.088852Z","level":"info","event":"Filling up the DagBag from /opt/airflow/dags/pipeline_dags.py","logger":"airflow.dag_processing.dagbag.BundleDagBag","filename":"dagbag.py","lineno":469}
{"timestamp":"2026-04-16T22:14:24.802608Z","level":"info","event":"Filling up the DagBag from /opt/airflow/dags/pipeline_dags.py","logger":"airflow.dag_processing.dagbag.BundleDagBag","filename":"dagbag.py","lineno":469}
{"timestamp":"2026-04-16T22:14:57.215218Z","level":"info","event":"Filling up the DagBag from /opt/airflow/dags/pipeline_dags.py","logger":"airflow.dag_processing.dagbag.BundleDagBag","filename":"dagbag.py","lineno":469}
{"timestamp":"2026-04-16T22:15:29.575578Z","level":"info","event":"Filling up the DagBag from /opt/airflow/dags/pipeline_dags.py","logger":"airflow.dag_processing.dagbag.BundleDagBag","filename":"dagbag.py","lineno":469}
{"timestamp":"2026-04-16T22:16:01.146965Z","level":"info","event":"Filling up the DagBag from /opt/airflow/dags/pipeline_dags.py","logger":"airflow.dag_processing.dagbag.BundleDagBag","filename":"dagbag.py","lineno":469}
{"timestamp":"2026-04-16T22:16:33.106549Z","level":"info","event":"Filling up the DagBag from /opt/airflow/dags/pipeline_dags.py","logger":"airflow.dag_processing.dagbag.BundleDagBag","filename":"dagbag.py","lineno":469}
{"timestamp":"2026-04-16T22:17:06.012557Z","level":"info","event":"Filling up the DagBag from /opt/airflow/dags/pipeline_dags.py","logger":"airflow.dag_processing.dagbag.BundleDagBag","filename":"dagbag.py","lineno":469}
{"timestamp":"2026-04-16T22:17:39.550058Z","level":"info","event":"Filling up the DagBag from /opt/airflow/dags/pipeline_dags.py","logger":"airflow.dag_processing.dagbag.BundleDagBag","filename":"dagbag.py","lineno":469}
{"timestamp":"2026-04-16T22:18:12.000308Z","level":"info","event":"Filling up the DagBag from /opt/airflow/dags/pipeline_dags.py","logger":"airflow.dag_processing.dagbag.BundleDagBag","filename":"dagbag.py","lineno":469}
{"timestamp":"2026-04-16T22:18:45.075455Z","level":"info","event":"Filling up the DagBag from /opt/airflow/dags/pipeline_dags.py","logger":"airflow.dag_processing.dagbag.BundleDagBag","filename":"dagbag.py","lineno":469}
{"timestamp":"2026-04-16T22:19:17.989064Z","level":"info","event":"Filling up the DagBag from /opt/airflow/dags/pipeline_dags.py","logger":"airflow.dag_processing.dagbag.BundleDagBag","filename":"dagbag.py","lineno":469}
{"timestamp":"2026-04-16T22:19:50.358037Z","level":"info","event":"Filling up the DagBag from /opt/airflow/dags/pipeline_dags.py","logger":"airflow.dag_processing.dagbag.BundleDagBag","filename":"dagbag.py","lineno":469}
{"timestamp":"2026-04-16T22:20:23.291004Z","level":"info","event":"Filling up the DagBag from /opt/airflow/dags/pipeline_dags.py","logger":"airflow.dag_processing.dagbag.BundleDagBag","filename":"dagbag.py","lineno":469}
{"timestamp":"2026-04-16T22:20:55.571964Z","level":"info","event":"Filling up the DagBag from /opt/airflow/dags/pipeline_dags.py","logger":"airflow.dag_processing.dagbag.BundleDagBag","filename":"dagbag.py","lineno":469}
{"timestamp":"2026-04-16T22:21:28.274119Z","level":"info","event":"Filling up the DagBag from /opt/airflow/dags/pipeline_dags.py","logger":"airflow.dag_processing.dagbag.BundleDagBag","filename":"dagbag.py","lineno":469}
{"timestamp":"2026-04-16T22:22:00.819194Z","level":"info","event":"Filling up the DagBag from /opt/airflow/dags/pipeline_dags.py","logger":"airflow.dag_processing.dagbag.BundleDagBag","filename":"dagbag.py","lineno":469}
{"timestamp":"2026-04-16T22:22:33.755942Z","level":"info","event":"Filling up the DagBag from /opt/airflow/dags/pipeline_dags.py","logger":"airflow.dag_processing.dagbag.BundleDagBag","filename":"dagbag.py","lineno":469}
{"timestamp":"2026-04-16T22:23:06.633779Z","level":"info","event":"Filling up the DagBag from /opt/airflow/dags/pipeline_dags.py","logger":"airflow.dag_processing.dagbag.BundleDagBag","filename":"dagbag.py","lineno":469}
{"timestamp":"2026-04-16T22:23:40.642836Z","level":"info","event":"Filling up the DagBag from /opt/airflow/dags/pipeline_dags.py","logger":"airflow.dag_processing.dagbag.BundleDagBag","filename":"dagbag.py","lineno":469}
{"timestamp":"2026-04-16T22:24:13.201494Z","level":"info","event":"Filling up the DagBag from /opt/airflow/dags/pipeline_dags.py","logger":"airflow.dag_processing.dagbag.BundleDagBag","filename":"dagbag.py","lineno":469}
{"timestamp":"2026-04-16T22:24:45.640495Z","level":"info","event":"Filling up the DagBag from /opt/airflow/dags/pipeline_dags.py","logger":"airflow.dag_processing.dagbag.BundleDagBag","filename":"dagbag.py","lineno":469}
{"timestamp":"2026-04-16T22:25:17.936114Z","level":"info","event":"Filling up the DagBag from /opt/airflow/dags/pipeline_dags.py","logger":"airflow.dag_processing.dagbag.BundleDagBag","filename":"dagbag.py","lineno":469}
{"timestamp":"2026-04-16T22:25:51.745241Z","level":"info","event":"Filling up the DagBag from /opt/airflow/dags/pipeline_dags.py","logger":"airflow.dag_processing.dagbag.BundleDagBag","filename":"dagbag.py","lineno":469}
{"timestamp":"2026-04-16T22:26:30.687866Z","level":"info","event":"Filling up the DagBag from /opt/airflow/dags/pipeline_dags.py","logger":"airflow.dag_processing.dagbag.BundleDagBag","filename":"dagbag.py","lineno":469}
{"timestamp":"2026-04-16T22:27:05.322389Z","level":"info","event":"Filling up the DagBag from /opt/airflow/dags/pipeline_dags.py","logger":"airflow.dag_processing.dagbag.BundleDagBag","filename":"dagbag.py","lineno":469}
{"timestamp":"2026-04-16T22:27:38.465932Z","level":"info","event":"Filling up the DagBag from /opt/airflow/dags/pipeline_dags.py","logger":"airflow.dag_processing.dagbag.BundleDagBag","filename":"dagbag.py","lineno":469}
{"timestamp":"2026-04-16T22:28:12.077644Z","level":"info","event":"Filling up the DagBag from /opt/airflow/dags/pipeline_dags.py","logger":"airflow.dag_processing.dagbag.BundleDagBag","filename":"dagbag.py","lineno":469}
{"timestamp":"2026-04-16T22:28:47.705655Z","level":"info","event":"Filling up the DagBag from /opt/airflow/dags/pipeline_dags.py","logger":"airflow.dag_processing.dagbag.BundleDagBag","filename":"dagbag.py","lineno":469}
{"timestamp":"2026-04-16T22:29:25.266091Z","level":"info","event":"Filling up the DagBag from /opt/airflow/dags/pipeline_dags.py","logger":"airflow.dag_processing.dagbag.BundleDagBag","filename":"dagbag.py","lineno":469}
{"timestamp":"2026-04-16T22:30:07.708945Z","level":"error","event":"Process timed out, PID: 3434","logger":"airflow.dag_processing.importers.python_importer","filename":"python_importer.py","lineno":62}
{"timestamp":"2026-04-16T22:30:44.928783Z","level":"error","event":"Failed to import: /opt/airflow/dags/pipeline_dags.py","logger":"airflow.dag_processing.importers.python_importer","filename":"python_importer.py","lineno":244,"error_detail":[{"exc_type":"AirflowTaskTimeout","exc_value":"DagBag import timeout for /opt/airflow/dags/pipeline_dags.py after 30.0s.\nPlease take a look at these docs to improve your DAG import time:\n* https://airflow.apache.org/docs/apache-airflow/3.2.0/best-practices.html#top-level-python-code\n* https://airflow.apache.org/docs/apache-airflow/3.2.0/best-practices.html#reducing-dag-complexity, PID: 3434","exc_notes":[],"syntax_error":null,"is_cause":false,"frames":[{"filename":"/home/airflow/.local/lib/python3.13/site-packages/airflow/dag_processing/importers/python_importer.py","lineno":238,"name":"parse"},{"filename":"<frozen importlib._bootstrap_external>","lineno":1023,"name":"exec_module"},{"filename":"<frozen importlib._bootstrap>","lineno":488,"name":"_call_with_frames_removed"},{"filename":"/opt/airflow/dags/pipeline_dags.py","lineno":4,"name":"<module>"},{"filename":"/opt/airflow/data_ingestion/fetch_data.py","lineno":2,"name":"<module>"},{"filename":"/home/airflow/.local/lib/python3.13/site-packages/yfinance/__init__.py","lineno":23,"name":"<module>"},{"filename":"/home/airflow/.local/lib/python3.13/site-packages/yfinance/search.py","lineno":24,"name":"<module>"},{"filename":"/home/airflow/.local/lib/python3.13/site-packages/yfinance/utils.py","lineno":37,"name":"<module>"},{"filename":"/home/airflow/.local/lib/python3.13/site-packages/pandas/__init__.py","lineno":49,"name":"<module>"},{"filename":"/home/airflow/.local/lib/python3.13/site-packages/pandas/core/api.py","lineno":47,"name":"<module>"},{"filename":"/home/airflow/.local/lib/python3.13/site-packages/pandas/core/groupby/__init__.py","lineno":1,"name":"<module>"},{"filename":"/home/airflow/.local/lib/python3.13/site-packages/pandas/core/groupby/generic.py","lineno":68,"name":"<module>"},{"filename":"/home/airflow/.local/lib/python3.13/site-packages/pandas/core/frame.py","lineno":192,"name":"<module>"},{"filename":"/home/airflow/.local/lib/python3.13/site-packages/pandas/core/series.py","lineno":35,"name":"<module>"},{"filename":"<frozen importlib._bootstrap>","lineno":645,"name":"parent"},{"filename":"/home/airflow/.local/lib/python3.13/site-packages/airflow/dag_processing/importers/python_importer.py","lineno":65,"name":"handle_timeout"}],"is_group":false,"exceptions":[]}]}
{"timestamp":"2026-04-16T22:33:20.226729Z","level":"error","event":"Error loading DAG from pipeline_dags.py: DagBag import timeout for /opt/airflow/dags/pipeline_dags.py after 30.0s.\nPlease take a look at these docs to improve your DAG import time:\n* https://airflow.apache.org/docs/apache-airflow/3.2.0/best-practices.html#top-level-python-code\n* https://airflow.apache.org/docs/apache-airflow/3.2.0/best-practices.html#reducing-dag-complexity, PID: 3434","logger":"airflow.dag_processing.dagbag.BundleDagBag","filename":"dagbag.py","lineno":327}
{"timestamp":"2026-04-16T22:31:44.193697Z","level":"info","event":"Filling up the DagBag from /opt/airflow/dags/pipeline_dags.py","logger":"airflow.dag_processing.dagbag.BundleDagBag","filename":"dagbag.py","lineno":469}
{"timestamp":"2026-04-16T22:32:17.908771Z","level":"info","event":"Filling up the DagBag from /opt/airflow/dags/pipeline_dags.py","logger":"airflow.dag_processing.dagbag.BundleDagBag","filename":"dagbag.py","lineno":469}
{"timestamp":"2026-04-16T22:32:51.498024Z","level":"info","event":"Filling up the DagBag from /opt/airflow/dags/pipeline_dags.py","logger":"airflow.dag_processing.dagbag.BundleDagBag","filename":"dagbag.py","lineno":469}
{"timestamp":"2026-04-16T22:33:23.978372Z","level":"info","event":"Filling up the DagBag from /opt/airflow/dags/pipeline_dags.py","logger":"airflow.dag_processing.dagbag.BundleDagBag","filename":"dagbag.py","lineno":469}
{"timestamp":"2026-04-16T22:33:55.891282Z","level":"info","event":"Filling up the DagBag from /opt/airflow/dags/pipeline_dags.py","logger":"airflow.dag_processing.dagbag.BundleDagBag","filename":"dagbag.py","lineno":469}
{"timestamp":"2026-04-16T22:34:27.855586Z","level":"info","event":"Filling up the DagBag from /opt/airflow/dags/pipeline_dags.py","logger":"airflow.dag_processing.dagbag.BundleDagBag","filename":"dagbag.py","lineno":469}
{"timestamp":"2026-04-16T22:35:00.235503Z","level":"info","event":"Filling up the DagBag from /opt/airflow/dags/pipeline_dags.py","logger":"airflow.dag_processing.dagbag.BundleDagBag","filename":"dagbag.py","lineno":469}
{"timestamp":"2026-04-16T22:35:32.322147Z","level":"info","event":"Filling up the DagBag from /opt/airflow/dags/pipeline_dags.py","logger":"airflow.dag_processing.dagbag.BundleDagBag","filename":"dagbag.py","lineno":469}
{"timestamp":"2026-04-16T22:36:04.655855Z","level":"info","event":"Filling up the DagBag from /opt/airflow/dags/pipeline_dags.py","logger":"airflow.dag_processing.dagbag.BundleDagBag","filename":"dagbag.py","lineno":469}
{"timestamp":"2026-04-16T22:36:37.000787Z","level":"info","event":"Filling up the DagBag from /opt/airflow/dags/pipeline_dags.py","logger":"airflow.dag_processing.dagbag.BundleDagBag","filename":"dagbag.py","lineno":469}
{"timestamp":"2026-04-16T22:37:09.255374Z","level":"info","event":"Filling up the DagBag from /opt/airflow/dags/pipeline_dags.py","logger":"airflow.dag_processing.dagbag.BundleDagBag","filename":"dagbag.py","lineno":469}
{"timestamp":"2026-04-16T22:57:17.247928Z","level":"info","event":"Filling up the DagBag from /opt/airflow/dags/pipeline_dags.py","logger":"airflow.dag_processing.dagbag.BundleDagBag","filename":"dagbag.py","lineno":469}
{"timestamp":"2026-04-16T22:57:52.073208Z","level":"error","event":"Process timed out, PID: 223","logger":"airflow.dag_processing.importers.python_importer","filename":"python_importer.py","lineno":62}
{"timestamp":"2026-04-16T22:57:52.111596Z","level":"error","event":"Failed to import: /opt/airflow/dags/pipeline_dags.py","logger":"airflow.dag_processing.importers.python_importer","filename":"python_importer.py","lineno":244,"error_detail":[{"exc_type":"AirflowTaskTimeout","exc_value":"DagBag import timeout for /opt/airflow/dags/pipeline_dags.py after 30.0s.\nPlease take a look at these docs to improve your DAG import time:\n* https://airflow.apache.org/docs/apache-airflow/3.2.0/best-practices.html#top-level-python-code\n* https://airflow.apache.org/docs/apache-airflow/3.2.0/best-practices.html#reducing-dag-complexity, PID: 223","exc_notes":[],"syntax_error":null,"is_cause":false,"frames":[{"filename":"/home/airflow/.local/lib/python3.13/site-packages/airflow/dag_processing/importers/python_importer.py","lineno":238,"name":"parse"},{"filename":"<frozen importlib._bootstrap_external>","lineno":1023,"name":"exec_module"},{"filename":"<frozen importlib._bootstrap>","lineno":488,"name":"_call_with_frames_removed"},{"filename":"/opt/airflow/dags/pipeline_dags.py","lineno":4,"name":"<module>"},{"filename":"/opt/airflow/data_ingestion/fetch_data.py","lineno":2,"name":"<module>"},{"filename":"/home/airflow/.local/lib/python3.13/site-packages/yfinance/__init__.py","lineno":26,"name":"<module>"},{"filename":"/home/airflow/.local/lib/python3.13/site-packages/yfinance/calendars.py","lineno":6,"name":"<module>"},{"filename":"/home/airflow/.local/lib/python3.13/site-packages/requests/__init__.py","lineno":48,"name":"<module>"},{"filename":"/home/airflow/.local/lib/python3.13/site-packages/charset_normalizer/__init__.py","lineno":26,"name":"<module>"},{"filename":"/home/airflow/.local/lib/python3.13/site-packages/charset_normalizer/api.py","lineno":47,"name":"<module>"},{"filename":"/home/airflow/.local/lib/python3.13/site-packages/charset_normalizer/utils.py","lineno":281,"name":"is_multi_byte_encoding"},{"filename":"/usr/python/lib/python3.13/importlib/__init__.py","lineno":88,"name":"import_module"},{"filename":"/usr/python/lib/python3.13/encodings/cp1125.py","lineno":25,"name":"<module>"},{"filename":"/usr/python/lib/python3.13/encodings/cp1125.py","lineno":25,"name":"StreamWriter"},{"filename":"/home/airflow/.local/lib/python3.13/site-packages/airflow/dag_processing/importers/python_importer.py","lineno":65,"name":"handle_timeout"}],"is_group":false,"exceptions":[]}]}
{"timestamp":"2026-04-16T22:57:52.292210Z","level":"error","event":"Error loading DAG from pipeline_dags.py: DagBag import timeout for /opt/airflow/dags/pipeline_dags.py after 30.0s.\nPlease take a look at these docs to improve your DAG import time:\n* https://airflow.apache.org/docs/apache-airflow/3.2.0/best-practices.html#top-level-python-code\n* https://airflow.apache.org/docs/apache-airflow/3.2.0/best-practices.html#reducing-dag-complexity, PID: 223","logger":"airflow.dag_processing.dagbag.BundleDagBag","filename":"dagbag.py","lineno":327}
{"timestamp":"2026-04-16T22:58:23.784212Z","level":"info","event":"Filling up the DagBag from /opt/airflow/dags/pipeline_dags.py","logger":"airflow.dag_processing.dagbag.BundleDagBag","filename":"dagbag.py","lineno":469}
{"timestamp":"2026-04-16T22:59:04.264545Z","level":"info","event":"Filling up the DagBag from /opt/airflow/dags/pipeline_dags.py","logger":"airflow.dag_processing.dagbag.BundleDagBag","filename":"dagbag.py","lineno":469}
{"timestamp":"2026-04-16T22:59:38.896692Z","level":"info","event":"Filling up the DagBag from /opt/airflow/dags/pipeline_dags.py","logger":"airflow.dag_processing.dagbag.BundleDagBag","filename":"dagbag.py","lineno":469}
{"timestamp":"2026-04-16T23:00:12.947073Z","level":"info","event":"Filling up the DagBag from /opt/airflow/dags/pipeline_dags.py","logger":"airflow.dag_processing.dagbag.BundleDagBag","filename":"dagbag.py","lineno":469}
{"timestamp":"2026-04-16T23:00:47.040255Z","level":"info","event":"Filling up the DagBag from /opt/airflow/dags/pipeline_dags.py","logger":"airflow.dag_processing.dagbag.BundleDagBag","filename":"dagbag.py","lineno":469}
{"timestamp":"2026-04-16T23:01:21.233429Z","level":"info","event":"Filling up the DagBag from /opt/airflow/dags/pipeline_dags.py","logger":"airflow.dag_processing.dagbag.BundleDagBag","filename":"dagbag.py","lineno":469}
{"timestamp":"2026-04-16T23:01:55.292039Z","level":"info","event":"Filling up the DagBag from /opt/airflow/dags/pipeline_dags.py","logger":"airflow.dag_processing.dagbag.BundleDagBag","filename":"dagbag.py","lineno":469}
{"timestamp":"2026-04-16T23:02:28.522270Z","level":"info","event":"Filling up the DagBag from /opt/airflow/dags/pipeline_dags.py","logger":"airflow.dag_processing.dagbag.BundleDagBag","filename":"dagbag.py","lineno":469}
{"timestamp":"2026-04-16T23:03:02.872684Z","level":"info","event":"Filling up the DagBag from /opt/airflow/dags/pipeline_dags.py","logger":"airflow.dag_processing.dagbag.BundleDagBag","filename":"dagbag.py","lineno":469}
{"timestamp":"2026-04-16T23:03:40.718035Z","level":"info","event":"Filling up the DagBag from /opt/airflow/dags/pipeline_dags.py","logger":"airflow.dag_processing.dagbag.BundleDagBag","filename":"dagbag.py","lineno":469}
{"timestamp":"2026-04-16T23:04:16.309545Z","level":"info","event":"Filling up the DagBag from /opt/airflow/dags/pipeline_dags.py","logger":"airflow.dag_processing.dagbag.BundleDagBag","filename":"dagbag.py","lineno":469}
{"timestamp":"2026-04-16T23:04:50.442905Z","level":"info","event":"Filling up the DagBag from /opt/airflow/dags/pipeline_dags.py","logger":"airflow.dag_processing.dagbag.BundleDagBag","filename":"dagbag.py","lineno":469}
{"timestamp":"2026-04-16T23:05:26.304190Z","level":"info","event":"Filling up the DagBag from /opt/airflow/dags/pipeline_dags.py","logger":"airflow.dag_processing.dagbag.BundleDagBag","filename":"dagbag.py","lineno":469}
{"timestamp":"2026-04-16T23:08:58.741235Z","level":"info","event":"Filling up the DagBag from /opt/airflow/dags/pipeline_dags.py","logger":"airflow.dag_processing.dagbag.BundleDagBag","filename":"dagbag.py","lineno":469}
{"timestamp":"2026-04-16T23:09:34.936185Z","level":"info","event":"Filling up the DagBag from /opt/airflow/dags/pipeline_dags.py","logger":"airflow.dag_processing.dagbag.BundleDagBag","filename":"dagbag.py","lineno":469}
{"timestamp":"2026-04-16T23:10:08.956900Z","level":"info","event":"Filling up the DagBag from /opt/airflow/dags/pipeline_dags.py","logger":"airflow.dag_processing.dagbag.BundleDagBag","filename":"dagbag.py","lineno":469}
{"timestamp":"2026-04-16T23:10:45.673389Z","level":"info","event":"Filling up the DagBag from /opt/airflow/dags/pipeline_dags.py","logger":"airflow.dag_processing.dagbag.BundleDagBag","filename":"dagbag.py","lineno":469}
{"timestamp":"2026-04-16T23:11:18.212442Z","level":"info","event":"Filling up the DagBag from /opt/airflow/dags/pipeline_dags.py","logger":"airflow.dag_processing.dagbag.BundleDagBag","filename":"dagbag.py","lineno":469}
{"timestamp":"2026-04-16T23:11:51.101620Z","level":"info","event":"Filling up the DagBag from /opt/airflow/dags/pipeline_dags.py","logger":"airflow.dag_processing.dagbag.BundleDagBag","filename":"dagbag.py","lineno":469}
{"timestamp":"2026-04-16T23:12:24.171611Z","level":"info","event":"Filling up the DagBag from /opt/airflow/dags/pipeline_dags.py","logger":"airflow.dag_processing.dagbag.BundleDagBag","filename":"dagbag.py","lineno":469}
{"timestamp":"2026-04-16T23:12:57.561195Z","level":"info","event":"Filling up the DagBag from /opt/airflow/dags/pipeline_dags.py","logger":"airflow.dag_processing.dagbag.BundleDagBag","filename":"dagbag.py","lineno":469}
{"timestamp":"2026-04-16T23:13:29.563573Z","level":"info","event":"Filling up the DagBag from /opt/airflow/dags/pipeline_dags.py","logger":"airflow.dag_processing.dagbag.BundleDagBag","filename":"dagbag.py","lineno":469}
{"timestamp":"2026-04-16T23:14:02.394449Z","level":"info","event":"Filling up the DagBag from /opt/airflow/dags/pipeline_dags.py","logger":"airflow.dag_processing.dagbag.BundleDagBag","filename":"dagbag.py","lineno":469}
{"timestamp":"2026-04-16T23:14:35.284535Z","level":"info","event":"Filling up the DagBag from /opt/airflow/dags/pipeline_dags.py","logger":"airflow.dag_processing.dagbag.BundleDagBag","filename":"dagbag.py","lineno":469}
{"timestamp":"2026-04-16T23:15:07.066579Z","level":"info","event":"Filling up the DagBag from /opt/airflow/dags/pipeline_dags.py","logger":"airflow.dag_processing.dagbag.BundleDagBag","filename":"dagbag.py","lineno":469}
{"timestamp":"2026-04-16T23:15:38.816009Z","level":"info","event":"Filling up the DagBag from /opt/airflow/dags/pipeline_dags.py","logger":"airflow.dag_processing.dagbag.BundleDagBag","filename":"dagbag.py","lineno":469}
{"timestamp":"2026-04-16T23:16:13.293407Z","level":"info","event":"Filling up the DagBag from /opt/airflow/dags/pipeline_dags.py","logger":"airflow.dag_processing.dagbag.BundleDagBag","filename":"dagbag.py","lineno":469}
{"timestamp":"2026-04-16T23:16:46.556605Z","level":"info","event":"Filling up the DagBag from /opt/airflow/dags/pipeline_dags.py","logger":"airflow.dag_processing.dagbag.BundleDagBag","filename":"dagbag.py","lineno":469}
{"timestamp":"2026-04-16T23:17:20.828307Z","level":"info","event":"Filling up the DagBag from /opt/airflow/dags/pipeline_dags.py","logger":"airflow.dag_processing.dagbag.BundleDagBag","filename":"dagbag.py","lineno":469}
{"timestamp":"2026-04-16T23:17:54.352228Z","level":"info","event":"Filling up the DagBag from /opt/airflow/dags/pipeline_dags.py","logger":"airflow.dag_processing.dagbag.BundleDagBag","filename":"dagbag.py","lineno":469}
{"timestamp":"2026-04-16T23:18:27.957808Z","level":"info","event":"Filling up the DagBag from /opt/airflow/dags/pipeline_dags.py","logger":"airflow.dag_processing.dagbag.BundleDagBag","filename":"dagbag.py","lineno":469}
{"timestamp":"2026-04-16T23:19:00.597897Z","level":"info","event":"Filling up the DagBag from /opt/airflow/dags/pipeline_dags.py","logger":"airflow.dag_processing.dagbag.BundleDagBag","filename":"dagbag.py","lineno":469}
{"timestamp":"2026-04-16T23:19:32.619291Z","level":"info","event":"Filling up the DagBag from /opt/airflow/dags/pipeline_dags.py","logger":"airflow.dag_processing.dagbag.BundleDagBag","filename":"dagbag.py","lineno":469}
{"timestamp":"2026-04-16T23:20:05.786142Z","level":"info","event":"Filling up the DagBag from /opt/airflow/dags/pipeline_dags.py","logger":"airflow.dag_processing.dagbag.BundleDagBag","filename":"dagbag.py","lineno":469}
{"timestamp":"2026-04-16T23:20:38.515494Z","level":"info","event":"Filling up the DagBag from /opt/airflow/dags/pipeline_dags.py","logger":"airflow.dag_processing.dagbag.BundleDagBag","filename":"dagbag.py","lineno":469}
{"timestamp":"2026-04-16T23:28:11.573566Z","level":"info","event":"Filling up the DagBag from /opt/airflow/dags/pipeline_dags.py","logger":"airflow.dag_processing.dagbag.BundleDagBag","filename":"dagbag.py","lineno":469}
{"timestamp":"2026-04-16T23:32:46.604724Z","level":"info","event":"Filling up the DagBag from /opt/airflow/dags/pipeline_dags.py","logger":"airflow.dag_processing.dagbag.BundleDagBag","filename":"dagbag.py","lineno":469}
{"timestamp":"2026-04-16T23:33:24.089346Z","level":"info","event":"Filling up the DagBag from /opt/airflow/dags/pipeline_dags.py","logger":"airflow.dag_processing.dagbag.BundleDagBag","filename":"dagbag.py","lineno":469}
{"timestamp":"2026-04-16T23:33:58.827034Z","level":"info","event":"Filling up the DagBag from /opt/airflow/dags/pipeline_dags.py","logger":"airflow.dag_processing.dagbag.BundleDagBag","filename":"dagbag.py","lineno":469}
{"timestamp":"2026-04-16T23:34:31.921979Z","level":"info","event":"Filling up the DagBag from /opt/airflow/dags/pipeline_dags.py","logger":"airflow.dag_processing.dagbag.BundleDagBag","filename":"dagbag.py","lineno":469}
{"timestamp":"2026-04-16T23:35:04.115658Z","level":"info","event":"Filling up the DagBag from /opt/airflow/dags/pipeline_dags.py","logger":"airflow.dag_processing.dagbag.BundleDagBag","filename":"dagbag.py","lineno":469}
{"timestamp":"2026-04-16T23:35:37.488204Z","level":"info","event":"Filling up the DagBag from /opt/airflow/dags/pipeline_dags.py","logger":"airflow.dag_processing.dagbag.BundleDagBag","filename":"dagbag.py","lineno":469}
{"timestamp":"2026-04-16T23:36:11.247492Z","level":"info","event":"Filling up the DagBag from /opt/airflow/dags/pipeline_dags.py","logger":"airflow.dag_processing.dagbag.BundleDagBag","filename":"dagbag.py","lineno":469}
{"timestamp":"2026-04-16T23:36:50.465700Z","level":"info","event":"Filling up the DagBag from /opt/airflow/dags/pipeline_dags.py","logger":"airflow.dag_processing.dagbag.BundleDagBag","filename":"dagbag.py","lineno":469}
{"timestamp":"2026-04-16T23:37:23.580560Z","level":"info","event":"Filling up the DagBag from /opt/airflow/dags/pipeline_dags.py","logger":"airflow.dag_processing.dagbag.BundleDagBag","filename":"dagbag.py","lineno":469}
{"timestamp":"2026-04-16T23:37:59.555272Z","level":"info","event":"Filling up the DagBag from /opt/airflow/dags/pipeline_dags.py","logger":"airflow.dag_processing.dagbag.BundleDagBag","filename":"dagbag.py","lineno":469}
{"timestamp":"2026-04-16T23:38:43.184705Z","level":"info","event":"Filling up the DagBag from /opt/airflow/dags/pipeline_dags.py","logger":"airflow.dag_processing.dagbag.BundleDagBag","filename":"dagbag.py","lineno":469}
{"timestamp":"2026-04-16T23:39:21.472271Z","level":"info","event":"Filling up the DagBag from /opt/airflow/dags/pipeline_dags.py","logger":"airflow.dag_processing.dagbag.BundleDagBag","filename":"dagbag.py","lineno":469}
{"timestamp":"2026-04-16T23:36:37.139079Z","level":"info","event":"Filling up the DagBag from /opt/airflow/dags/pipeline_dags.py","logger":"airflow.dag_processing.dagbag.BundleDagBag","filename":"dagbag.py","lineno":469}
{"timestamp":"2026-04-16T23:40:43.502828Z","level":"info","event":"Filling up the DagBag from /opt/airflow/dags/pipeline_dags.py","logger":"airflow.dag_processing.dagbag.BundleDagBag","filename":"dagbag.py","lineno":469}
{"timestamp":"2026-04-16T23:41:17.539630Z","level":"info","event":"Filling up the DagBag from /opt/airflow/dags/pipeline_dags.py","logger":"airflow.dag_processing.dagbag.BundleDagBag","filename":"dagbag.py","lineno":469}
{"timestamp":"2026-04-16T23:41:50.333531Z","level":"info","event":"Filling up the DagBag from /opt/airflow/dags/pipeline_dags.py","logger":"airflow.dag_processing.dagbag.BundleDagBag","filename":"dagbag.py","lineno":469}
{"timestamp":"2026-04-16T23:42:23.281432Z","level":"info","event":"Filling up the DagBag from /opt/airflow/dags/pipeline_dags.py","logger":"airflow.dag_processing.dagbag.BundleDagBag","filename":"dagbag.py","lineno":469}
{"timestamp":"2026-04-16T23:42:56.145810Z","level":"info","event":"Filling up the DagBag from /opt/airflow/dags/pipeline_dags.py","logger":"airflow.dag_processing.dagbag.BundleDagBag","filename":"dagbag.py","lineno":469}
{"timestamp":"2026-04-16T23:43:29.826714Z","level":"info","event":"Filling up the DagBag from /opt/airflow/dags/pipeline_dags.py","logger":"airflow.dag_processing.dagbag.BundleDagBag","filename":"dagbag.py","lineno":469}
{"timestamp":"2026-04-16T23:52:30.721374Z","level":"info","event":"Filling up the DagBag from /opt/airflow/dags/pipeline_dags.py","logger":"airflow.dag_processing.dagbag.BundleDagBag","filename":"dagbag.py","lineno":469}
{"timestamp":"2026-04-16T23:52:39.971143Z","level":"info","event":"Filling up the DagBag from /opt/airflow/dags/pipeline_dags.py","logger":"airflow.dag_processing.dagbag.BundleDagBag","filename":"dagbag.py","lineno":469}
{"timestamp":"2026-04-16T23:52:53.489881Z","level":"warning","event":"Callback requested but no callback found","dag_id":"data_pipeline","task_id":"fetch_raw_data__1","run_id":"manual__2026-04-16T23:43:14.649934+00:00","ti_id":"019d98ad-69f6-7c9f-afdd-d5eca8e19c55","logger":"task","filename":"processor.py","lineno":383}
{"timestamp":"2026-04-16T23:52:53.493053Z","level":"warning","event":"Callback requested but no callback found","dag_id":"data_pipeline","task_id":"fetch_raw_data","run_id":"manual__2026-04-16T23:43:14.649934+00:00","ti_id":"019d98ad-69f5-72c8-848b-f9de6ec65f9c","logger":"task","filename":"processor.py","lineno":383}
{"timestamp":"2026-04-16T23:52:53.774823Z","level":"info","event":"Filling up the DagBag from /opt/airflow/dags/pipeline_dags.py","logger":"airflow.dag_processing.dagbag.BundleDagBag","filename":"dagbag.py","lineno":469}
{"timestamp":"2026-04-16T23:53:37.522471Z","level":"info","event":"Filling up the DagBag from /opt/airflow/dags/pipeline_dags.py","logger":"airflow.dag_processing.dagbag.BundleDagBag","filename":"dagbag.py","lineno":469}
{"timestamp":"2026-04-16T23:54:09.407186Z","level":"error","event":"Process timed out, PID: 508","logger":"airflow.dag_processing.importers.python_importer","filename":"python_importer.py","lineno":62}
{"timestamp":"2026-04-16T23:54:09.415153Z","level":"error","event":"Failed to import: /opt/airflow/dags/pipeline_dags.py","logger":"airflow.dag_processing.importers.python_importer","filename":"python_importer.py","lineno":244,"error_detail":[{"exc_type":"AirflowTaskTimeout","exc_value":"DagBag import timeout for /opt/airflow/dags/pipeline_dags.py after 30.0s.\nPlease take a look at these docs to improve your DAG import time:\n* https://airflow.apache.org/docs/apache-airflow/3.2.0/best-practices.html#top-level-python-code\n* https://airflow.apache.org/docs/apache-airflow/3.2.0/best-practices.html#reducing-dag-complexity, PID: 508","exc_notes":[],"syntax_error":null,"is_cause":false,"frames":[{"filename":"/home/airflow/.local/lib/python3.13/site-packages/airflow/dag_processing/importers/python_importer.py","lineno":238,"name":"parse"},{"filename":"<frozen importlib._bootstrap_external>","lineno":1023,"name":"exec_module"},{"filename":"<frozen importlib._bootstrap>","lineno":488,"name":"_call_with_frames_removed"},{"filename":"/opt/airflow/dags/pipeline_dags.py","lineno":4,"name":"<module>"},{"filename":"/opt/airflow/data_ingestion/fetch_data.py","lineno":2,"name":"<module>"},{"filename":"/home/airflow/.local/lib/python3.13/site-packages/yfinance/__init__.py","lineno":23,"name":"<module>"},{"filename":"/home/airflow/.local/lib/python3.13/site-packages/yfinance/search.py","lineno":24,"name":"<module>"},{"filename":"/home/airflow/.local/lib/python3.13/site-packages/yfinance/utils.py","lineno":37,"name":"<module>"},{"filename":"/home/airflow/.local/lib/python3.13/site-packages/pandas/__init__.py","lineno":26,"name":"<module>"},{"filename":"/home/airflow/.local/lib/python3.13/site-packages/pandas/compat/__init__.py","lineno":29,"name":"<module>"},{"filename":"/home/airflow/.local/lib/python3.13/site-packages/pandas/compat/pyarrow.py","lineno":8,"name":"<module>"},{"filename":"/home/airflow/.local/lib/python3.13/site-packages/pyarrow/__init__.py","lineno":59,"name":"<module>"},{"filename":"<frozen importlib._bootstrap>","lineno":645,"name":"parent"},{"filename":"/home/airflow/.local/lib/python3.13/site-packages/airflow/dag_processing/importers/python_importer.py","lineno":65,"name":"handle_timeout"}],"is_group":false,"exceptions":[]}]}
{"timestamp":"2026-04-16T23:54:09.481250Z","level":"error","event":"Error loading DAG from pipeline_dags.py: DagBag import timeout for /opt/airflow/dags/pipeline_dags.py after 30.0s.\nPlease take a look at these docs to improve your DAG import time:\n* https://airflow.apache.org/docs/apache-airflow/3.2.0/best-practices.html#top-level-python-code\n* https://airflow.apache.org/docs/apache-airflow/3.2.0/best-practices.html#reducing-dag-complexity, PID: 508","logger":"airflow.dag_processing.dagbag.BundleDagBag","filename":"dagbag.py","lineno":327}
{"timestamp":"2026-04-16T23:55:04.454883Z","level":"info","event":"Filling up the DagBag from /opt/airflow/dags/pipeline_dags.py","logger":"airflow.dag_processing.dagbag.BundleDagBag","filename":"dagbag.py","lineno":469}
{"timestamp":"2026-04-16T23:56:06.559488Z","level":"info","event":"Filling up the DagBag from /opt/airflow/dags/pipeline_dags.py","logger":"airflow.dag_processing.dagbag.BundleDagBag","filename":"dagbag.py","lineno":469}
{"timestamp":"2026-04-16T23:57:25.438559Z","level":"error","event":"Process timed out, PID: 533","logger":"airflow.dag_processing.importers.python_importer","filename":"python_importer.py","lineno":62}
{"timestamp":"2026-04-16T23:57:47.455637Z","level":"error","event":"Failed to import: /opt/airflow/dags/pipeline_dags.py","logger":"airflow.dag_processing.importers.python_importer","filename":"python_importer.py","lineno":244,"error_detail":[{"exc_type":"AirflowTaskTimeout","exc_value":"DagBag import timeout for /opt/airflow/dags/pipeline_dags.py after 30.0s.\nPlease take a look at these docs to improve your DAG import time:\n* https://airflow.apache.org/docs/apache-airflow/3.2.0/best-practices.html#top-level-python-code\n* https://airflow.apache.org/docs/apache-airflow/3.2.0/best-practices.html#reducing-dag-complexity, PID: 533","exc_notes":[],"syntax_error":null,"is_cause":false,"frames":[{"filename":"/home/airflow/.local/lib/python3.13/site-packages/airflow/dag_processing/importers/python_importer.py","lineno":238,"name":"parse"},{"filename":"<frozen importlib._bootstrap_external>","lineno":1023,"name":"exec_module"},{"filename":"<frozen importlib._bootstrap>","lineno":488,"name":"_call_with_frames_removed"},{"filename":"/opt/airflow/dags/pipeline_dags.py","lineno":4,"name":"<module>"},{"filename":"/opt/airflow/data_ingestion/fetch_data.py","lineno":2,"name":"<module>"},{"filename":"/home/airflow/.local/lib/python3.13/site-packages/yfinance/__init__.py","lineno":23,"name":"<module>"},{"filename":"/home/airflow/.local/lib/python3.13/site-packages/yfinance/search.py","lineno":27,"name":"<module>"},{"filename":"/home/airflow/.local/lib/python3.13/site-packages/yfinance/data.py","lineno":8,"name":"<module>"},{"filename":"/home/airflow/.local/lib/python3.13/site-packages/bs4/__init__.py","lineno":65,"name":"<module>"},{"filename":"/home/airflow/.local/lib/python3.13/site-packages/bs4/builder/__init__.py","lineno":832,"name":"<module>"},{"filename":"/home/airflow/.local/lib/python3.13/site-packages/bs4/builder/_htmlparser.py","lineno":12,"name":"<module>"},{"filename":"/usr/python/lib/python3.13/html/parser.py","lineno":45,"name":"<module>"},{"filename":"/usr/python/lib/python3.13/re/__init__.py","lineno":289,"name":"compile"},{"filename":"/usr/python/lib/python3.13/re/__init__.py","lineno":350,"name":"_compile"},{"filename":"/usr/python/lib/python3.13/re/_compiler.py","lineno":752,"name":"compile"},{"filename":"/usr/python/lib/python3.13/re/_compiler.py","lineno":585,"name":"_code"},{"filename":"/usr/python/lib/python3.13/re/_compiler.py","lineno":117,"name":"_compile"},{"filename":"/usr/python/lib/python3.13/re/_compiler.py","lineno":126,"name":"_compile"},{"filename":"/usr/python/lib/python3.13/re/_compiler.py","lineno":109,"name":"_compile"},{"filename":"/usr/python/lib/python3.13/re/_compiler.py","lineno":56,"name":"_compile"},{"filename":"/usr/python/lib/python3.13/re/_parser.py","lineno":167,"name":"__getitem__"},{"filename":"/home/airflow/.local/lib/python3.13/site-packages/airflow/dag_processing/importers/python_importer.py","lineno":65,"name":"handle_timeout"}],"is_group":false,"exceptions":[]}]}
{"timestamp":"2026-04-16T23:59:23.773733Z","level":"error","event":"Error loading DAG from pipeline_dags.py: DagBag import timeout for /opt/airflow/dags/pipeline_dags.py after 30.0s.\nPlease take a look at these docs to improve your DAG import time:\n* https://airflow.apache.org/docs/apache-airflow/3.2.0/best-practices.html#top-level-python-code\n* https://airflow.apache.org/docs/apache-airflow/3.2.0/best-practices.html#reducing-dag-complexity, PID: 533","logger":"airflow.dag_processing.dagbag.BundleDagBag","filename":"dagbag.py","lineno":327}
