{"timestamp":"2026-04-12T00:02:07.570149Z","level":"info","event":"Filling up the DagBag from /opt/airflow/dags/pipeline_dags.py","logger":"airflow.dag_processing.dagbag.BundleDagBag","filename":"dagbag.py","lineno":469}
{"timestamp":"2026-04-12T00:02:57.538175Z","level":"info","event":"Filling up the DagBag from /opt/airflow/dags/pipeline_dags.py","logger":"airflow.dag_processing.dagbag.BundleDagBag","filename":"dagbag.py","lineno":469}
{"timestamp":"2026-04-12T00:03:31.828159Z","level":"info","event":"Filling up the DagBag from /opt/airflow/dags/pipeline_dags.py","logger":"airflow.dag_processing.dagbag.BundleDagBag","filename":"dagbag.py","lineno":469}
{"timestamp":"2026-04-12T00:04:06.397726Z","level":"info","event":"Filling up the DagBag from /opt/airflow/dags/pipeline_dags.py","logger":"airflow.dag_processing.dagbag.BundleDagBag","filename":"dagbag.py","lineno":469}
{"timestamp":"2026-04-12T00:04:55.451179Z","level":"info","event":"Filling up the DagBag from /opt/airflow/dags/pipeline_dags.py","logger":"airflow.dag_processing.dagbag.BundleDagBag","filename":"dagbag.py","lineno":469}
{"timestamp":"2026-04-12T00:05:26.981155Z","level":"error","event":"Process timed out, PID: 158","logger":"airflow.dag_processing.importers.python_importer","filename":"python_importer.py","lineno":62}
{"timestamp":"2026-04-12T00:05:26.989807Z","level":"error","event":"Failed to import: /opt/airflow/dags/pipeline_dags.py","logger":"airflow.dag_processing.importers.python_importer","filename":"python_importer.py","lineno":244,"error_detail":[{"exc_type":"AirflowTaskTimeout","exc_value":"DagBag import timeout for /opt/airflow/dags/pipeline_dags.py after 30.0s.\nPlease take a look at these docs to improve your DAG import time:\n* https://airflow.apache.org/docs/apache-airflow/3.2.0/best-practices.html#top-level-python-code\n* https://airflow.apache.org/docs/apache-airflow/3.2.0/best-practices.html#reducing-dag-complexity, PID: 158","exc_notes":[],"syntax_error":null,"is_cause":false,"frames":[{"filename":"/home/airflow/.local/lib/python3.13/site-packages/airflow/dag_processing/importers/python_importer.py","lineno":238,"name":"parse"},{"filename":"<frozen importlib._bootstrap_external>","lineno":1023,"name":"exec_module"},{"filename":"<frozen importlib._bootstrap>","lineno":488,"name":"_call_with_frames_removed"},{"filename":"/opt/airflow/dags/pipeline_dags.py","lineno":4,"name":"<module>"},{"filename":"/opt/airflow/data_ingestion/fetch_data.py","lineno":2,"name":"<module>"},{"filename":"/home/airflow/.local/lib/python3.13/site-packages/yfinance/__init__.py","lineno":23,"name":"<module>"},{"filename":"/home/airflow/.local/lib/python3.13/site-packages/yfinance/search.py","lineno":27,"name":"<module>"},{"filename":"/home/airflow/.local/lib/python3.13/site-packages/yfinance/data.py","lineno":8,"name":"<module>"},{"filename":"/home/airflow/.local/lib/python3.13/site-packages/bs4/__init__.py","lineno":65,"name":"<module>"},{"filename":"/home/airflow/.local/lib/python3.13/site-packages/bs4/builder/__init__.py","lineno":832,"name":"<module>"},{"filename":"/home/airflow/.local/lib/python3.13/site-packages/bs4/builder/_htmlparser.py","lineno":12,"name":"<module>"},{"filename":"/usr/python/lib/python3.13/html/parser.py","lineno":45,"name":"<module>"},{"filename":"/usr/python/lib/python3.13/re/__init__.py","lineno":289,"name":"compile"},{"filename":"/usr/python/lib/python3.13/re/__init__.py","lineno":359,"name":"_compile"},{"filename":"/home/airflow/.local/lib/python3.13/site-packages/airflow/dag_processing/importers/python_importer.py","lineno":65,"name":"handle_timeout"}],"is_group":false,"exceptions":[]}]}
{"timestamp":"2026-04-12T00:05:27.053156Z","level":"error","event":"Error loading DAG from pipeline_dags.py: DagBag import timeout for /opt/airflow/dags/pipeline_dags.py after 30.0s.\nPlease take a look at these docs to improve your DAG import time:\n* https://airflow.apache.org/docs/apache-airflow/3.2.0/best-practices.html#top-level-python-code\n* https://airflow.apache.org/docs/apache-airflow/3.2.0/best-practices.html#reducing-dag-complexity, PID: 158","logger":"airflow.dag_processing.dagbag.BundleDagBag","filename":"dagbag.py","lineno":327}
{"timestamp":"2026-04-12T00:05:57.996164Z","level":"info","event":"Filling up the DagBag from /opt/airflow/dags/pipeline_dags.py","logger":"airflow.dag_processing.dagbag.BundleDagBag","filename":"dagbag.py","lineno":469}
{"timestamp":"2026-04-12T00:06:34.003266Z","level":"info","event":"Filling up the DagBag from /opt/airflow/dags/pipeline_dags.py","logger":"airflow.dag_processing.dagbag.BundleDagBag","filename":"dagbag.py","lineno":469}
{"timestamp":"2026-04-12T00:07:08.863491Z","level":"info","event":"Filling up the DagBag from /opt/airflow/dags/pipeline_dags.py","logger":"airflow.dag_processing.dagbag.BundleDagBag","filename":"dagbag.py","lineno":469}
{"timestamp":"2026-04-12T00:07:42.990349Z","level":"info","event":"Filling up the DagBag from /opt/airflow/dags/pipeline_dags.py","logger":"airflow.dag_processing.dagbag.BundleDagBag","filename":"dagbag.py","lineno":469}
{"timestamp":"2026-04-12T00:08:17.370533Z","level":"info","event":"Filling up the DagBag from /opt/airflow/dags/pipeline_dags.py","logger":"airflow.dag_processing.dagbag.BundleDagBag","filename":"dagbag.py","lineno":469}
{"timestamp":"2026-04-12T00:08:50.445991Z","level":"info","event":"Filling up the DagBag from /opt/airflow/dags/pipeline_dags.py","logger":"airflow.dag_processing.dagbag.BundleDagBag","filename":"dagbag.py","lineno":469}
{"timestamp":"2026-04-12T00:09:26.667308Z","level":"info","event":"Filling up the DagBag from /opt/airflow/dags/pipeline_dags.py","logger":"airflow.dag_processing.dagbag.BundleDagBag","filename":"dagbag.py","lineno":469}
{"timestamp":"2026-04-12T00:10:11.785188Z","level":"info","event":"Filling up the DagBag from /opt/airflow/dags/pipeline_dags.py","logger":"airflow.dag_processing.dagbag.BundleDagBag","filename":"dagbag.py","lineno":469}
{"timestamp":"2026-04-12T00:10:45.241528Z","level":"info","event":"Filling up the DagBag from /opt/airflow/dags/pipeline_dags.py","logger":"airflow.dag_processing.dagbag.BundleDagBag","filename":"dagbag.py","lineno":469}
{"timestamp":"2026-04-12T00:11:19.520422Z","level":"info","event":"Filling up the DagBag from /opt/airflow/dags/pipeline_dags.py","logger":"airflow.dag_processing.dagbag.BundleDagBag","filename":"dagbag.py","lineno":469}
{"timestamp":"2026-04-12T00:11:53.110318Z","level":"info","event":"Filling up the DagBag from /opt/airflow/dags/pipeline_dags.py","logger":"airflow.dag_processing.dagbag.BundleDagBag","filename":"dagbag.py","lineno":469}
{"timestamp":"2026-04-12T00:12:26.825121Z","level":"info","event":"Filling up the DagBag from /opt/airflow/dags/pipeline_dags.py","logger":"airflow.dag_processing.dagbag.BundleDagBag","filename":"dagbag.py","lineno":469}
{"timestamp":"2026-04-12T00:13:02.342022Z","level":"info","event":"Filling up the DagBag from /opt/airflow/dags/pipeline_dags.py","logger":"airflow.dag_processing.dagbag.BundleDagBag","filename":"dagbag.py","lineno":469}
{"timestamp":"2026-04-12T00:13:35.754100Z","level":"info","event":"Filling up the DagBag from /opt/airflow/dags/pipeline_dags.py","logger":"airflow.dag_processing.dagbag.BundleDagBag","filename":"dagbag.py","lineno":469}
{"timestamp":"2026-04-12T00:14:09.477996Z","level":"info","event":"Filling up the DagBag from /opt/airflow/dags/pipeline_dags.py","logger":"airflow.dag_processing.dagbag.BundleDagBag","filename":"dagbag.py","lineno":469}
{"timestamp":"2026-04-12T00:14:44.972808Z","level":"info","event":"Filling up the DagBag from /opt/airflow/dags/pipeline_dags.py","logger":"airflow.dag_processing.dagbag.BundleDagBag","filename":"dagbag.py","lineno":469}
{"timestamp":"2026-04-12T00:15:19.052048Z","level":"info","event":"Filling up the DagBag from /opt/airflow/dags/pipeline_dags.py","logger":"airflow.dag_processing.dagbag.BundleDagBag","filename":"dagbag.py","lineno":469}
{"timestamp":"2026-04-12T00:15:53.802911Z","level":"info","event":"Filling up the DagBag from /opt/airflow/dags/pipeline_dags.py","logger":"airflow.dag_processing.dagbag.BundleDagBag","filename":"dagbag.py","lineno":469}
{"timestamp":"2026-04-12T00:16:27.812371Z","level":"info","event":"Filling up the DagBag from /opt/airflow/dags/pipeline_dags.py","logger":"airflow.dag_processing.dagbag.BundleDagBag","filename":"dagbag.py","lineno":469}
{"timestamp":"2026-04-12T00:17:01.951708Z","level":"info","event":"Filling up the DagBag from /opt/airflow/dags/pipeline_dags.py","logger":"airflow.dag_processing.dagbag.BundleDagBag","filename":"dagbag.py","lineno":469}
{"timestamp":"2026-04-12T00:17:35.413199Z","level":"info","event":"Filling up the DagBag from /opt/airflow/dags/pipeline_dags.py","logger":"airflow.dag_processing.dagbag.BundleDagBag","filename":"dagbag.py","lineno":469}
{"timestamp":"2026-04-12T00:18:09.754546Z","level":"info","event":"Filling up the DagBag from /opt/airflow/dags/pipeline_dags.py","logger":"airflow.dag_processing.dagbag.BundleDagBag","filename":"dagbag.py","lineno":469}
{"timestamp":"2026-04-12T00:18:46.357384Z","level":"info","event":"Filling up the DagBag from /opt/airflow/dags/pipeline_dags.py","logger":"airflow.dag_processing.dagbag.BundleDagBag","filename":"dagbag.py","lineno":469}
{"timestamp":"2026-04-12T00:19:19.882190Z","level":"info","event":"Filling up the DagBag from /opt/airflow/dags/pipeline_dags.py","logger":"airflow.dag_processing.dagbag.BundleDagBag","filename":"dagbag.py","lineno":469}
{"timestamp":"2026-04-12T00:19:53.752641Z","level":"info","event":"Filling up the DagBag from /opt/airflow/dags/pipeline_dags.py","logger":"airflow.dag_processing.dagbag.BundleDagBag","filename":"dagbag.py","lineno":469}
{"timestamp":"2026-04-12T00:20:27.778628Z","level":"info","event":"Filling up the DagBag from /opt/airflow/dags/pipeline_dags.py","logger":"airflow.dag_processing.dagbag.BundleDagBag","filename":"dagbag.py","lineno":469}
{"timestamp":"2026-04-12T00:21:01.422238Z","level":"info","event":"Filling up the DagBag from /opt/airflow/dags/pipeline_dags.py","logger":"airflow.dag_processing.dagbag.BundleDagBag","filename":"dagbag.py","lineno":469}
{"timestamp":"2026-04-12T00:21:34.365777Z","level":"info","event":"Filling up the DagBag from /opt/airflow/dags/pipeline_dags.py","logger":"airflow.dag_processing.dagbag.BundleDagBag","filename":"dagbag.py","lineno":469}
{"timestamp":"2026-04-12T00:22:09.047136Z","level":"info","event":"Filling up the DagBag from /opt/airflow/dags/pipeline_dags.py","logger":"airflow.dag_processing.dagbag.BundleDagBag","filename":"dagbag.py","lineno":469}
{"timestamp":"2026-04-12T00:22:43.687633Z","level":"info","event":"Filling up the DagBag from /opt/airflow/dags/pipeline_dags.py","logger":"airflow.dag_processing.dagbag.BundleDagBag","filename":"dagbag.py","lineno":469}
{"timestamp":"2026-04-12T00:23:18.474017Z","level":"info","event":"Filling up the DagBag from /opt/airflow/dags/pipeline_dags.py","logger":"airflow.dag_processing.dagbag.BundleDagBag","filename":"dagbag.py","lineno":469}
{"timestamp":"2026-04-12T00:24:17.025889Z","level":"info","event":"Filling up the DagBag from /opt/airflow/dags/pipeline_dags.py","logger":"airflow.dag_processing.dagbag.BundleDagBag","filename":"dagbag.py","lineno":469}
{"timestamp":"2026-04-12T00:24:50.485866Z","level":"info","event":"Filling up the DagBag from /opt/airflow/dags/pipeline_dags.py","logger":"airflow.dag_processing.dagbag.BundleDagBag","filename":"dagbag.py","lineno":469}
{"timestamp":"2026-04-12T00:25:25.944916Z","level":"info","event":"Filling up the DagBag from /opt/airflow/dags/pipeline_dags.py","logger":"airflow.dag_processing.dagbag.BundleDagBag","filename":"dagbag.py","lineno":469}
{"timestamp":"2026-04-12T00:26:01.943735Z","level":"info","event":"Filling up the DagBag from /opt/airflow/dags/pipeline_dags.py","logger":"airflow.dag_processing.dagbag.BundleDagBag","filename":"dagbag.py","lineno":469}
{"timestamp":"2026-04-12T00:26:35.389730Z","level":"info","event":"Filling up the DagBag from /opt/airflow/dags/pipeline_dags.py","logger":"airflow.dag_processing.dagbag.BundleDagBag","filename":"dagbag.py","lineno":469}
{"timestamp":"2026-04-12T12:01:25.140943Z","level":"info","event":"Filling up the DagBag from /opt/airflow/dags/pipeline_dags.py","logger":"airflow.dag_processing.dagbag.BundleDagBag","filename":"dagbag.py","lineno":469}
{"timestamp":"2026-04-12T12:02:20.379487Z","level":"info","event":"Filling up the DagBag from /opt/airflow/dags/pipeline_dags.py","logger":"airflow.dag_processing.dagbag.BundleDagBag","filename":"dagbag.py","lineno":469}
{"timestamp":"2026-04-12T12:02:54.062621Z","level":"info","event":"Filling up the DagBag from /opt/airflow/dags/pipeline_dags.py","logger":"airflow.dag_processing.dagbag.BundleDagBag","filename":"dagbag.py","lineno":469}
{"timestamp":"2026-04-12T12:03:30.137676Z","level":"info","event":"Filling up the DagBag from /opt/airflow/dags/pipeline_dags.py","logger":"airflow.dag_processing.dagbag.BundleDagBag","filename":"dagbag.py","lineno":469}
{"timestamp":"2026-04-12T12:04:08.922276Z","level":"info","event":"Filling up the DagBag from /opt/airflow/dags/pipeline_dags.py","logger":"airflow.dag_processing.dagbag.BundleDagBag","filename":"dagbag.py","lineno":469}
{"timestamp":"2026-04-12T12:04:43.359659Z","level":"info","event":"Filling up the DagBag from /opt/airflow/dags/pipeline_dags.py","logger":"airflow.dag_processing.dagbag.BundleDagBag","filename":"dagbag.py","lineno":469}
{"timestamp":"2026-04-12T12:05:17.525196Z","level":"info","event":"Filling up the DagBag from /opt/airflow/dags/pipeline_dags.py","logger":"airflow.dag_processing.dagbag.BundleDagBag","filename":"dagbag.py","lineno":469}
{"timestamp":"2026-04-12T12:05:51.287589Z","level":"info","event":"Filling up the DagBag from /opt/airflow/dags/pipeline_dags.py","logger":"airflow.dag_processing.dagbag.BundleDagBag","filename":"dagbag.py","lineno":469}
{"timestamp":"2026-04-12T12:06:29.947810Z","level":"info","event":"Filling up the DagBag from /opt/airflow/dags/pipeline_dags.py","logger":"airflow.dag_processing.dagbag.BundleDagBag","filename":"dagbag.py","lineno":469}
{"timestamp":"2026-04-12T12:07:05.461171Z","level":"info","event":"Filling up the DagBag from /opt/airflow/dags/pipeline_dags.py","logger":"airflow.dag_processing.dagbag.BundleDagBag","filename":"dagbag.py","lineno":469}
{"timestamp":"2026-04-12T12:07:39.957976Z","level":"info","event":"Filling up the DagBag from /opt/airflow/dags/pipeline_dags.py","logger":"airflow.dag_processing.dagbag.BundleDagBag","filename":"dagbag.py","lineno":469}
{"timestamp":"2026-04-12T12:08:14.022524Z","level":"info","event":"Filling up the DagBag from /opt/airflow/dags/pipeline_dags.py","logger":"airflow.dag_processing.dagbag.BundleDagBag","filename":"dagbag.py","lineno":469}
{"timestamp":"2026-04-12T12:08:48.786061Z","level":"info","event":"Filling up the DagBag from /opt/airflow/dags/pipeline_dags.py","logger":"airflow.dag_processing.dagbag.BundleDagBag","filename":"dagbag.py","lineno":469}
{"timestamp":"2026-04-12T12:09:22.663655Z","level":"info","event":"Filling up the DagBag from /opt/airflow/dags/pipeline_dags.py","logger":"airflow.dag_processing.dagbag.BundleDagBag","filename":"dagbag.py","lineno":469}
{"timestamp":"2026-04-12T12:09:56.167032Z","level":"info","event":"Filling up the DagBag from /opt/airflow/dags/pipeline_dags.py","logger":"airflow.dag_processing.dagbag.BundleDagBag","filename":"dagbag.py","lineno":469}
{"timestamp":"2026-04-12T12:10:33.126358Z","level":"info","event":"Filling up the DagBag from /opt/airflow/dags/pipeline_dags.py","logger":"airflow.dag_processing.dagbag.BundleDagBag","filename":"dagbag.py","lineno":469}
{"timestamp":"2026-04-12T12:11:07.637617Z","level":"info","event":"Filling up the DagBag from /opt/airflow/dags/pipeline_dags.py","logger":"airflow.dag_processing.dagbag.BundleDagBag","filename":"dagbag.py","lineno":469}
{"timestamp":"2026-04-12T12:11:42.110973Z","level":"info","event":"Filling up the DagBag from /opt/airflow/dags/pipeline_dags.py","logger":"airflow.dag_processing.dagbag.BundleDagBag","filename":"dagbag.py","lineno":469}
{"timestamp":"2026-04-12T12:12:15.821862Z","level":"info","event":"Filling up the DagBag from /opt/airflow/dags/pipeline_dags.py","logger":"airflow.dag_processing.dagbag.BundleDagBag","filename":"dagbag.py","lineno":469}
{"timestamp":"2026-04-12T12:12:49.310450Z","level":"info","event":"Filling up the DagBag from /opt/airflow/dags/pipeline_dags.py","logger":"airflow.dag_processing.dagbag.BundleDagBag","filename":"dagbag.py","lineno":469}
{"timestamp":"2026-04-12T12:13:22.506377Z","level":"info","event":"Filling up the DagBag from /opt/airflow/dags/pipeline_dags.py","logger":"airflow.dag_processing.dagbag.BundleDagBag","filename":"dagbag.py","lineno":469}
{"timestamp":"2026-04-12T12:13:57.445845Z","level":"info","event":"Filling up the DagBag from /opt/airflow/dags/pipeline_dags.py","logger":"airflow.dag_processing.dagbag.BundleDagBag","filename":"dagbag.py","lineno":469}
{"timestamp":"2026-04-12T12:14:32.832374Z","level":"info","event":"Filling up the DagBag from /opt/airflow/dags/pipeline_dags.py","logger":"airflow.dag_processing.dagbag.BundleDagBag","filename":"dagbag.py","lineno":469}
{"timestamp":"2026-04-12T12:15:07.196472Z","level":"info","event":"Filling up the DagBag from /opt/airflow/dags/pipeline_dags.py","logger":"airflow.dag_processing.dagbag.BundleDagBag","filename":"dagbag.py","lineno":469}
{"timestamp":"2026-04-12T12:15:40.749644Z","level":"info","event":"Filling up the DagBag from /opt/airflow/dags/pipeline_dags.py","logger":"airflow.dag_processing.dagbag.BundleDagBag","filename":"dagbag.py","lineno":469}
{"timestamp":"2026-04-12T12:16:14.854112Z","level":"info","event":"Filling up the DagBag from /opt/airflow/dags/pipeline_dags.py","logger":"airflow.dag_processing.dagbag.BundleDagBag","filename":"dagbag.py","lineno":469}
{"timestamp":"2026-04-12T12:16:48.477266Z","level":"info","event":"Filling up the DagBag from /opt/airflow/dags/pipeline_dags.py","logger":"airflow.dag_processing.dagbag.BundleDagBag","filename":"dagbag.py","lineno":469}
{"timestamp":"2026-04-12T12:17:22.206431Z","level":"info","event":"Filling up the DagBag from /opt/airflow/dags/pipeline_dags.py","logger":"airflow.dag_processing.dagbag.BundleDagBag","filename":"dagbag.py","lineno":469}
{"timestamp":"2026-04-12T12:17:57.231403Z","level":"info","event":"Filling up the DagBag from /opt/airflow/dags/pipeline_dags.py","logger":"airflow.dag_processing.dagbag.BundleDagBag","filename":"dagbag.py","lineno":469}
{"timestamp":"2026-04-12T12:18:33.680141Z","level":"info","event":"Filling up the DagBag from /opt/airflow/dags/pipeline_dags.py","logger":"airflow.dag_processing.dagbag.BundleDagBag","filename":"dagbag.py","lineno":469}
{"timestamp":"2026-04-12T12:19:07.885591Z","level":"info","event":"Filling up the DagBag from /opt/airflow/dags/pipeline_dags.py","logger":"airflow.dag_processing.dagbag.BundleDagBag","filename":"dagbag.py","lineno":469}
{"timestamp":"2026-04-12T12:19:48.702829Z","level":"info","event":"Filling up the DagBag from /opt/airflow/dags/pipeline_dags.py","logger":"airflow.dag_processing.dagbag.BundleDagBag","filename":"dagbag.py","lineno":469}
{"timestamp":"2026-04-12T12:20:23.063021Z","level":"info","event":"Filling up the DagBag from /opt/airflow/dags/pipeline_dags.py","logger":"airflow.dag_processing.dagbag.BundleDagBag","filename":"dagbag.py","lineno":469}
{"timestamp":"2026-04-12T12:20:57.732680Z","level":"info","event":"Filling up the DagBag from /opt/airflow/dags/pipeline_dags.py","logger":"airflow.dag_processing.dagbag.BundleDagBag","filename":"dagbag.py","lineno":469}
{"timestamp":"2026-04-12T12:27:27.683441Z","level":"info","event":"Filling up the DagBag from /opt/airflow/dags/pipeline_dags.py","logger":"airflow.dag_processing.dagbag.BundleDagBag","filename":"dagbag.py","lineno":469}
{"timestamp":"2026-04-12T12:27:58.683644Z","level":"error","event":"Process timed out, PID: 89","logger":"airflow.dag_processing.importers.python_importer","filename":"python_importer.py","lineno":62}
{"timestamp":"2026-04-12T12:27:58.686516Z","level":"error","event":"Failed to import: /opt/airflow/dags/pipeline_dags.py","logger":"airflow.dag_processing.importers.python_importer","filename":"python_importer.py","lineno":244,"error_detail":[{"exc_type":"AirflowTaskTimeout","exc_value":"DagBag import timeout for /opt/airflow/dags/pipeline_dags.py after 30.0s.\nPlease take a look at these docs to improve your DAG import time:\n* https://airflow.apache.org/docs/apache-airflow/3.2.0/best-practices.html#top-level-python-code\n* https://airflow.apache.org/docs/apache-airflow/3.2.0/best-practices.html#reducing-dag-complexity, PID: 89","exc_notes":[],"syntax_error":null,"is_cause":false,"frames":[{"filename":"/home/airflow/.local/lib/python3.13/site-packages/airflow/dag_processing/importers/python_importer.py","lineno":238,"name":"parse"},{"filename":"<frozen importlib._bootstrap_external>","lineno":1023,"name":"exec_module"},{"filename":"<frozen importlib._bootstrap>","lineno":488,"name":"_call_with_frames_removed"},{"filename":"/opt/airflow/dags/pipeline_dags.py","lineno":4,"name":"<module>"},{"filename":"/opt/airflow/data_ingestion/fetch_data.py","lineno":2,"name":"<module>"},{"filename":"/home/airflow/.local/lib/python3.13/site-packages/yfinance/__init__.py","lineno":26,"name":"<module>"},{"filename":"/home/airflow/.local/lib/python3.13/site-packages/yfinance/calendars.py","lineno":6,"name":"<module>"},{"filename":"/home/airflow/.local/lib/python3.13/site-packages/requests/__init__.py","lineno":43,"name":"<module>"},{"filename":"/home/airflow/.local/lib/python3.13/site-packages/urllib3/__init__.py","lineno":18,"name":"<module>"},{"filename":"/home/airflow/.local/lib/python3.13/site-packages/urllib3/connectionpool.py","lineno":15,"name":"<module>"},{"filename":"/home/airflow/.local/lib/python3.13/site-packages/urllib3/_request_methods.py","lineno":10,"name":"<module>"},{"filename":"/home/airflow/.local/lib/python3.13/site-packages/urllib3/response.py","lineno":31,"name":"<module>"},{"filename":"/home/airflow/.local/lib/python3.13/site-packages/airflow/dag_processing/importers/python_importer.py","lineno":65,"name":"handle_timeout"}],"is_group":false,"exceptions":[]}]}
{"timestamp":"2026-04-12T12:27:58.702550Z","level":"error","event":"Error loading DAG from pipeline_dags.py: DagBag import timeout for /opt/airflow/dags/pipeline_dags.py after 30.0s.\nPlease take a look at these docs to improve your DAG import time:\n* https://airflow.apache.org/docs/apache-airflow/3.2.0/best-practices.html#top-level-python-code\n* https://airflow.apache.org/docs/apache-airflow/3.2.0/best-practices.html#reducing-dag-complexity, PID: 89","logger":"airflow.dag_processing.dagbag.BundleDagBag","filename":"dagbag.py","lineno":327}
{"timestamp":"2026-04-12T12:28:34.547882Z","level":"info","event":"Filling up the DagBag from /opt/airflow/dags/pipeline_dags.py","logger":"airflow.dag_processing.dagbag.BundleDagBag","filename":"dagbag.py","lineno":469}
{"timestamp":"2026-04-12T12:29:06.699292Z","level":"error","event":"Process timed out, PID: 113","logger":"airflow.dag_processing.importers.python_importer","filename":"python_importer.py","lineno":62}
{"timestamp":"2026-04-12T12:29:06.758455Z","level":"error","event":"Failed to import: /opt/airflow/dags/pipeline_dags.py","logger":"airflow.dag_processing.importers.python_importer","filename":"python_importer.py","lineno":244,"error_detail":[{"exc_type":"AirflowTaskTimeout","exc_value":"DagBag import timeout for /opt/airflow/dags/pipeline_dags.py after 30.0s.\nPlease take a look at these docs to improve your DAG import time:\n* https://airflow.apache.org/docs/apache-airflow/3.2.0/best-practices.html#top-level-python-code\n* https://airflow.apache.org/docs/apache-airflow/3.2.0/best-practices.html#reducing-dag-complexity, PID: 113","exc_notes":[],"syntax_error":null,"is_cause":false,"frames":[{"filename":"/home/airflow/.local/lib/python3.13/site-packages/airflow/dag_processing/importers/python_importer.py","lineno":238,"name":"parse"},{"filename":"<frozen importlib._bootstrap_external>","lineno":1023,"name":"exec_module"},{"filename":"<frozen importlib._bootstrap>","lineno":488,"name":"_call_with_frames_removed"},{"filename":"/opt/airflow/dags/pipeline_dags.py","lineno":4,"name":"<module>"},{"filename":"/opt/airflow/data_ingestion/fetch_data.py","lineno":2,"name":"<module>"},{"filename":"/home/airflow/.local/lib/python3.13/site-packages/yfinance/__init__.py","lineno":23,"name":"<module>"},{"filename":"/home/airflow/.local/lib/python3.13/site-packages/yfinance/search.py","lineno":24,"name":"<module>"},{"filename":"/home/airflow/.local/lib/python3.13/site-packages/yfinance/utils.py","lineno":37,"name":"<module>"},{"filename":"/home/airflow/.local/lib/python3.13/site-packages/pandas/__init__.py","lineno":142,"name":"<module>"},{"filename":"/home/airflow/.local/lib/python3.13/site-packages/pandas/io/api.py","lineno":26,"name":"<module>"},{"filename":"<frozen importlib._bootstrap>","lineno":1360,"name":"_find_and_load"},{"filename":"<frozen importlib._bootstrap>","lineno":1331,"name":"_find_and_load_unlocked"},{"filename":"<frozen importlib._bootstrap>","lineno":935,"name":"_load_unlocked"},{"filename":"<frozen importlib._bootstrap_external>","lineno":1019,"name":"exec_module"},{"filename":"<frozen importlib._bootstrap_external>","lineno":1152,"name":"get_code"},{"filename":"<frozen importlib._bootstrap_external>","lineno":781,"name":"_compile_bytecode"},{"filename":"/home/airflow/.local/lib/python3.13/site-packages/airflow/dag_processing/importers/python_importer.py","lineno":65,"name":"handle_timeout"}],"is_group":false,"exceptions":[]}]}
{"timestamp":"2026-04-12T12:29:06.988053Z","level":"error","event":"Error loading DAG from pipeline_dags.py: DagBag import timeout for /opt/airflow/dags/pipeline_dags.py after 30.0s.\nPlease take a look at these docs to improve your DAG import time:\n* https://airflow.apache.org/docs/apache-airflow/3.2.0/best-practices.html#top-level-python-code\n* https://airflow.apache.org/docs/apache-airflow/3.2.0/best-practices.html#reducing-dag-complexity, PID: 113","logger":"airflow.dag_processing.dagbag.BundleDagBag","filename":"dagbag.py","lineno":327}
{"timestamp":"2026-04-12T12:29:38.636487Z","level":"info","event":"Filling up the DagBag from /opt/airflow/dags/pipeline_dags.py","logger":"airflow.dag_processing.dagbag.BundleDagBag","filename":"dagbag.py","lineno":469}
{"timestamp":"2026-04-12T12:30:13.072301Z","level":"info","event":"Filling up the DagBag from /opt/airflow/dags/pipeline_dags.py","logger":"airflow.dag_processing.dagbag.BundleDagBag","filename":"dagbag.py","lineno":469}
{"timestamp":"2026-04-12T12:30:50.979630Z","level":"info","event":"Filling up the DagBag from /opt/airflow/dags/pipeline_dags.py","logger":"airflow.dag_processing.dagbag.BundleDagBag","filename":"dagbag.py","lineno":469}
{"timestamp":"2026-04-12T12:32:03.795609Z","level":"info","event":"Filling up the DagBag from /opt/airflow/dags/pipeline_dags.py","logger":"airflow.dag_processing.dagbag.BundleDagBag","filename":"dagbag.py","lineno":469}
{"timestamp":"2026-04-12T12:33:05.588587Z","level":"info","event":"Filling up the DagBag from /opt/airflow/dags/pipeline_dags.py","logger":"airflow.dag_processing.dagbag.BundleDagBag","filename":"dagbag.py","lineno":469}
{"timestamp":"2026-04-12T12:55:56.328728Z","level":"info","event":"Filling up the DagBag from /opt/airflow/dags/pipeline_dags.py","logger":"airflow.dag_processing.dagbag.BundleDagBag","filename":"dagbag.py","lineno":469}
{"timestamp":"2026-04-12T12:56:48.527931Z","level":"info","event":"Filling up the DagBag from /opt/airflow/dags/pipeline_dags.py","logger":"airflow.dag_processing.dagbag.BundleDagBag","filename":"dagbag.py","lineno":469}
{"timestamp":"2026-04-12T12:57:22.103602Z","level":"info","event":"Filling up the DagBag from /opt/airflow/dags/pipeline_dags.py","logger":"airflow.dag_processing.dagbag.BundleDagBag","filename":"dagbag.py","lineno":469}
{"timestamp":"2026-04-12T12:57:56.814998Z","level":"info","event":"Filling up the DagBag from /opt/airflow/dags/pipeline_dags.py","logger":"airflow.dag_processing.dagbag.BundleDagBag","filename":"dagbag.py","lineno":469}
{"timestamp":"2026-04-12T12:58:18.747456Z","level":"info","event":"Filling up the DagBag from /opt/airflow/dags/pipeline_dags.py","logger":"airflow.dag_processing.dagbag.BundleDagBag","filename":"dagbag.py","lineno":469}
{"timestamp":"2026-04-12T12:58:54.690942Z","level":"info","event":"Filling up the DagBag from /opt/airflow/dags/pipeline_dags.py","logger":"airflow.dag_processing.dagbag.BundleDagBag","filename":"dagbag.py","lineno":469}
{"timestamp":"2026-04-12T12:59:29.175267Z","level":"info","event":"Filling up the DagBag from /opt/airflow/dags/pipeline_dags.py","logger":"airflow.dag_processing.dagbag.BundleDagBag","filename":"dagbag.py","lineno":469}
{"timestamp":"2026-04-12T13:00:02.406452Z","level":"info","event":"Filling up the DagBag from /opt/airflow/dags/pipeline_dags.py","logger":"airflow.dag_processing.dagbag.BundleDagBag","filename":"dagbag.py","lineno":469}
{"timestamp":"2026-04-12T13:00:39.204035Z","level":"info","event":"Filling up the DagBag from /opt/airflow/dags/pipeline_dags.py","logger":"airflow.dag_processing.dagbag.BundleDagBag","filename":"dagbag.py","lineno":469}
{"timestamp":"2026-04-12T13:01:29.802933Z","level":"info","event":"Filling up the DagBag from /opt/airflow/dags/pipeline_dags.py","logger":"airflow.dag_processing.dagbag.BundleDagBag","filename":"dagbag.py","lineno":469}
{"timestamp":"2026-04-12T13:02:05.884510Z","level":"info","event":"Filling up the DagBag from /opt/airflow/dags/pipeline_dags.py","logger":"airflow.dag_processing.dagbag.BundleDagBag","filename":"dagbag.py","lineno":469}
{"timestamp":"2026-04-12T13:02:43.340795Z","level":"info","event":"Filling up the DagBag from /opt/airflow/dags/pipeline_dags.py","logger":"airflow.dag_processing.dagbag.BundleDagBag","filename":"dagbag.py","lineno":469}
{"timestamp":"2026-04-12T13:03:17.244305Z","level":"info","event":"Filling up the DagBag from /opt/airflow/dags/pipeline_dags.py","logger":"airflow.dag_processing.dagbag.BundleDagBag","filename":"dagbag.py","lineno":469}
{"timestamp":"2026-04-12T13:03:51.766476Z","level":"info","event":"Filling up the DagBag from /opt/airflow/dags/pipeline_dags.py","logger":"airflow.dag_processing.dagbag.BundleDagBag","filename":"dagbag.py","lineno":469}
{"timestamp":"2026-04-12T13:04:31.368046Z","level":"info","event":"Filling up the DagBag from /opt/airflow/dags/pipeline_dags.py","logger":"airflow.dag_processing.dagbag.BundleDagBag","filename":"dagbag.py","lineno":469}
{"timestamp":"2026-04-12T13:05:05.909994Z","level":"info","event":"Filling up the DagBag from /opt/airflow/dags/pipeline_dags.py","logger":"airflow.dag_processing.dagbag.BundleDagBag","filename":"dagbag.py","lineno":469}
{"timestamp":"2026-04-12T13:05:41.900869Z","level":"info","event":"Filling up the DagBag from /opt/airflow/dags/pipeline_dags.py","logger":"airflow.dag_processing.dagbag.BundleDagBag","filename":"dagbag.py","lineno":469}
{"timestamp":"2026-04-12T13:06:18.811134Z","level":"info","event":"Filling up the DagBag from /opt/airflow/dags/pipeline_dags.py","logger":"airflow.dag_processing.dagbag.BundleDagBag","filename":"dagbag.py","lineno":469}
{"timestamp":"2026-04-12T13:06:54.130073Z","level":"info","event":"Filling up the DagBag from /opt/airflow/dags/pipeline_dags.py","logger":"airflow.dag_processing.dagbag.BundleDagBag","filename":"dagbag.py","lineno":469}
{"timestamp":"2026-04-12T13:07:35.335156Z","level":"info","event":"Filling up the DagBag from /opt/airflow/dags/pipeline_dags.py","logger":"airflow.dag_processing.dagbag.BundleDagBag","filename":"dagbag.py","lineno":469}
{"timestamp":"2026-04-12T13:08:09.340401Z","level":"info","event":"Filling up the DagBag from /opt/airflow/dags/pipeline_dags.py","logger":"airflow.dag_processing.dagbag.BundleDagBag","filename":"dagbag.py","lineno":469}
{"timestamp":"2026-04-12T13:08:50.865038Z","level":"info","event":"Filling up the DagBag from /opt/airflow/dags/pipeline_dags.py","logger":"airflow.dag_processing.dagbag.BundleDagBag","filename":"dagbag.py","lineno":469}
{"timestamp":"2026-04-12T13:09:24.337333Z","level":"info","event":"Filling up the DagBag from /opt/airflow/dags/pipeline_dags.py","logger":"airflow.dag_processing.dagbag.BundleDagBag","filename":"dagbag.py","lineno":469}
{"timestamp":"2026-04-12T13:09:57.898138Z","level":"info","event":"Filling up the DagBag from /opt/airflow/dags/pipeline_dags.py","logger":"airflow.dag_processing.dagbag.BundleDagBag","filename":"dagbag.py","lineno":469}
{"timestamp":"2026-04-12T13:10:30.480748Z","level":"info","event":"Filling up the DagBag from /opt/airflow/dags/pipeline_dags.py","logger":"airflow.dag_processing.dagbag.BundleDagBag","filename":"dagbag.py","lineno":469}
{"timestamp":"2026-04-12T13:11:03.315802Z","level":"info","event":"Filling up the DagBag from /opt/airflow/dags/pipeline_dags.py","logger":"airflow.dag_processing.dagbag.BundleDagBag","filename":"dagbag.py","lineno":469}
{"timestamp":"2026-04-12T13:11:37.106246Z","level":"info","event":"Filling up the DagBag from /opt/airflow/dags/pipeline_dags.py","logger":"airflow.dag_processing.dagbag.BundleDagBag","filename":"dagbag.py","lineno":469}
{"timestamp":"2026-04-12T13:12:10.492193Z","level":"info","event":"Filling up the DagBag from /opt/airflow/dags/pipeline_dags.py","logger":"airflow.dag_processing.dagbag.BundleDagBag","filename":"dagbag.py","lineno":469}
{"timestamp":"2026-04-12T13:12:43.518527Z","level":"info","event":"Filling up the DagBag from /opt/airflow/dags/pipeline_dags.py","logger":"airflow.dag_processing.dagbag.BundleDagBag","filename":"dagbag.py","lineno":469}
{"timestamp":"2026-04-12T13:13:16.369626Z","level":"info","event":"Filling up the DagBag from /opt/airflow/dags/pipeline_dags.py","logger":"airflow.dag_processing.dagbag.BundleDagBag","filename":"dagbag.py","lineno":469}
{"timestamp":"2026-04-12T13:13:49.141315Z","level":"info","event":"Filling up the DagBag from /opt/airflow/dags/pipeline_dags.py","logger":"airflow.dag_processing.dagbag.BundleDagBag","filename":"dagbag.py","lineno":469}
{"timestamp":"2026-04-12T13:14:23.058104Z","level":"info","event":"Filling up the DagBag from /opt/airflow/dags/pipeline_dags.py","logger":"airflow.dag_processing.dagbag.BundleDagBag","filename":"dagbag.py","lineno":469}
{"timestamp":"2026-04-12T13:14:28.094646Z","level":"info","event":"Filling up the DagBag from /opt/airflow/dags/pipeline_dags.py","logger":"airflow.dag_processing.dagbag.BundleDagBag","filename":"dagbag.py","lineno":469}
{"timestamp":"2026-04-12T13:15:01.831410Z","level":"info","event":"Filling up the DagBag from /opt/airflow/dags/pipeline_dags.py","logger":"airflow.dag_processing.dagbag.BundleDagBag","filename":"dagbag.py","lineno":469}
{"timestamp":"2026-04-12T13:15:35.969453Z","level":"info","event":"Filling up the DagBag from /opt/airflow/dags/pipeline_dags.py","logger":"airflow.dag_processing.dagbag.BundleDagBag","filename":"dagbag.py","lineno":469}
{"timestamp":"2026-04-12T13:16:15.588058Z","level":"info","event":"Filling up the DagBag from /opt/airflow/dags/pipeline_dags.py","logger":"airflow.dag_processing.dagbag.BundleDagBag","filename":"dagbag.py","lineno":469}
{"timestamp":"2026-04-12T13:16:49.500418Z","level":"info","event":"Filling up the DagBag from /opt/airflow/dags/pipeline_dags.py","logger":"airflow.dag_processing.dagbag.BundleDagBag","filename":"dagbag.py","lineno":469}
{"timestamp":"2026-04-12T13:17:23.009219Z","level":"info","event":"Filling up the DagBag from /opt/airflow/dags/pipeline_dags.py","logger":"airflow.dag_processing.dagbag.BundleDagBag","filename":"dagbag.py","lineno":469}
{"timestamp":"2026-04-12T13:17:56.829918Z","level":"info","event":"Filling up the DagBag from /opt/airflow/dags/pipeline_dags.py","logger":"airflow.dag_processing.dagbag.BundleDagBag","filename":"dagbag.py","lineno":469}
{"timestamp":"2026-04-12T13:18:31.817320Z","level":"info","event":"Filling up the DagBag from /opt/airflow/dags/pipeline_dags.py","logger":"airflow.dag_processing.dagbag.BundleDagBag","filename":"dagbag.py","lineno":469}
{"timestamp":"2026-04-12T13:19:06.357997Z","level":"info","event":"Filling up the DagBag from /opt/airflow/dags/pipeline_dags.py","logger":"airflow.dag_processing.dagbag.BundleDagBag","filename":"dagbag.py","lineno":469}
{"timestamp":"2026-04-12T13:19:39.950632Z","level":"info","event":"Filling up the DagBag from /opt/airflow/dags/pipeline_dags.py","logger":"airflow.dag_processing.dagbag.BundleDagBag","filename":"dagbag.py","lineno":469}
{"timestamp":"2026-04-12T13:20:13.290161Z","level":"info","event":"Filling up the DagBag from /opt/airflow/dags/pipeline_dags.py","logger":"airflow.dag_processing.dagbag.BundleDagBag","filename":"dagbag.py","lineno":469}
{"timestamp":"2026-04-12T13:20:46.687461Z","level":"info","event":"Filling up the DagBag from /opt/airflow/dags/pipeline_dags.py","logger":"airflow.dag_processing.dagbag.BundleDagBag","filename":"dagbag.py","lineno":469}
{"timestamp":"2026-04-12T13:21:20.306908Z","level":"info","event":"Filling up the DagBag from /opt/airflow/dags/pipeline_dags.py","logger":"airflow.dag_processing.dagbag.BundleDagBag","filename":"dagbag.py","lineno":469}
{"timestamp":"2026-04-12T13:21:53.459269Z","level":"info","event":"Filling up the DagBag from /opt/airflow/dags/pipeline_dags.py","logger":"airflow.dag_processing.dagbag.BundleDagBag","filename":"dagbag.py","lineno":469}
{"timestamp":"2026-04-12T13:22:26.440470Z","level":"info","event":"Filling up the DagBag from /opt/airflow/dags/pipeline_dags.py","logger":"airflow.dag_processing.dagbag.BundleDagBag","filename":"dagbag.py","lineno":469}
{"timestamp":"2026-04-12T13:22:59.904573Z","level":"info","event":"Filling up the DagBag from /opt/airflow/dags/pipeline_dags.py","logger":"airflow.dag_processing.dagbag.BundleDagBag","filename":"dagbag.py","lineno":469}
{"timestamp":"2026-04-12T13:23:32.795235Z","level":"info","event":"Filling up the DagBag from /opt/airflow/dags/pipeline_dags.py","logger":"airflow.dag_processing.dagbag.BundleDagBag","filename":"dagbag.py","lineno":469}
{"timestamp":"2026-04-12T13:24:09.075945Z","level":"info","event":"Filling up the DagBag from /opt/airflow/dags/pipeline_dags.py","logger":"airflow.dag_processing.dagbag.BundleDagBag","filename":"dagbag.py","lineno":469}
{"timestamp":"2026-04-12T13:24:43.098308Z","level":"info","event":"Filling up the DagBag from /opt/airflow/dags/pipeline_dags.py","logger":"airflow.dag_processing.dagbag.BundleDagBag","filename":"dagbag.py","lineno":469}
{"timestamp":"2026-04-12T13:25:17.404410Z","level":"info","event":"Filling up the DagBag from /opt/airflow/dags/pipeline_dags.py","logger":"airflow.dag_processing.dagbag.BundleDagBag","filename":"dagbag.py","lineno":469}
{"timestamp":"2026-04-12T13:25:50.762340Z","level":"info","event":"Filling up the DagBag from /opt/airflow/dags/pipeline_dags.py","logger":"airflow.dag_processing.dagbag.BundleDagBag","filename":"dagbag.py","lineno":469}
{"timestamp":"2026-04-12T13:26:25.653883Z","level":"info","event":"Filling up the DagBag from /opt/airflow/dags/pipeline_dags.py","logger":"airflow.dag_processing.dagbag.BundleDagBag","filename":"dagbag.py","lineno":469}
{"timestamp":"2026-04-12T13:26:59.094194Z","level":"info","event":"Filling up the DagBag from /opt/airflow/dags/pipeline_dags.py","logger":"airflow.dag_processing.dagbag.BundleDagBag","filename":"dagbag.py","lineno":469}
{"timestamp":"2026-04-12T13:27:32.524277Z","level":"info","event":"Filling up the DagBag from /opt/airflow/dags/pipeline_dags.py","logger":"airflow.dag_processing.dagbag.BundleDagBag","filename":"dagbag.py","lineno":469}
{"timestamp":"2026-04-12T13:28:07.395827Z","level":"info","event":"Filling up the DagBag from /opt/airflow/dags/pipeline_dags.py","logger":"airflow.dag_processing.dagbag.BundleDagBag","filename":"dagbag.py","lineno":469}
{"timestamp":"2026-04-12T13:28:41.738019Z","level":"info","event":"Filling up the DagBag from /opt/airflow/dags/pipeline_dags.py","logger":"airflow.dag_processing.dagbag.BundleDagBag","filename":"dagbag.py","lineno":469}
{"timestamp":"2026-04-12T13:29:16.280288Z","level":"info","event":"Filling up the DagBag from /opt/airflow/dags/pipeline_dags.py","logger":"airflow.dag_processing.dagbag.BundleDagBag","filename":"dagbag.py","lineno":469}
{"timestamp":"2026-04-12T13:29:50.139213Z","level":"info","event":"Filling up the DagBag from /opt/airflow/dags/pipeline_dags.py","logger":"airflow.dag_processing.dagbag.BundleDagBag","filename":"dagbag.py","lineno":469}
{"timestamp":"2026-04-12T13:30:23.943966Z","level":"info","event":"Filling up the DagBag from /opt/airflow/dags/pipeline_dags.py","logger":"airflow.dag_processing.dagbag.BundleDagBag","filename":"dagbag.py","lineno":469}
{"timestamp":"2026-04-12T13:30:56.621217Z","level":"info","event":"Filling up the DagBag from /opt/airflow/dags/pipeline_dags.py","logger":"airflow.dag_processing.dagbag.BundleDagBag","filename":"dagbag.py","lineno":469}
{"timestamp":"2026-04-12T13:31:31.401274Z","level":"info","event":"Filling up the DagBag from /opt/airflow/dags/pipeline_dags.py","logger":"airflow.dag_processing.dagbag.BundleDagBag","filename":"dagbag.py","lineno":469}
{"timestamp":"2026-04-12T13:32:05.338251Z","level":"info","event":"Filling up the DagBag from /opt/airflow/dags/pipeline_dags.py","logger":"airflow.dag_processing.dagbag.BundleDagBag","filename":"dagbag.py","lineno":469}
{"timestamp":"2026-04-12T13:32:38.606837Z","level":"info","event":"Filling up the DagBag from /opt/airflow/dags/pipeline_dags.py","logger":"airflow.dag_processing.dagbag.BundleDagBag","filename":"dagbag.py","lineno":469}
{"timestamp":"2026-04-12T13:33:11.683805Z","level":"info","event":"Filling up the DagBag from /opt/airflow/dags/pipeline_dags.py","logger":"airflow.dag_processing.dagbag.BundleDagBag","filename":"dagbag.py","lineno":469}
{"timestamp":"2026-04-12T13:33:47.043089Z","level":"info","event":"Filling up the DagBag from /opt/airflow/dags/pipeline_dags.py","logger":"airflow.dag_processing.dagbag.BundleDagBag","filename":"dagbag.py","lineno":469}
{"timestamp":"2026-04-12T13:34:33.320981Z","level":"info","event":"Filling up the DagBag from /opt/airflow/dags/pipeline_dags.py","logger":"airflow.dag_processing.dagbag.BundleDagBag","filename":"dagbag.py","lineno":469}
{"timestamp":"2026-04-12T13:35:07.163802Z","level":"info","event":"Filling up the DagBag from /opt/airflow/dags/pipeline_dags.py","logger":"airflow.dag_processing.dagbag.BundleDagBag","filename":"dagbag.py","lineno":469}
{"timestamp":"2026-04-12T21:02:18.682033Z","level":"info","event":"Filling up the DagBag from /opt/airflow/dags/pipeline_dags.py","logger":"airflow.dag_processing.dagbag.BundleDagBag","filename":"dagbag.py","lineno":469}
{"timestamp":"2026-04-12T21:02:55.644910Z","level":"info","event":"Filling up the DagBag from /opt/airflow/dags/pipeline_dags.py","logger":"airflow.dag_processing.dagbag.BundleDagBag","filename":"dagbag.py","lineno":469}
{"timestamp":"2026-04-12T21:06:42.774673Z","level":"info","event":"Filling up the DagBag from /opt/airflow/dags/pipeline_dags.py","logger":"airflow.dag_processing.dagbag.BundleDagBag","filename":"dagbag.py","lineno":469}
{"timestamp":"2026-04-12T21:07:27.399202Z","level":"info","event":"Filling up the DagBag from /opt/airflow/dags/pipeline_dags.py","logger":"airflow.dag_processing.dagbag.BundleDagBag","filename":"dagbag.py","lineno":469}
{"timestamp":"2026-04-12T21:08:02.677985Z","level":"info","event":"Filling up the DagBag from /opt/airflow/dags/pipeline_dags.py","logger":"airflow.dag_processing.dagbag.BundleDagBag","filename":"dagbag.py","lineno":469}
{"timestamp":"2026-04-12T21:08:35.396267Z","level":"info","event":"Filling up the DagBag from /opt/airflow/dags/pipeline_dags.py","logger":"airflow.dag_processing.dagbag.BundleDagBag","filename":"dagbag.py","lineno":469}
{"timestamp":"2026-04-12T21:09:08.579154Z","level":"info","event":"Filling up the DagBag from /opt/airflow/dags/pipeline_dags.py","logger":"airflow.dag_processing.dagbag.BundleDagBag","filename":"dagbag.py","lineno":469}
{"timestamp":"2026-04-12T21:09:42.746073Z","level":"info","event":"Filling up the DagBag from /opt/airflow/dags/pipeline_dags.py","logger":"airflow.dag_processing.dagbag.BundleDagBag","filename":"dagbag.py","lineno":469}
{"timestamp":"2026-04-12T21:10:15.756244Z","level":"info","event":"Filling up the DagBag from /opt/airflow/dags/pipeline_dags.py","logger":"airflow.dag_processing.dagbag.BundleDagBag","filename":"dagbag.py","lineno":469}
{"timestamp":"2026-04-12T21:10:48.717624Z","level":"info","event":"Filling up the DagBag from /opt/airflow/dags/pipeline_dags.py","logger":"airflow.dag_processing.dagbag.BundleDagBag","filename":"dagbag.py","lineno":469}
{"timestamp":"2026-04-12T21:11:22.015182Z","level":"info","event":"Filling up the DagBag from /opt/airflow/dags/pipeline_dags.py","logger":"airflow.dag_processing.dagbag.BundleDagBag","filename":"dagbag.py","lineno":469}
{"timestamp":"2026-04-12T21:11:54.297398Z","level":"info","event":"Filling up the DagBag from /opt/airflow/dags/pipeline_dags.py","logger":"airflow.dag_processing.dagbag.BundleDagBag","filename":"dagbag.py","lineno":469}
{"timestamp":"2026-04-12T21:12:28.579340Z","level":"info","event":"Filling up the DagBag from /opt/airflow/dags/pipeline_dags.py","logger":"airflow.dag_processing.dagbag.BundleDagBag","filename":"dagbag.py","lineno":469}
{"timestamp":"2026-04-12T21:13:02.299256Z","level":"info","event":"Filling up the DagBag from /opt/airflow/dags/pipeline_dags.py","logger":"airflow.dag_processing.dagbag.BundleDagBag","filename":"dagbag.py","lineno":469}
{"timestamp":"2026-04-12T21:13:33.956127Z","level":"info","event":"Filling up the DagBag from /opt/airflow/dags/pipeline_dags.py","logger":"airflow.dag_processing.dagbag.BundleDagBag","filename":"dagbag.py","lineno":469}
{"timestamp":"2026-04-12T21:14:05.705484Z","level":"info","event":"Filling up the DagBag from /opt/airflow/dags/pipeline_dags.py","logger":"airflow.dag_processing.dagbag.BundleDagBag","filename":"dagbag.py","lineno":469}
{"timestamp":"2026-04-12T21:14:37.442803Z","level":"info","event":"Filling up the DagBag from /opt/airflow/dags/pipeline_dags.py","logger":"airflow.dag_processing.dagbag.BundleDagBag","filename":"dagbag.py","lineno":469}
{"timestamp":"2026-04-12T21:15:09.565108Z","level":"info","event":"Filling up the DagBag from /opt/airflow/dags/pipeline_dags.py","logger":"airflow.dag_processing.dagbag.BundleDagBag","filename":"dagbag.py","lineno":469}
{"timestamp":"2026-04-12T21:15:41.778111Z","level":"info","event":"Filling up the DagBag from /opt/airflow/dags/pipeline_dags.py","logger":"airflow.dag_processing.dagbag.BundleDagBag","filename":"dagbag.py","lineno":469}
{"timestamp":"2026-04-12T21:16:21.352151Z","level":"info","event":"Filling up the DagBag from /opt/airflow/dags/pipeline_dags.py","logger":"airflow.dag_processing.dagbag.BundleDagBag","filename":"dagbag.py","lineno":469}
{"timestamp":"2026-04-12T21:16:54.552085Z","level":"info","event":"Filling up the DagBag from /opt/airflow/dags/pipeline_dags.py","logger":"airflow.dag_processing.dagbag.BundleDagBag","filename":"dagbag.py","lineno":469}
{"timestamp":"2026-04-12T21:17:26.766722Z","level":"info","event":"Filling up the DagBag from /opt/airflow/dags/pipeline_dags.py","logger":"airflow.dag_processing.dagbag.BundleDagBag","filename":"dagbag.py","lineno":469}
{"timestamp":"2026-04-12T21:17:59.548015Z","level":"info","event":"Filling up the DagBag from /opt/airflow/dags/pipeline_dags.py","logger":"airflow.dag_processing.dagbag.BundleDagBag","filename":"dagbag.py","lineno":469}
{"timestamp":"2026-04-12T21:18:31.690426Z","level":"info","event":"Filling up the DagBag from /opt/airflow/dags/pipeline_dags.py","logger":"airflow.dag_processing.dagbag.BundleDagBag","filename":"dagbag.py","lineno":469}
{"timestamp":"2026-04-12T21:32:50.181386Z","level":"info","event":"Filling up the DagBag from /opt/airflow/dags/pipeline_dags.py","logger":"airflow.dag_processing.dagbag.BundleDagBag","filename":"dagbag.py","lineno":469}
{"timestamp":"2026-04-12T21:33:41.199417Z","level":"info","event":"Filling up the DagBag from /opt/airflow/dags/pipeline_dags.py","logger":"airflow.dag_processing.dagbag.BundleDagBag","filename":"dagbag.py","lineno":469}
{"timestamp":"2026-04-12T21:34:25.093055Z","level":"info","event":"Filling up the DagBag from /opt/airflow/dags/pipeline_dags.py","logger":"airflow.dag_processing.dagbag.BundleDagBag","filename":"dagbag.py","lineno":469}
{"timestamp":"2026-04-12T21:35:00.640647Z","level":"info","event":"Filling up the DagBag from /opt/airflow/dags/pipeline_dags.py","logger":"airflow.dag_processing.dagbag.BundleDagBag","filename":"dagbag.py","lineno":469}
{"timestamp":"2026-04-12T21:36:03.179819Z","level":"info","event":"Filling up the DagBag from /opt/airflow/dags/pipeline_dags.py","logger":"airflow.dag_processing.dagbag.BundleDagBag","filename":"dagbag.py","lineno":469}
{"timestamp":"2026-04-12T21:36:44.645651Z","level":"error","event":"Process timed out, PID: 166","logger":"airflow.dag_processing.importers.python_importer","filename":"python_importer.py","lineno":62}
{"timestamp":"2026-04-12T21:36:45.327786Z","level":"error","event":"Failed to import: /opt/airflow/dags/pipeline_dags.py","logger":"airflow.dag_processing.importers.python_importer","filename":"python_importer.py","lineno":244,"error_detail":[{"exc_type":"AirflowTaskTimeout","exc_value":"DagBag import timeout for /opt/airflow/dags/pipeline_dags.py after 30.0s.\nPlease take a look at these docs to improve your DAG import time:\n* https://airflow.apache.org/docs/apache-airflow/3.2.0/best-practices.html#top-level-python-code\n* https://airflow.apache.org/docs/apache-airflow/3.2.0/best-practices.html#reducing-dag-complexity, PID: 166","exc_notes":[],"syntax_error":null,"is_cause":false,"frames":[{"filename":"/home/airflow/.local/lib/python3.13/site-packages/airflow/dag_processing/importers/python_importer.py","lineno":238,"name":"parse"},{"filename":"<frozen importlib._bootstrap_external>","lineno":1023,"name":"exec_module"},{"filename":"<frozen importlib._bootstrap>","lineno":488,"name":"_call_with_frames_removed"},{"filename":"/opt/airflow/dags/pipeline_dags.py","lineno":4,"name":"<module>"},{"filename":"/opt/airflow/data_ingestion/fetch_data.py","lineno":2,"name":"<module>"},{"filename":"/home/airflow/.local/lib/python3.13/site-packages/yfinance/__init__.py","lineno":23,"name":"<module>"},{"filename":"/home/airflow/.local/lib/python3.13/site-packages/yfinance/search.py","lineno":24,"name":"<module>"},{"filename":"/home/airflow/.local/lib/python3.13/site-packages/yfinance/utils.py","lineno":37,"name":"<module>"},{"filename":"/home/airflow/.local/lib/python3.13/site-packages/pandas/__init__.py","lineno":49,"name":"<module>"},{"filename":"/home/airflow/.local/lib/python3.13/site-packages/pandas/core/api.py","lineno":28,"name":"<module>"},{"filename":"/home/airflow/.local/lib/python3.13/site-packages/pandas/core/arrays/__init__.py","lineno":1,"name":"<module>"},{"filename":"/home/airflow/.local/lib/python3.13/site-packages/pandas/core/arrays/arrow/__init__.py","lineno":5,"name":"<module>"},{"filename":"/home/airflow/.local/lib/python3.13/site-packages/pandas/core/arrays/arrow/array.py","lineno":63,"name":"<module>"},{"filename":"<frozen importlib._bootstrap>","lineno":1360,"name":"_find_and_load"},{"filename":"<frozen importlib._bootstrap>","lineno":1331,"name":"_find_and_load_unlocked"},{"filename":"<frozen importlib._bootstrap>","lineno":935,"name":"_load_unlocked"},{"filename":"<frozen importlib._bootstrap_external>","lineno":1019,"name":"exec_module"},{"filename":"<frozen importlib._bootstrap_external>","lineno":1152,"name":"get_code"},{"filename":"<frozen importlib._bootstrap_external>","lineno":783,"name":"_compile_bytecode"},{"filename":"<frozen importlib._bootstrap>","lineno":491,"name":"_verbose_message"},{"filename":"/home/airflow/.local/lib/python3.13/site-packages/airflow/dag_processing/importers/python_importer.py","lineno":65,"name":"handle_timeout"}],"is_group":false,"exceptions":[]}]}
{"timestamp":"2026-04-12T21:36:46.919637Z","level":"error","event":"Error loading DAG from pipeline_dags.py: DagBag import timeout for /opt/airflow/dags/pipeline_dags.py after 30.0s.\nPlease take a look at these docs to improve your DAG import time:\n* https://airflow.apache.org/docs/apache-airflow/3.2.0/best-practices.html#top-level-python-code\n* https://airflow.apache.org/docs/apache-airflow/3.2.0/best-practices.html#reducing-dag-complexity, PID: 166","logger":"airflow.dag_processing.dagbag.BundleDagBag","filename":"dagbag.py","lineno":327}
{"timestamp":"2026-04-12T21:37:30.075999Z","level":"info","event":"Filling up the DagBag from /opt/airflow/dags/pipeline_dags.py","logger":"airflow.dag_processing.dagbag.BundleDagBag","filename":"dagbag.py","lineno":469}
{"timestamp":"2026-04-12T21:38:32.695492Z","level":"info","event":"Filling up the DagBag from /opt/airflow/dags/pipeline_dags.py","logger":"airflow.dag_processing.dagbag.BundleDagBag","filename":"dagbag.py","lineno":469}
{"timestamp":"2026-04-12T21:39:05.829607Z","level":"info","event":"Filling up the DagBag from /opt/airflow/dags/pipeline_dags.py","logger":"airflow.dag_processing.dagbag.BundleDagBag","filename":"dagbag.py","lineno":469}
{"timestamp":"2026-04-12T21:39:38.231482Z","level":"info","event":"Filling up the DagBag from /opt/airflow/dags/pipeline_dags.py","logger":"airflow.dag_processing.dagbag.BundleDagBag","filename":"dagbag.py","lineno":469}
{"timestamp":"2026-04-12T21:40:10.079474Z","level":"info","event":"Filling up the DagBag from /opt/airflow/dags/pipeline_dags.py","logger":"airflow.dag_processing.dagbag.BundleDagBag","filename":"dagbag.py","lineno":469}
{"timestamp":"2026-04-12T21:40:43.219563Z","level":"info","event":"Filling up the DagBag from /opt/airflow/dags/pipeline_dags.py","logger":"airflow.dag_processing.dagbag.BundleDagBag","filename":"dagbag.py","lineno":469}
{"timestamp":"2026-04-12T21:41:16.225637Z","level":"info","event":"Filling up the DagBag from /opt/airflow/dags/pipeline_dags.py","logger":"airflow.dag_processing.dagbag.BundleDagBag","filename":"dagbag.py","lineno":469}
{"timestamp":"2026-04-12T21:41:49.061503Z","level":"info","event":"Filling up the DagBag from /opt/airflow/dags/pipeline_dags.py","logger":"airflow.dag_processing.dagbag.BundleDagBag","filename":"dagbag.py","lineno":469}
{"timestamp":"2026-04-12T21:42:22.276701Z","level":"info","event":"Filling up the DagBag from /opt/airflow/dags/pipeline_dags.py","logger":"airflow.dag_processing.dagbag.BundleDagBag","filename":"dagbag.py","lineno":469}
{"timestamp":"2026-04-12T21:42:53.947155Z","level":"info","event":"Filling up the DagBag from /opt/airflow/dags/pipeline_dags.py","logger":"airflow.dag_processing.dagbag.BundleDagBag","filename":"dagbag.py","lineno":469}
{"timestamp":"2026-04-12T21:43:31.182525Z","level":"info","event":"Filling up the DagBag from /opt/airflow/dags/pipeline_dags.py","logger":"airflow.dag_processing.dagbag.BundleDagBag","filename":"dagbag.py","lineno":469}
{"timestamp":"2026-04-12T21:44:05.239799Z","level":"info","event":"Filling up the DagBag from /opt/airflow/dags/pipeline_dags.py","logger":"airflow.dag_processing.dagbag.BundleDagBag","filename":"dagbag.py","lineno":469}
{"timestamp":"2026-04-12T21:44:37.472132Z","level":"info","event":"Filling up the DagBag from /opt/airflow/dags/pipeline_dags.py","logger":"airflow.dag_processing.dagbag.BundleDagBag","filename":"dagbag.py","lineno":469}
{"timestamp":"2026-04-12T21:45:09.509083Z","level":"info","event":"Filling up the DagBag from /opt/airflow/dags/pipeline_dags.py","logger":"airflow.dag_processing.dagbag.BundleDagBag","filename":"dagbag.py","lineno":469}
{"timestamp":"2026-04-12T21:45:41.788723Z","level":"info","event":"Filling up the DagBag from /opt/airflow/dags/pipeline_dags.py","logger":"airflow.dag_processing.dagbag.BundleDagBag","filename":"dagbag.py","lineno":469}
{"timestamp":"2026-04-12T21:46:14.819682Z","level":"info","event":"Filling up the DagBag from /opt/airflow/dags/pipeline_dags.py","logger":"airflow.dag_processing.dagbag.BundleDagBag","filename":"dagbag.py","lineno":469}
{"timestamp":"2026-04-12T21:46:54.530066Z","level":"info","event":"Filling up the DagBag from /opt/airflow/dags/pipeline_dags.py","logger":"airflow.dag_processing.dagbag.BundleDagBag","filename":"dagbag.py","lineno":469}
{"timestamp":"2026-04-12T21:47:27.170440Z","level":"info","event":"Filling up the DagBag from /opt/airflow/dags/pipeline_dags.py","logger":"airflow.dag_processing.dagbag.BundleDagBag","filename":"dagbag.py","lineno":469}
{"timestamp":"2026-04-12T21:47:59.358197Z","level":"info","event":"Filling up the DagBag from /opt/airflow/dags/pipeline_dags.py","logger":"airflow.dag_processing.dagbag.BundleDagBag","filename":"dagbag.py","lineno":469}
{"timestamp":"2026-04-12T21:48:32.338159Z","level":"info","event":"Filling up the DagBag from /opt/airflow/dags/pipeline_dags.py","logger":"airflow.dag_processing.dagbag.BundleDagBag","filename":"dagbag.py","lineno":469}
{"timestamp":"2026-04-12T21:49:05.800140Z","level":"info","event":"Filling up the DagBag from /opt/airflow/dags/pipeline_dags.py","logger":"airflow.dag_processing.dagbag.BundleDagBag","filename":"dagbag.py","lineno":469}
{"timestamp":"2026-04-12T21:49:38.236720Z","level":"info","event":"Filling up the DagBag from /opt/airflow/dags/pipeline_dags.py","logger":"airflow.dag_processing.dagbag.BundleDagBag","filename":"dagbag.py","lineno":469}
{"timestamp":"2026-04-12T21:50:12.564528Z","level":"info","event":"Filling up the DagBag from /opt/airflow/dags/pipeline_dags.py","logger":"airflow.dag_processing.dagbag.BundleDagBag","filename":"dagbag.py","lineno":469}
{"timestamp":"2026-04-12T21:50:45.923355Z","level":"info","event":"Filling up the DagBag from /opt/airflow/dags/pipeline_dags.py","logger":"airflow.dag_processing.dagbag.BundleDagBag","filename":"dagbag.py","lineno":469}
{"timestamp":"2026-04-12T21:51:18.684141Z","level":"info","event":"Filling up the DagBag from /opt/airflow/dags/pipeline_dags.py","logger":"airflow.dag_processing.dagbag.BundleDagBag","filename":"dagbag.py","lineno":469}
{"timestamp":"2026-04-12T21:51:52.227169Z","level":"info","event":"Filling up the DagBag from /opt/airflow/dags/pipeline_dags.py","logger":"airflow.dag_processing.dagbag.BundleDagBag","filename":"dagbag.py","lineno":469}
{"timestamp":"2026-04-12T21:52:27.401584Z","level":"info","event":"Filling up the DagBag from /opt/airflow/dags/pipeline_dags.py","logger":"airflow.dag_processing.dagbag.BundleDagBag","filename":"dagbag.py","lineno":469}
{"timestamp":"2026-04-12T21:53:00.576881Z","level":"info","event":"Filling up the DagBag from /opt/airflow/dags/pipeline_dags.py","logger":"airflow.dag_processing.dagbag.BundleDagBag","filename":"dagbag.py","lineno":469}
{"timestamp":"2026-04-12T21:53:34.084261Z","level":"info","event":"Filling up the DagBag from /opt/airflow/dags/pipeline_dags.py","logger":"airflow.dag_processing.dagbag.BundleDagBag","filename":"dagbag.py","lineno":469}
{"timestamp":"2026-04-12T21:54:07.889715Z","level":"info","event":"Filling up the DagBag from /opt/airflow/dags/pipeline_dags.py","logger":"airflow.dag_processing.dagbag.BundleDagBag","filename":"dagbag.py","lineno":469}
{"timestamp":"2026-04-12T21:54:39.947098Z","level":"info","event":"Filling up the DagBag from /opt/airflow/dags/pipeline_dags.py","logger":"airflow.dag_processing.dagbag.BundleDagBag","filename":"dagbag.py","lineno":469}
{"timestamp":"2026-04-12T21:55:12.784139Z","level":"info","event":"Filling up the DagBag from /opt/airflow/dags/pipeline_dags.py","logger":"airflow.dag_processing.dagbag.BundleDagBag","filename":"dagbag.py","lineno":469}
{"timestamp":"2026-04-12T21:55:45.207544Z","level":"info","event":"Filling up the DagBag from /opt/airflow/dags/pipeline_dags.py","logger":"airflow.dag_processing.dagbag.BundleDagBag","filename":"dagbag.py","lineno":469}
{"timestamp":"2026-04-12T21:56:17.809675Z","level":"info","event":"Filling up the DagBag from /opt/airflow/dags/pipeline_dags.py","logger":"airflow.dag_processing.dagbag.BundleDagBag","filename":"dagbag.py","lineno":469}
{"timestamp":"2026-04-12T21:56:49.832462Z","level":"info","event":"Filling up the DagBag from /opt/airflow/dags/pipeline_dags.py","logger":"airflow.dag_processing.dagbag.BundleDagBag","filename":"dagbag.py","lineno":469}
{"timestamp":"2026-04-12T21:57:23.442669Z","level":"info","event":"Filling up the DagBag from /opt/airflow/dags/pipeline_dags.py","logger":"airflow.dag_processing.dagbag.BundleDagBag","filename":"dagbag.py","lineno":469}
{"timestamp":"2026-04-12T21:57:56.356623Z","level":"info","event":"Filling up the DagBag from /opt/airflow/dags/pipeline_dags.py","logger":"airflow.dag_processing.dagbag.BundleDagBag","filename":"dagbag.py","lineno":469}
{"timestamp":"2026-04-12T21:58:27.786759Z","level":"info","event":"Filling up the DagBag from /opt/airflow/dags/pipeline_dags.py","logger":"airflow.dag_processing.dagbag.BundleDagBag","filename":"dagbag.py","lineno":469}
{"timestamp":"2026-04-12T21:58:59.334381Z","level":"info","event":"Filling up the DagBag from /opt/airflow/dags/pipeline_dags.py","logger":"airflow.dag_processing.dagbag.BundleDagBag","filename":"dagbag.py","lineno":469}
{"timestamp":"2026-04-12T21:59:30.737522Z","level":"info","event":"Filling up the DagBag from /opt/airflow/dags/pipeline_dags.py","logger":"airflow.dag_processing.dagbag.BundleDagBag","filename":"dagbag.py","lineno":469}
{"timestamp":"2026-04-12T22:00:02.648487Z","level":"info","event":"Filling up the DagBag from /opt/airflow/dags/pipeline_dags.py","logger":"airflow.dag_processing.dagbag.BundleDagBag","filename":"dagbag.py","lineno":469}
{"timestamp":"2026-04-12T22:00:36.914684Z","level":"info","event":"Filling up the DagBag from /opt/airflow/dags/pipeline_dags.py","logger":"airflow.dag_processing.dagbag.BundleDagBag","filename":"dagbag.py","lineno":469}
{"timestamp":"2026-04-12T22:01:09.736297Z","level":"info","event":"Filling up the DagBag from /opt/airflow/dags/pipeline_dags.py","logger":"airflow.dag_processing.dagbag.BundleDagBag","filename":"dagbag.py","lineno":469}
{"timestamp":"2026-04-12T22:01:42.119029Z","level":"info","event":"Filling up the DagBag from /opt/airflow/dags/pipeline_dags.py","logger":"airflow.dag_processing.dagbag.BundleDagBag","filename":"dagbag.py","lineno":469}
{"timestamp":"2026-04-12T22:02:14.971489Z","level":"info","event":"Filling up the DagBag from /opt/airflow/dags/pipeline_dags.py","logger":"airflow.dag_processing.dagbag.BundleDagBag","filename":"dagbag.py","lineno":469}
{"timestamp":"2026-04-12T22:02:47.407676Z","level":"info","event":"Filling up the DagBag from /opt/airflow/dags/pipeline_dags.py","logger":"airflow.dag_processing.dagbag.BundleDagBag","filename":"dagbag.py","lineno":469}
{"timestamp":"2026-04-12T22:03:19.278255Z","level":"info","event":"Filling up the DagBag from /opt/airflow/dags/pipeline_dags.py","logger":"airflow.dag_processing.dagbag.BundleDagBag","filename":"dagbag.py","lineno":469}
{"timestamp":"2026-04-12T22:03:52.035732Z","level":"info","event":"Filling up the DagBag from /opt/airflow/dags/pipeline_dags.py","logger":"airflow.dag_processing.dagbag.BundleDagBag","filename":"dagbag.py","lineno":469}
{"timestamp":"2026-04-12T22:04:24.505452Z","level":"info","event":"Filling up the DagBag from /opt/airflow/dags/pipeline_dags.py","logger":"airflow.dag_processing.dagbag.BundleDagBag","filename":"dagbag.py","lineno":469}
{"timestamp":"2026-04-12T22:04:56.956132Z","level":"info","event":"Filling up the DagBag from /opt/airflow/dags/pipeline_dags.py","logger":"airflow.dag_processing.dagbag.BundleDagBag","filename":"dagbag.py","lineno":469}
{"timestamp":"2026-04-12T22:05:28.748018Z","level":"info","event":"Filling up the DagBag from /opt/airflow/dags/pipeline_dags.py","logger":"airflow.dag_processing.dagbag.BundleDagBag","filename":"dagbag.py","lineno":469}
{"timestamp":"2026-04-12T22:06:00.873434Z","level":"info","event":"Filling up the DagBag from /opt/airflow/dags/pipeline_dags.py","logger":"airflow.dag_processing.dagbag.BundleDagBag","filename":"dagbag.py","lineno":469}
{"timestamp":"2026-04-12T22:06:33.269367Z","level":"info","event":"Filling up the DagBag from /opt/airflow/dags/pipeline_dags.py","logger":"airflow.dag_processing.dagbag.BundleDagBag","filename":"dagbag.py","lineno":469}
{"timestamp":"2026-04-12T22:07:07.865412Z","level":"info","event":"Filling up the DagBag from /opt/airflow/dags/pipeline_dags.py","logger":"airflow.dag_processing.dagbag.BundleDagBag","filename":"dagbag.py","lineno":469}
{"timestamp":"2026-04-12T22:07:40.894630Z","level":"info","event":"Filling up the DagBag from /opt/airflow/dags/pipeline_dags.py","logger":"airflow.dag_processing.dagbag.BundleDagBag","filename":"dagbag.py","lineno":469}
{"timestamp":"2026-04-12T22:08:13.007658Z","level":"info","event":"Filling up the DagBag from /opt/airflow/dags/pipeline_dags.py","logger":"airflow.dag_processing.dagbag.BundleDagBag","filename":"dagbag.py","lineno":469}
{"timestamp":"2026-04-12T22:08:45.847365Z","level":"info","event":"Filling up the DagBag from /opt/airflow/dags/pipeline_dags.py","logger":"airflow.dag_processing.dagbag.BundleDagBag","filename":"dagbag.py","lineno":469}
{"timestamp":"2026-04-12T22:09:18.258192Z","level":"info","event":"Filling up the DagBag from /opt/airflow/dags/pipeline_dags.py","logger":"airflow.dag_processing.dagbag.BundleDagBag","filename":"dagbag.py","lineno":469}
{"timestamp":"2026-04-12T22:09:50.000211Z","level":"info","event":"Filling up the DagBag from /opt/airflow/dags/pipeline_dags.py","logger":"airflow.dag_processing.dagbag.BundleDagBag","filename":"dagbag.py","lineno":469}
{"timestamp":"2026-04-12T22:10:21.365204Z","level":"info","event":"Filling up the DagBag from /opt/airflow/dags/pipeline_dags.py","logger":"airflow.dag_processing.dagbag.BundleDagBag","filename":"dagbag.py","lineno":469}
{"timestamp":"2026-04-12T22:10:53.675145Z","level":"info","event":"Filling up the DagBag from /opt/airflow/dags/pipeline_dags.py","logger":"airflow.dag_processing.dagbag.BundleDagBag","filename":"dagbag.py","lineno":469}
{"timestamp":"2026-04-12T22:11:25.339889Z","level":"info","event":"Filling up the DagBag from /opt/airflow/dags/pipeline_dags.py","logger":"airflow.dag_processing.dagbag.BundleDagBag","filename":"dagbag.py","lineno":469}
{"timestamp":"2026-04-12T22:11:57.975528Z","level":"info","event":"Filling up the DagBag from /opt/airflow/dags/pipeline_dags.py","logger":"airflow.dag_processing.dagbag.BundleDagBag","filename":"dagbag.py","lineno":469}
{"timestamp":"2026-04-12T22:12:32.256597Z","level":"info","event":"Filling up the DagBag from /opt/airflow/dags/pipeline_dags.py","logger":"airflow.dag_processing.dagbag.BundleDagBag","filename":"dagbag.py","lineno":469}
{"timestamp":"2026-04-12T22:13:04.939772Z","level":"info","event":"Filling up the DagBag from /opt/airflow/dags/pipeline_dags.py","logger":"airflow.dag_processing.dagbag.BundleDagBag","filename":"dagbag.py","lineno":469}
{"timestamp":"2026-04-12T22:13:37.648823Z","level":"info","event":"Filling up the DagBag from /opt/airflow/dags/pipeline_dags.py","logger":"airflow.dag_processing.dagbag.BundleDagBag","filename":"dagbag.py","lineno":469}
{"timestamp":"2026-04-12T22:14:12.914936Z","level":"info","event":"Filling up the DagBag from /opt/airflow/dags/pipeline_dags.py","logger":"airflow.dag_processing.dagbag.BundleDagBag","filename":"dagbag.py","lineno":469}
{"timestamp":"2026-04-12T22:14:45.743656Z","level":"info","event":"Filling up the DagBag from /opt/airflow/dags/pipeline_dags.py","logger":"airflow.dag_processing.dagbag.BundleDagBag","filename":"dagbag.py","lineno":469}
{"timestamp":"2026-04-12T22:15:18.344165Z","level":"info","event":"Filling up the DagBag from /opt/airflow/dags/pipeline_dags.py","logger":"airflow.dag_processing.dagbag.BundleDagBag","filename":"dagbag.py","lineno":469}
{"timestamp":"2026-04-12T22:15:50.397428Z","level":"info","event":"Filling up the DagBag from /opt/airflow/dags/pipeline_dags.py","logger":"airflow.dag_processing.dagbag.BundleDagBag","filename":"dagbag.py","lineno":469}
{"timestamp":"2026-04-12T22:16:22.640794Z","level":"info","event":"Filling up the DagBag from /opt/airflow/dags/pipeline_dags.py","logger":"airflow.dag_processing.dagbag.BundleDagBag","filename":"dagbag.py","lineno":469}
{"timestamp":"2026-04-12T22:16:55.552571Z","level":"info","event":"Filling up the DagBag from /opt/airflow/dags/pipeline_dags.py","logger":"airflow.dag_processing.dagbag.BundleDagBag","filename":"dagbag.py","lineno":469}
{"timestamp":"2026-04-12T22:22:22.645239Z","level":"info","event":"Filling up the DagBag from /opt/airflow/dags/pipeline_dags.py","logger":"airflow.dag_processing.dagbag.BundleDagBag","filename":"dagbag.py","lineno":469}
{"timestamp":"2026-04-12T22:23:18.326865Z","level":"info","event":"Filling up the DagBag from /opt/airflow/dags/pipeline_dags.py","logger":"airflow.dag_processing.dagbag.BundleDagBag","filename":"dagbag.py","lineno":469}
{"timestamp":"2026-04-12T22:23:52.650487Z","level":"info","event":"Filling up the DagBag from /opt/airflow/dags/pipeline_dags.py","logger":"airflow.dag_processing.dagbag.BundleDagBag","filename":"dagbag.py","lineno":469}
{"timestamp":"2026-04-12T22:24:25.276972Z","level":"info","event":"Filling up the DagBag from /opt/airflow/dags/pipeline_dags.py","logger":"airflow.dag_processing.dagbag.BundleDagBag","filename":"dagbag.py","lineno":469}
{"timestamp":"2026-04-12T22:24:30.723703Z","level":"info","event":"Filling up the DagBag from /opt/airflow/dags/pipeline_dags.py","logger":"airflow.dag_processing.dagbag.BundleDagBag","filename":"dagbag.py","lineno":469}
{"timestamp":"2026-04-12T22:25:07.877983Z","level":"info","event":"Filling up the DagBag from /opt/airflow/dags/pipeline_dags.py","logger":"airflow.dag_processing.dagbag.BundleDagBag","filename":"dagbag.py","lineno":469}
{"timestamp":"2026-04-12T22:25:43.620968Z","level":"info","event":"Filling up the DagBag from /opt/airflow/dags/pipeline_dags.py","logger":"airflow.dag_processing.dagbag.BundleDagBag","filename":"dagbag.py","lineno":469}
{"timestamp":"2026-04-12T22:26:16.362857Z","level":"info","event":"Filling up the DagBag from /opt/airflow/dags/pipeline_dags.py","logger":"airflow.dag_processing.dagbag.BundleDagBag","filename":"dagbag.py","lineno":469}
{"timestamp":"2026-04-12T22:26:48.348860Z","level":"info","event":"Filling up the DagBag from /opt/airflow/dags/pipeline_dags.py","logger":"airflow.dag_processing.dagbag.BundleDagBag","filename":"dagbag.py","lineno":469}
{"timestamp":"2026-04-12T22:27:21.518688Z","level":"info","event":"Filling up the DagBag from /opt/airflow/dags/pipeline_dags.py","logger":"airflow.dag_processing.dagbag.BundleDagBag","filename":"dagbag.py","lineno":469}
{"timestamp":"2026-04-12T22:27:56.371039Z","level":"info","event":"Filling up the DagBag from /opt/airflow/dags/pipeline_dags.py","logger":"airflow.dag_processing.dagbag.BundleDagBag","filename":"dagbag.py","lineno":469}
{"timestamp":"2026-04-12T22:28:28.779623Z","level":"info","event":"Filling up the DagBag from /opt/airflow/dags/pipeline_dags.py","logger":"airflow.dag_processing.dagbag.BundleDagBag","filename":"dagbag.py","lineno":469}
{"timestamp":"2026-04-12T22:29:00.899004Z","level":"info","event":"Filling up the DagBag from /opt/airflow/dags/pipeline_dags.py","logger":"airflow.dag_processing.dagbag.BundleDagBag","filename":"dagbag.py","lineno":469}
{"timestamp":"2026-04-12T22:29:32.772927Z","level":"info","event":"Filling up the DagBag from /opt/airflow/dags/pipeline_dags.py","logger":"airflow.dag_processing.dagbag.BundleDagBag","filename":"dagbag.py","lineno":469}
{"timestamp":"2026-04-12T22:30:04.357990Z","level":"info","event":"Filling up the DagBag from /opt/airflow/dags/pipeline_dags.py","logger":"airflow.dag_processing.dagbag.BundleDagBag","filename":"dagbag.py","lineno":469}
{"timestamp":"2026-04-12T22:30:35.938304Z","level":"info","event":"Filling up the DagBag from /opt/airflow/dags/pipeline_dags.py","logger":"airflow.dag_processing.dagbag.BundleDagBag","filename":"dagbag.py","lineno":469}
{"timestamp":"2026-04-12T22:31:07.387172Z","level":"info","event":"Filling up the DagBag from /opt/airflow/dags/pipeline_dags.py","logger":"airflow.dag_processing.dagbag.BundleDagBag","filename":"dagbag.py","lineno":469}
{"timestamp":"2026-04-12T22:31:40.498727Z","level":"info","event":"Filling up the DagBag from /opt/airflow/dags/pipeline_dags.py","logger":"airflow.dag_processing.dagbag.BundleDagBag","filename":"dagbag.py","lineno":469}
{"timestamp":"2026-04-12T22:32:12.450681Z","level":"info","event":"Filling up the DagBag from /opt/airflow/dags/pipeline_dags.py","logger":"airflow.dag_processing.dagbag.BundleDagBag","filename":"dagbag.py","lineno":469}
{"timestamp":"2026-04-12T22:32:44.146576Z","level":"info","event":"Filling up the DagBag from /opt/airflow/dags/pipeline_dags.py","logger":"airflow.dag_processing.dagbag.BundleDagBag","filename":"dagbag.py","lineno":469}
{"timestamp":"2026-04-12T22:33:17.075461Z","level":"info","event":"Filling up the DagBag from /opt/airflow/dags/pipeline_dags.py","logger":"airflow.dag_processing.dagbag.BundleDagBag","filename":"dagbag.py","lineno":469}
{"timestamp":"2026-04-12T22:33:48.991980Z","level":"info","event":"Filling up the DagBag from /opt/airflow/dags/pipeline_dags.py","logger":"airflow.dag_processing.dagbag.BundleDagBag","filename":"dagbag.py","lineno":469}
{"timestamp":"2026-04-12T22:34:21.519221Z","level":"info","event":"Filling up the DagBag from /opt/airflow/dags/pipeline_dags.py","logger":"airflow.dag_processing.dagbag.BundleDagBag","filename":"dagbag.py","lineno":469}
{"timestamp":"2026-04-12T22:34:53.128988Z","level":"info","event":"Filling up the DagBag from /opt/airflow/dags/pipeline_dags.py","logger":"airflow.dag_processing.dagbag.BundleDagBag","filename":"dagbag.py","lineno":469}
{"timestamp":"2026-04-12T22:35:24.667491Z","level":"info","event":"Filling up the DagBag from /opt/airflow/dags/pipeline_dags.py","logger":"airflow.dag_processing.dagbag.BundleDagBag","filename":"dagbag.py","lineno":469}
{"timestamp":"2026-04-12T22:35:56.449768Z","level":"info","event":"Filling up the DagBag from /opt/airflow/dags/pipeline_dags.py","logger":"airflow.dag_processing.dagbag.BundleDagBag","filename":"dagbag.py","lineno":469}
{"timestamp":"2026-04-12T22:36:29.758204Z","level":"info","event":"Filling up the DagBag from /opt/airflow/dags/pipeline_dags.py","logger":"airflow.dag_processing.dagbag.BundleDagBag","filename":"dagbag.py","lineno":469}
{"timestamp":"2026-04-12T22:37:02.046028Z","level":"info","event":"Filling up the DagBag from /opt/airflow/dags/pipeline_dags.py","logger":"airflow.dag_processing.dagbag.BundleDagBag","filename":"dagbag.py","lineno":469}
{"timestamp":"2026-04-12T22:37:33.736842Z","level":"info","event":"Filling up the DagBag from /opt/airflow/dags/pipeline_dags.py","logger":"airflow.dag_processing.dagbag.BundleDagBag","filename":"dagbag.py","lineno":469}
{"timestamp":"2026-04-12T22:38:05.535545Z","level":"info","event":"Filling up the DagBag from /opt/airflow/dags/pipeline_dags.py","logger":"airflow.dag_processing.dagbag.BundleDagBag","filename":"dagbag.py","lineno":469}
{"timestamp":"2026-04-12T22:38:37.197564Z","level":"info","event":"Filling up the DagBag from /opt/airflow/dags/pipeline_dags.py","logger":"airflow.dag_processing.dagbag.BundleDagBag","filename":"dagbag.py","lineno":469}
{"timestamp":"2026-04-12T22:39:09.074605Z","level":"info","event":"Filling up the DagBag from /opt/airflow/dags/pipeline_dags.py","logger":"airflow.dag_processing.dagbag.BundleDagBag","filename":"dagbag.py","lineno":469}
{"timestamp":"2026-04-12T22:47:24.654484Z","level":"info","event":"Filling up the DagBag from /opt/airflow/dags/pipeline_dags.py","logger":"airflow.dag_processing.dagbag.BundleDagBag","filename":"dagbag.py","lineno":469}
{"timestamp":"2026-04-12T22:48:09.671991Z","level":"info","event":"Filling up the DagBag from /opt/airflow/dags/pipeline_dags.py","logger":"airflow.dag_processing.dagbag.BundleDagBag","filename":"dagbag.py","lineno":469}
{"timestamp":"2026-04-12T22:48:41.667953Z","level":"info","event":"Filling up the DagBag from /opt/airflow/dags/pipeline_dags.py","logger":"airflow.dag_processing.dagbag.BundleDagBag","filename":"dagbag.py","lineno":469}
{"timestamp":"2026-04-12T22:49:15.873024Z","level":"info","event":"Filling up the DagBag from /opt/airflow/dags/pipeline_dags.py","logger":"airflow.dag_processing.dagbag.BundleDagBag","filename":"dagbag.py","lineno":469}
{"timestamp":"2026-04-12T22:49:51.833671Z","level":"info","event":"Filling up the DagBag from /opt/airflow/dags/pipeline_dags.py","logger":"airflow.dag_processing.dagbag.BundleDagBag","filename":"dagbag.py","lineno":469}
{"timestamp":"2026-04-12T22:50:23.958543Z","level":"info","event":"Filling up the DagBag from /opt/airflow/dags/pipeline_dags.py","logger":"airflow.dag_processing.dagbag.BundleDagBag","filename":"dagbag.py","lineno":469}
{"timestamp":"2026-04-12T22:50:55.786868Z","level":"info","event":"Filling up the DagBag from /opt/airflow/dags/pipeline_dags.py","logger":"airflow.dag_processing.dagbag.BundleDagBag","filename":"dagbag.py","lineno":469}
{"timestamp":"2026-04-12T22:51:27.123041Z","level":"info","event":"Filling up the DagBag from /opt/airflow/dags/pipeline_dags.py","logger":"airflow.dag_processing.dagbag.BundleDagBag","filename":"dagbag.py","lineno":469}
{"timestamp":"2026-04-12T22:51:58.785385Z","level":"info","event":"Filling up the DagBag from /opt/airflow/dags/pipeline_dags.py","logger":"airflow.dag_processing.dagbag.BundleDagBag","filename":"dagbag.py","lineno":469}
{"timestamp":"2026-04-12T22:52:32.081151Z","level":"info","event":"Filling up the DagBag from /opt/airflow/dags/pipeline_dags.py","logger":"airflow.dag_processing.dagbag.BundleDagBag","filename":"dagbag.py","lineno":469}
{"timestamp":"2026-04-12T22:53:04.755015Z","level":"info","event":"Filling up the DagBag from /opt/airflow/dags/pipeline_dags.py","logger":"airflow.dag_processing.dagbag.BundleDagBag","filename":"dagbag.py","lineno":469}
{"timestamp":"2026-04-12T22:53:36.679706Z","level":"info","event":"Filling up the DagBag from /opt/airflow/dags/pipeline_dags.py","logger":"airflow.dag_processing.dagbag.BundleDagBag","filename":"dagbag.py","lineno":469}
{"timestamp":"2026-04-12T22:54:08.848076Z","level":"info","event":"Filling up the DagBag from /opt/airflow/dags/pipeline_dags.py","logger":"airflow.dag_processing.dagbag.BundleDagBag","filename":"dagbag.py","lineno":469}
{"timestamp":"2026-04-12T22:54:40.436028Z","level":"info","event":"Filling up the DagBag from /opt/airflow/dags/pipeline_dags.py","logger":"airflow.dag_processing.dagbag.BundleDagBag","filename":"dagbag.py","lineno":469}
{"timestamp":"2026-04-12T23:00:15.377794Z","level":"info","event":"Filling up the DagBag from /opt/airflow/dags/pipeline_dags.py","logger":"airflow.dag_processing.dagbag.BundleDagBag","filename":"dagbag.py","lineno":469}
{"timestamp":"2026-04-12T23:00:57.842096Z","level":"info","event":"Filling up the DagBag from /opt/airflow/dags/pipeline_dags.py","logger":"airflow.dag_processing.dagbag.BundleDagBag","filename":"dagbag.py","lineno":469}
{"timestamp":"2026-04-12T23:01:30.304900Z","level":"info","event":"Filling up the DagBag from /opt/airflow/dags/pipeline_dags.py","logger":"airflow.dag_processing.dagbag.BundleDagBag","filename":"dagbag.py","lineno":469}
{"timestamp":"2026-04-12T23:02:03.342456Z","level":"info","event":"Filling up the DagBag from /opt/airflow/dags/pipeline_dags.py","logger":"airflow.dag_processing.dagbag.BundleDagBag","filename":"dagbag.py","lineno":469}
{"timestamp":"2026-04-12T23:02:40.781924Z","level":"info","event":"Filling up the DagBag from /opt/airflow/dags/pipeline_dags.py","logger":"airflow.dag_processing.dagbag.BundleDagBag","filename":"dagbag.py","lineno":469}
{"timestamp":"2026-04-12T23:03:14.622967Z","level":"info","event":"Filling up the DagBag from /opt/airflow/dags/pipeline_dags.py","logger":"airflow.dag_processing.dagbag.BundleDagBag","filename":"dagbag.py","lineno":469}
{"timestamp":"2026-04-12T23:03:49.695835Z","level":"info","event":"Filling up the DagBag from /opt/airflow/dags/pipeline_dags.py","logger":"airflow.dag_processing.dagbag.BundleDagBag","filename":"dagbag.py","lineno":469}
{"timestamp":"2026-04-12T23:04:22.888701Z","level":"info","event":"Filling up the DagBag from /opt/airflow/dags/pipeline_dags.py","logger":"airflow.dag_processing.dagbag.BundleDagBag","filename":"dagbag.py","lineno":469}
{"timestamp":"2026-04-12T23:04:55.822848Z","level":"info","event":"Filling up the DagBag from /opt/airflow/dags/pipeline_dags.py","logger":"airflow.dag_processing.dagbag.BundleDagBag","filename":"dagbag.py","lineno":469}
{"timestamp":"2026-04-12T23:05:29.352467Z","level":"info","event":"Filling up the DagBag from /opt/airflow/dags/pipeline_dags.py","logger":"airflow.dag_processing.dagbag.BundleDagBag","filename":"dagbag.py","lineno":469}
{"timestamp":"2026-04-12T23:06:00.470311Z","level":"error","event":"Process timed out, PID: 243","logger":"airflow.dag_processing.importers.python_importer","filename":"python_importer.py","lineno":62}
{"timestamp":"2026-04-12T23:06:00.499188Z","level":"error","event":"Failed to import: /opt/airflow/dags/pipeline_dags.py","logger":"airflow.dag_processing.importers.python_importer","filename":"python_importer.py","lineno":244,"error_detail":[{"exc_type":"AirflowTaskTimeout","exc_value":"DagBag import timeout for /opt/airflow/dags/pipeline_dags.py after 30.0s.\nPlease take a look at these docs to improve your DAG import time:\n* https://airflow.apache.org/docs/apache-airflow/3.2.0/best-practices.html#top-level-python-code\n* https://airflow.apache.org/docs/apache-airflow/3.2.0/best-practices.html#reducing-dag-complexity, PID: 243","exc_notes":[],"syntax_error":null,"is_cause":false,"frames":[{"filename":"/home/airflow/.local/lib/python3.13/site-packages/airflow/dag_processing/importers/python_importer.py","lineno":238,"name":"parse"},{"filename":"<frozen importlib._bootstrap_external>","lineno":1023,"name":"exec_module"},{"filename":"<frozen importlib._bootstrap>","lineno":488,"name":"_call_with_frames_removed"},{"filename":"/opt/airflow/dags/pipeline_dags.py","lineno":4,"name":"<module>"},{"filename":"/opt/airflow/data_ingestion/fetch_data.py","lineno":2,"name":"<module>"},{"filename":"/home/airflow/.local/lib/python3.13/site-packages/yfinance/__init__.py","lineno":25,"name":"<module>"},{"filename":"/home/airflow/.local/lib/python3.13/site-packages/yfinance/ticker.py","lineno":28,"name":"<module>"},{"filename":"/home/airflow/.local/lib/python3.13/site-packages/yfinance/base.py","lineno":38,"name":"<module>"},{"filename":"/home/airflow/.local/lib/python3.13/site-packages/yfinance/live.py","lineno":6,"name":"<module>"},{"filename":"/home/airflow/.local/lib/python3.13/site-packages/websockets/sync/client.py","lineno":10,"name":"<module>"},{"filename":"/home/airflow/.local/lib/python3.13/site-packages/websockets/client.py","lineno":10,"name":"<module>"},{"filename":"/home/airflow/.local/lib/python3.13/site-packages/websockets/exceptions.py","lineno":461,"name":"<module>"},{"filename":"<frozen importlib._bootstrap>","lineno":1360,"name":"_find_and_load"},{"filename":"<frozen importlib._bootstrap>","lineno":1331,"name":"_find_and_load_unlocked"},{"filename":"<frozen importlib._bootstrap>","lineno":935,"name":"_load_unlocked"},{"filename":"<frozen importlib._bootstrap_external>","lineno":1019,"name":"exec_module"},{"filename":"<frozen importlib._bootstrap_external>","lineno":1152,"name":"get_code"},{"filename":"<frozen importlib._bootstrap_external>","lineno":781,"name":"_compile_bytecode"},{"filename":"/home/airflow/.local/lib/python3.13/site-packages/airflow/dag_processing/importers/python_importer.py","lineno":65,"name":"handle_timeout"}],"is_group":false,"exceptions":[]}]}
{"timestamp":"2026-04-12T23:06:00.729969Z","level":"error","event":"Error loading DAG from pipeline_dags.py: DagBag import timeout for /opt/airflow/dags/pipeline_dags.py after 30.0s.\nPlease take a look at these docs to improve your DAG import time:\n* https://airflow.apache.org/docs/apache-airflow/3.2.0/best-practices.html#top-level-python-code\n* https://airflow.apache.org/docs/apache-airflow/3.2.0/best-practices.html#reducing-dag-complexity, PID: 243","logger":"airflow.dag_processing.dagbag.BundleDagBag","filename":"dagbag.py","lineno":327}
{"timestamp":"2026-04-12T23:06:31.882653Z","level":"info","event":"Filling up the DagBag from /opt/airflow/dags/pipeline_dags.py","logger":"airflow.dag_processing.dagbag.BundleDagBag","filename":"dagbag.py","lineno":469}
{"timestamp":"2026-04-12T23:07:07.396218Z","level":"info","event":"Filling up the DagBag from /opt/airflow/dags/pipeline_dags.py","logger":"airflow.dag_processing.dagbag.BundleDagBag","filename":"dagbag.py","lineno":469}
{"timestamp":"2026-04-12T23:07:40.115630Z","level":"info","event":"Filling up the DagBag from /opt/airflow/dags/pipeline_dags.py","logger":"airflow.dag_processing.dagbag.BundleDagBag","filename":"dagbag.py","lineno":469}
{"timestamp":"2026-04-12T23:08:12.403460Z","level":"info","event":"Filling up the DagBag from /opt/airflow/dags/pipeline_dags.py","logger":"airflow.dag_processing.dagbag.BundleDagBag","filename":"dagbag.py","lineno":469}
{"timestamp":"2026-04-12T23:08:45.472541Z","level":"info","event":"Filling up the DagBag from /opt/airflow/dags/pipeline_dags.py","logger":"airflow.dag_processing.dagbag.BundleDagBag","filename":"dagbag.py","lineno":469}
{"timestamp":"2026-04-12T23:09:18.070500Z","level":"info","event":"Filling up the DagBag from /opt/airflow/dags/pipeline_dags.py","logger":"airflow.dag_processing.dagbag.BundleDagBag","filename":"dagbag.py","lineno":469}
{"timestamp":"2026-04-12T23:09:50.852298Z","level":"info","event":"Filling up the DagBag from /opt/airflow/dags/pipeline_dags.py","logger":"airflow.dag_processing.dagbag.BundleDagBag","filename":"dagbag.py","lineno":469}
{"timestamp":"2026-04-12T23:10:23.530027Z","level":"info","event":"Filling up the DagBag from /opt/airflow/dags/pipeline_dags.py","logger":"airflow.dag_processing.dagbag.BundleDagBag","filename":"dagbag.py","lineno":469}
{"timestamp":"2026-04-12T23:10:56.734232Z","level":"info","event":"Filling up the DagBag from /opt/airflow/dags/pipeline_dags.py","logger":"airflow.dag_processing.dagbag.BundleDagBag","filename":"dagbag.py","lineno":469}
{"timestamp":"2026-04-12T23:11:30.043712Z","level":"info","event":"Filling up the DagBag from /opt/airflow/dags/pipeline_dags.py","logger":"airflow.dag_processing.dagbag.BundleDagBag","filename":"dagbag.py","lineno":469}
{"timestamp":"2026-04-12T23:12:05.042199Z","level":"info","event":"Filling up the DagBag from /opt/airflow/dags/pipeline_dags.py","logger":"airflow.dag_processing.dagbag.BundleDagBag","filename":"dagbag.py","lineno":469}
{"timestamp":"2026-04-12T23:12:37.432304Z","level":"info","event":"Filling up the DagBag from /opt/airflow/dags/pipeline_dags.py","logger":"airflow.dag_processing.dagbag.BundleDagBag","filename":"dagbag.py","lineno":469}
{"timestamp":"2026-04-12T23:13:09.862493Z","level":"info","event":"Filling up the DagBag from /opt/airflow/dags/pipeline_dags.py","logger":"airflow.dag_processing.dagbag.BundleDagBag","filename":"dagbag.py","lineno":469}
{"timestamp":"2026-04-12T23:13:42.234657Z","level":"info","event":"Filling up the DagBag from /opt/airflow/dags/pipeline_dags.py","logger":"airflow.dag_processing.dagbag.BundleDagBag","filename":"dagbag.py","lineno":469}
{"timestamp":"2026-04-12T23:14:14.510057Z","level":"info","event":"Filling up the DagBag from /opt/airflow/dags/pipeline_dags.py","logger":"airflow.dag_processing.dagbag.BundleDagBag","filename":"dagbag.py","lineno":469}
{"timestamp":"2026-04-12T23:14:48.098736Z","level":"info","event":"Filling up the DagBag from /opt/airflow/dags/pipeline_dags.py","logger":"airflow.dag_processing.dagbag.BundleDagBag","filename":"dagbag.py","lineno":469}
{"timestamp":"2026-04-12T23:15:21.893542Z","level":"info","event":"Filling up the DagBag from /opt/airflow/dags/pipeline_dags.py","logger":"airflow.dag_processing.dagbag.BundleDagBag","filename":"dagbag.py","lineno":469}
{"timestamp":"2026-04-12T23:15:59.830913Z","level":"info","event":"Filling up the DagBag from /opt/airflow/dags/pipeline_dags.py","logger":"airflow.dag_processing.dagbag.BundleDagBag","filename":"dagbag.py","lineno":469}
{"timestamp":"2026-04-12T23:16:35.510264Z","level":"info","event":"Filling up the DagBag from /opt/airflow/dags/pipeline_dags.py","logger":"airflow.dag_processing.dagbag.BundleDagBag","filename":"dagbag.py","lineno":469}
{"timestamp":"2026-04-12T23:17:08.729012Z","level":"info","event":"Filling up the DagBag from /opt/airflow/dags/pipeline_dags.py","logger":"airflow.dag_processing.dagbag.BundleDagBag","filename":"dagbag.py","lineno":469}
{"timestamp":"2026-04-12T23:17:41.247417Z","level":"info","event":"Filling up the DagBag from /opt/airflow/dags/pipeline_dags.py","logger":"airflow.dag_processing.dagbag.BundleDagBag","filename":"dagbag.py","lineno":469}
{"timestamp":"2026-04-12T23:18:14.250705Z","level":"info","event":"Filling up the DagBag from /opt/airflow/dags/pipeline_dags.py","logger":"airflow.dag_processing.dagbag.BundleDagBag","filename":"dagbag.py","lineno":469}
{"timestamp":"2026-04-12T23:18:46.573463Z","level":"info","event":"Filling up the DagBag from /opt/airflow/dags/pipeline_dags.py","logger":"airflow.dag_processing.dagbag.BundleDagBag","filename":"dagbag.py","lineno":469}
{"timestamp":"2026-04-12T23:19:19.162560Z","level":"info","event":"Filling up the DagBag from /opt/airflow/dags/pipeline_dags.py","logger":"airflow.dag_processing.dagbag.BundleDagBag","filename":"dagbag.py","lineno":469}
{"timestamp":"2026-04-12T23:19:52.576354Z","level":"info","event":"Filling up the DagBag from /opt/airflow/dags/pipeline_dags.py","logger":"airflow.dag_processing.dagbag.BundleDagBag","filename":"dagbag.py","lineno":469}
{"timestamp":"2026-04-12T23:20:26.202134Z","level":"info","event":"Filling up the DagBag from /opt/airflow/dags/pipeline_dags.py","logger":"airflow.dag_processing.dagbag.BundleDagBag","filename":"dagbag.py","lineno":469}
{"timestamp":"2026-04-12T23:21:02.420245Z","level":"info","event":"Filling up the DagBag from /opt/airflow/dags/pipeline_dags.py","logger":"airflow.dag_processing.dagbag.BundleDagBag","filename":"dagbag.py","lineno":469}
{"timestamp":"2026-04-12T23:30:35.489902Z","level":"info","event":"Filling up the DagBag from /opt/airflow/dags/pipeline_dags.py","logger":"airflow.dag_processing.dagbag.BundleDagBag","filename":"dagbag.py","lineno":469}
{"timestamp":"2026-04-12T23:30:48.067509Z","level":"info","event":"Filling up the DagBag from /opt/airflow/dags/pipeline_dags.py","logger":"airflow.dag_processing.dagbag.BundleDagBag","filename":"dagbag.py","lineno":469}
{"timestamp":"2026-04-12T23:30:54.236306Z","level":"warning","event":"Callback requested but no callback found","dag_id":"data_pipeline","task_id":"run_dbt","run_id":"manual__2026-04-12T23:20:47.756675+00:00","ti_id":"019d83ff-6be0-736c-bc66-70b667285f74","logger":"task","filename":"processor.py","lineno":383}
{"timestamp":"2026-04-12T23:30:54.245752Z","level":"warning","event":"Callback requested but no callback found","dag_id":"data_pipeline","task_id":"fetch_raw_data__1","run_id":"scheduled__2026-04-12T06:00:00+00:00","ti_id":"019d83ff-bfa3-7a3e-9e29-66cbe5688e98","logger":"task","filename":"processor.py","lineno":383}
{"timestamp":"2026-04-12T23:30:54.246214Z","level":"warning","event":"Callback requested but no callback found","dag_id":"data_pipeline","task_id":"fetch_raw_data","run_id":"scheduled__2026-04-12T06:00:00+00:00","ti_id":"019d83ff-bfa2-743d-8131-427e62f5ccbe","logger":"task","filename":"processor.py","lineno":383}
{"timestamp":"2026-04-12T23:30:54.246533Z","level":"warning","event":"Callback requested but no callback found","dag_id":"data_pipeline","task_id":"run_dbt","run_id":"manual__2026-04-12T23:20:47.756675+00:00","ti_id":"019d83ff-6be0-736c-bc66-70b667285f74","logger":"task","filename":"processor.py","lineno":383}
{"timestamp":"2026-04-12T23:30:54.246863Z","level":"warning","event":"Callback requested but no callback found","dag_id":"data_pipeline","task_id":"fetch_raw_data","run_id":"scheduled__2026-04-12T06:00:00+00:00","ti_id":"019d83ff-bfa2-743d-8131-427e62f5ccbe","logger":"task","filename":"processor.py","lineno":383}
{"timestamp":"2026-04-12T23:30:54.247139Z","level":"warning","event":"Callback requested but no callback found","dag_id":"data_pipeline","task_id":"fetch_raw_data__1","run_id":"scheduled__2026-04-12T06:00:00+00:00","ti_id":"019d83ff-bfa3-7a3e-9e29-66cbe5688e98","logger":"task","filename":"processor.py","lineno":383}
{"timestamp":"2026-04-12T23:30:54.564288Z","level":"info","event":"Filling up the DagBag from /opt/airflow/dags/pipeline_dags.py","logger":"airflow.dag_processing.dagbag.BundleDagBag","filename":"dagbag.py","lineno":469}
{"timestamp":"2026-04-12T23:31:29.704570Z","level":"info","event":"Filling up the DagBag from /opt/airflow/dags/pipeline_dags.py","logger":"airflow.dag_processing.dagbag.BundleDagBag","filename":"dagbag.py","lineno":469}
{"timestamp":"2026-04-12T23:32:03.598412Z","level":"info","event":"Filling up the DagBag from /opt/airflow/dags/pipeline_dags.py","logger":"airflow.dag_processing.dagbag.BundleDagBag","filename":"dagbag.py","lineno":469}
{"timestamp":"2026-04-12T23:32:37.106183Z","level":"info","event":"Filling up the DagBag from /opt/airflow/dags/pipeline_dags.py","logger":"airflow.dag_processing.dagbag.BundleDagBag","filename":"dagbag.py","lineno":469}
{"timestamp":"2026-04-12T23:33:11.175783Z","level":"info","event":"Filling up the DagBag from /opt/airflow/dags/pipeline_dags.py","logger":"airflow.dag_processing.dagbag.BundleDagBag","filename":"dagbag.py","lineno":469}
{"timestamp":"2026-04-12T23:33:45.112121Z","level":"info","event":"Filling up the DagBag from /opt/airflow/dags/pipeline_dags.py","logger":"airflow.dag_processing.dagbag.BundleDagBag","filename":"dagbag.py","lineno":469}
{"timestamp":"2026-04-12T23:34:19.455088Z","level":"info","event":"Filling up the DagBag from /opt/airflow/dags/pipeline_dags.py","logger":"airflow.dag_processing.dagbag.BundleDagBag","filename":"dagbag.py","lineno":469}
{"timestamp":"2026-04-12T23:34:52.349443Z","level":"info","event":"Filling up the DagBag from /opt/airflow/dags/pipeline_dags.py","logger":"airflow.dag_processing.dagbag.BundleDagBag","filename":"dagbag.py","lineno":469}
{"timestamp":"2026-04-12T23:35:24.893732Z","level":"info","event":"Filling up the DagBag from /opt/airflow/dags/pipeline_dags.py","logger":"airflow.dag_processing.dagbag.BundleDagBag","filename":"dagbag.py","lineno":469}
{"timestamp":"2026-04-12T23:35:56.626136Z","level":"info","event":"Filling up the DagBag from /opt/airflow/dags/pipeline_dags.py","logger":"airflow.dag_processing.dagbag.BundleDagBag","filename":"dagbag.py","lineno":469}
{"timestamp":"2026-04-12T23:36:28.270038Z","level":"info","event":"Filling up the DagBag from /opt/airflow/dags/pipeline_dags.py","logger":"airflow.dag_processing.dagbag.BundleDagBag","filename":"dagbag.py","lineno":469}
{"timestamp":"2026-04-12T23:37:00.522286Z","level":"info","event":"Filling up the DagBag from /opt/airflow/dags/pipeline_dags.py","logger":"airflow.dag_processing.dagbag.BundleDagBag","filename":"dagbag.py","lineno":469}
{"timestamp":"2026-04-12T23:37:33.125493Z","level":"info","event":"Filling up the DagBag from /opt/airflow/dags/pipeline_dags.py","logger":"airflow.dag_processing.dagbag.BundleDagBag","filename":"dagbag.py","lineno":469}
{"timestamp":"2026-04-12T23:38:05.045050Z","level":"info","event":"Filling up the DagBag from /opt/airflow/dags/pipeline_dags.py","logger":"airflow.dag_processing.dagbag.BundleDagBag","filename":"dagbag.py","lineno":469}
{"timestamp":"2026-04-12T23:38:36.981639Z","level":"info","event":"Filling up the DagBag from /opt/airflow/dags/pipeline_dags.py","logger":"airflow.dag_processing.dagbag.BundleDagBag","filename":"dagbag.py","lineno":469}
{"timestamp":"2026-04-12T23:39:08.976717Z","level":"info","event":"Filling up the DagBag from /opt/airflow/dags/pipeline_dags.py","logger":"airflow.dag_processing.dagbag.BundleDagBag","filename":"dagbag.py","lineno":469}
{"timestamp":"2026-04-12T23:39:40.862104Z","level":"info","event":"Filling up the DagBag from /opt/airflow/dags/pipeline_dags.py","logger":"airflow.dag_processing.dagbag.BundleDagBag","filename":"dagbag.py","lineno":469}
{"timestamp":"2026-04-12T23:40:12.655787Z","level":"info","event":"Filling up the DagBag from /opt/airflow/dags/pipeline_dags.py","logger":"airflow.dag_processing.dagbag.BundleDagBag","filename":"dagbag.py","lineno":469}
{"timestamp":"2026-04-12T23:40:44.832996Z","level":"info","event":"Filling up the DagBag from /opt/airflow/dags/pipeline_dags.py","logger":"airflow.dag_processing.dagbag.BundleDagBag","filename":"dagbag.py","lineno":469}
{"timestamp":"2026-04-12T23:41:17.416781Z","level":"info","event":"Filling up the DagBag from /opt/airflow/dags/pipeline_dags.py","logger":"airflow.dag_processing.dagbag.BundleDagBag","filename":"dagbag.py","lineno":469}
{"timestamp":"2026-04-12T23:41:49.950845Z","level":"info","event":"Filling up the DagBag from /opt/airflow/dags/pipeline_dags.py","logger":"airflow.dag_processing.dagbag.BundleDagBag","filename":"dagbag.py","lineno":469}
{"timestamp":"2026-04-12T23:42:22.068686Z","level":"info","event":"Filling up the DagBag from /opt/airflow/dags/pipeline_dags.py","logger":"airflow.dag_processing.dagbag.BundleDagBag","filename":"dagbag.py","lineno":469}
{"timestamp":"2026-04-12T23:42:54.166064Z","level":"info","event":"Filling up the DagBag from /opt/airflow/dags/pipeline_dags.py","logger":"airflow.dag_processing.dagbag.BundleDagBag","filename":"dagbag.py","lineno":469}
{"timestamp":"2026-04-12T23:43:26.113413Z","level":"info","event":"Filling up the DagBag from /opt/airflow/dags/pipeline_dags.py","logger":"airflow.dag_processing.dagbag.BundleDagBag","filename":"dagbag.py","lineno":469}
{"timestamp":"2026-04-12T23:43:58.206958Z","level":"info","event":"Filling up the DagBag from /opt/airflow/dags/pipeline_dags.py","logger":"airflow.dag_processing.dagbag.BundleDagBag","filename":"dagbag.py","lineno":469}
{"timestamp":"2026-04-12T23:44:29.673506Z","level":"info","event":"Filling up the DagBag from /opt/airflow/dags/pipeline_dags.py","logger":"airflow.dag_processing.dagbag.BundleDagBag","filename":"dagbag.py","lineno":469}
{"timestamp":"2026-04-12T23:45:01.150757Z","level":"info","event":"Filling up the DagBag from /opt/airflow/dags/pipeline_dags.py","logger":"airflow.dag_processing.dagbag.BundleDagBag","filename":"dagbag.py","lineno":469}
{"timestamp":"2026-04-12T23:45:33.833795Z","level":"info","event":"Filling up the DagBag from /opt/airflow/dags/pipeline_dags.py","logger":"airflow.dag_processing.dagbag.BundleDagBag","filename":"dagbag.py","lineno":469}
{"timestamp":"2026-04-12T23:46:05.961996Z","level":"info","event":"Filling up the DagBag from /opt/airflow/dags/pipeline_dags.py","logger":"airflow.dag_processing.dagbag.BundleDagBag","filename":"dagbag.py","lineno":469}
{"timestamp":"2026-04-12T23:46:37.799339Z","level":"info","event":"Filling up the DagBag from /opt/airflow/dags/pipeline_dags.py","logger":"airflow.dag_processing.dagbag.BundleDagBag","filename":"dagbag.py","lineno":469}
{"timestamp":"2026-04-12T23:47:09.187466Z","level":"info","event":"Filling up the DagBag from /opt/airflow/dags/pipeline_dags.py","logger":"airflow.dag_processing.dagbag.BundleDagBag","filename":"dagbag.py","lineno":469}
{"timestamp":"2026-04-12T23:47:40.675267Z","level":"info","event":"Filling up the DagBag from /opt/airflow/dags/pipeline_dags.py","logger":"airflow.dag_processing.dagbag.BundleDagBag","filename":"dagbag.py","lineno":469}
{"timestamp":"2026-04-12T23:48:12.414382Z","level":"info","event":"Filling up the DagBag from /opt/airflow/dags/pipeline_dags.py","logger":"airflow.dag_processing.dagbag.BundleDagBag","filename":"dagbag.py","lineno":469}
{"timestamp":"2026-04-12T23:48:51.491641Z","level":"info","event":"Filling up the DagBag from /opt/airflow/dags/pipeline_dags.py","logger":"airflow.dag_processing.dagbag.BundleDagBag","filename":"dagbag.py","lineno":469}
{"timestamp":"2026-04-12T23:49:23.776340Z","level":"info","event":"Filling up the DagBag from /opt/airflow/dags/pipeline_dags.py","logger":"airflow.dag_processing.dagbag.BundleDagBag","filename":"dagbag.py","lineno":469}
{"timestamp":"2026-04-12T23:49:56.114092Z","level":"info","event":"Filling up the DagBag from /opt/airflow/dags/pipeline_dags.py","logger":"airflow.dag_processing.dagbag.BundleDagBag","filename":"dagbag.py","lineno":469}
{"timestamp":"2026-04-12T23:50:27.952004Z","level":"info","event":"Filling up the DagBag from /opt/airflow/dags/pipeline_dags.py","logger":"airflow.dag_processing.dagbag.BundleDagBag","filename":"dagbag.py","lineno":469}
{"timestamp":"2026-04-12T23:50:59.745075Z","level":"info","event":"Filling up the DagBag from /opt/airflow/dags/pipeline_dags.py","logger":"airflow.dag_processing.dagbag.BundleDagBag","filename":"dagbag.py","lineno":469}
{"timestamp":"2026-04-12T23:51:31.256199Z","level":"info","event":"Filling up the DagBag from /opt/airflow/dags/pipeline_dags.py","logger":"airflow.dag_processing.dagbag.BundleDagBag","filename":"dagbag.py","lineno":469}
{"timestamp":"2026-04-12T23:52:02.671933Z","level":"info","event":"Filling up the DagBag from /opt/airflow/dags/pipeline_dags.py","logger":"airflow.dag_processing.dagbag.BundleDagBag","filename":"dagbag.py","lineno":469}
{"timestamp":"2026-04-12T23:52:34.143030Z","level":"info","event":"Filling up the DagBag from /opt/airflow/dags/pipeline_dags.py","logger":"airflow.dag_processing.dagbag.BundleDagBag","filename":"dagbag.py","lineno":469}
{"timestamp":"2026-04-12T23:53:05.989542Z","level":"info","event":"Filling up the DagBag from /opt/airflow/dags/pipeline_dags.py","logger":"airflow.dag_processing.dagbag.BundleDagBag","filename":"dagbag.py","lineno":469}
{"timestamp":"2026-04-12T23:53:37.787900Z","level":"info","event":"Filling up the DagBag from /opt/airflow/dags/pipeline_dags.py","logger":"airflow.dag_processing.dagbag.BundleDagBag","filename":"dagbag.py","lineno":469}
{"timestamp":"2026-04-12T23:54:09.760303Z","level":"info","event":"Filling up the DagBag from /opt/airflow/dags/pipeline_dags.py","logger":"airflow.dag_processing.dagbag.BundleDagBag","filename":"dagbag.py","lineno":469}
{"timestamp":"2026-04-12T23:54:41.356448Z","level":"info","event":"Filling up the DagBag from /opt/airflow/dags/pipeline_dags.py","logger":"airflow.dag_processing.dagbag.BundleDagBag","filename":"dagbag.py","lineno":469}
{"timestamp":"2026-04-12T23:55:13.141495Z","level":"info","event":"Filling up the DagBag from /opt/airflow/dags/pipeline_dags.py","logger":"airflow.dag_processing.dagbag.BundleDagBag","filename":"dagbag.py","lineno":469}
{"timestamp":"2026-04-12T23:55:44.440237Z","level":"info","event":"Filling up the DagBag from /opt/airflow/dags/pipeline_dags.py","logger":"airflow.dag_processing.dagbag.BundleDagBag","filename":"dagbag.py","lineno":469}
{"timestamp":"2026-04-12T23:56:15.990391Z","level":"info","event":"Filling up the DagBag from /opt/airflow/dags/pipeline_dags.py","logger":"airflow.dag_processing.dagbag.BundleDagBag","filename":"dagbag.py","lineno":469}
{"timestamp":"2026-04-12T23:56:47.373413Z","level":"info","event":"Filling up the DagBag from /opt/airflow/dags/pipeline_dags.py","logger":"airflow.dag_processing.dagbag.BundleDagBag","filename":"dagbag.py","lineno":469}
{"timestamp":"2026-04-12T23:57:19.316582Z","level":"info","event":"Filling up the DagBag from /opt/airflow/dags/pipeline_dags.py","logger":"airflow.dag_processing.dagbag.BundleDagBag","filename":"dagbag.py","lineno":469}
{"timestamp":"2026-04-12T23:57:51.134580Z","level":"info","event":"Filling up the DagBag from /opt/airflow/dags/pipeline_dags.py","logger":"airflow.dag_processing.dagbag.BundleDagBag","filename":"dagbag.py","lineno":469}
{"timestamp":"2026-04-12T23:58:23.247227Z","level":"info","event":"Filling up the DagBag from /opt/airflow/dags/pipeline_dags.py","logger":"airflow.dag_processing.dagbag.BundleDagBag","filename":"dagbag.py","lineno":469}
{"timestamp":"2026-04-12T23:58:54.772139Z","level":"info","event":"Filling up the DagBag from /opt/airflow/dags/pipeline_dags.py","logger":"airflow.dag_processing.dagbag.BundleDagBag","filename":"dagbag.py","lineno":469}
{"timestamp":"2026-04-12T23:59:26.560230Z","level":"info","event":"Filling up the DagBag from /opt/airflow/dags/pipeline_dags.py","logger":"airflow.dag_processing.dagbag.BundleDagBag","filename":"dagbag.py","lineno":469}
{"timestamp":"2026-04-12T23:59:58.167135Z","level":"info","event":"Filling up the DagBag from /opt/airflow/dags/pipeline_dags.py","logger":"airflow.dag_processing.dagbag.BundleDagBag","filename":"dagbag.py","lineno":469}
